-- ROMData_Generated.lua
-- 自动生成的 ROM 数据文件
-- 请勿手动编辑（由 tools/convert_roms.py 生成）

-- ROM 数据存储
-- 游戏内通过 _G.WowFC_ROM_DATA[filename] 直接读取（见 WowFC.lua:ReadROMFile）
_G.WowFC_ROM_DATA = _G.WowFC_ROM_DATA or {}

-- ROM: Battle Tank (U).nes (65552 bytes)
WowFC_ROM_DATA["Battle Tank (U).nes"] = {
    0x4E, 0x45, 0x53, 0x1A, 0x02, 0x04, 0x30, 0x00, 0x00, 0x00, 0x00, 0x00, 0x00, 0x00, 0x00, 0x00,
    0x4C, 0x68, 0xF5, 0x4C, 0x0B, 0xE0, 0x07, 0x0F, 0x08, 0x18, 0x06, 0x0F, 0x00, 0x10, 0x01, 0x27,
    0x19, 0x25, 0x0F, 0x0C, 0x06, 0x0F, 0x7E, 0x80, 0x8D, 0x80, 0x99, 0x80, 0x9E, 0x80, 0x9E, 0x80,
    0xA3, 0x80, 0xA3, 0x80, 0xA8, 0x80, 0xA8, 0x80, 0xAD, 0x80, 0xB2, 0x80, 0xB7, 0x80, 0xBC, 0x80,
    0xC1, 0x80, 0xCE, 0x80, 0xD6, 0x80, 0xE6, 0x80, 0x03, 0x81, 0x10, 0x81, 0x20, 0x81, 0x36, 0x81,
    0x46, 0x81, 0x53, 0x81, 0x5D, 0x81, 0x69, 0x81, 0x79, 0x81, 0x85, 0x81, 0x8F, 0x81, 0x97, 0x81,
    0xA1, 0x81, 0xAD, 0x81, 0xB7, 0x81, 0xBF, 0x81, 0xC7, 0x81, 0xCF, 0x81, 0xD9, 0x81, 0xE1, 0x81,
    0xE9, 0x81, 0xEE, 0x81, 0xF4, 0x81, 0xFA, 0x81, 0x00, 0x82, 0x05, 0x82, 0x0A, 0x82, 0x0F, 0x82,
    0x0A, 0x82, 0x05, 0x82, 0x14, 0x82, 0x14, 0x82, 0x14, 0x82, 0x14, 0x82, 0x14, 0x82, 0x0B, 0x01,
    0x0B, 0x02, 0x01, 0x02, 0x03, 0x04, 0x05, 0x06, 0x07, 0x08, 0x09, 0x0A, 0x0B, 0x08, 0x01, 0x08,
    0x03, 0x0C, 0x0D, 0x0E, 0x0F, 0x10, 0x11, 0x12, 0x13, 0x01, 0x01, 0x01, 0x03, 0x14, 0x01, 0x01,
    0x01, 0x03, 0x15, 0x01, 0x01, 0x01, 0x03, 0x16, 0x01, 0x01, 0x01, 0x03, 0x17, 0x01, 0x01, 0x01,
    0x03, 0x18, 0x01, 0x01, 0x01, 0x03, 0x19, 0x01, 0x01, 0x01, 0x03, 0x1A, 0x01, 0x01, 0x01, 0x03,
    0x1B, 0x09, 0x01, 0x09, 0x02, 0x4D, 0x4E, 0x4F, 0x50, 0x51, 0x52, 0x53, 0x54, 0x55, 0x02, 0x02,
    0x04, 0x02, 0x56, 0x57, 0x61, 0x62, 0x04, 0x03, 0x0C, 0x02, 0x58, 0x59, 0x5A, 0x5B, 0x63, 0x64,
    0x65, 0x66, 0x6C, 0x6D, 0x6E, 0x6F, 0x05, 0x05, 0x19, 0x02, 0x5C, 0x5D, 0x5E, 0x5F, 0x60, 0x67,
    0x68, 0x69, 0x6A, 0x6B, 0x70, 0x71, 0x72, 0x73, 0x74, 0x75, 0x76, 0x77, 0x78, 0x79, 0x7A, 0x7B,
    0x7C, 0x7D, 0x7E, 0x03, 0x03, 0x09, 0x00, 0x7F, 0x80, 0x81, 0x8B, 0x8C, 0x8D, 0x99, 0x9A, 0x9B,
    0x04, 0x03, 0x0C, 0x00, 0x00, 0x82, 0x83, 0x84, 0x8E, 0x8F, 0x90, 0x91, 0x9C, 0x9D, 0x9E, 0x9F,
    0x06, 0x03, 0x12, 0x00, 0x00, 0x21, 0x22, 0x23, 0x24, 0x25, 0x26, 0x27, 0x28, 0x29, 0x2A, 0x2B,
    0x2C, 0x2D, 0x2E, 0x2F, 0x30, 0x00, 0x04, 0x03, 0x0C, 0x00, 0x00, 0x85, 0x86, 0x87, 0x92, 0x93,
    0x94, 0x95, 0xA0, 0xA1, 0xA2, 0xA3, 0x03, 0x03, 0x09, 0x00, 0x88, 0x89, 0x8A, 0x96, 0x97, 0x98,
    0xA4, 0x9A, 0xA5, 0x03, 0x02, 0x06, 0x00, 0xA6, 0xA7, 0xA8, 0xB4, 0xB5, 0xB6, 0x04, 0x02, 0x08,
    0x00, 0xA9, 0xAA, 0xAB, 0xAC, 0xB7, 0xB8, 0xB9, 0xBA, 0x06, 0x02, 0x0C, 0x00, 0x31, 0x32, 0x33,
    0x34, 0x35, 0x36, 0x37, 0x38, 0x39, 0x3A, 0x3B, 0x00, 0x04, 0x02, 0x08, 0x00, 0xAD, 0xAE, 0xAF,
    0xB0, 0xBB, 0xBC, 0xBD, 0xBE, 0x03, 0x02, 0x06, 0x00, 0xB1, 0xB2, 0xB3, 0xBF, 0xC0, 0xC1, 0x02,
    0x02, 0x04, 0x00, 0xC2, 0xC3, 0xCC, 0xCD, 0x03, 0x02, 0x06, 0x00, 0xC4, 0xC5, 0xC6, 0xCE, 0xCF,
    0xD0, 0x04, 0x02, 0x08, 0x00, 0x3C, 0x3D, 0x3E, 0x3F, 0x40, 0x41, 0x42, 0x43, 0x03, 0x02, 0x06,
    0x00, 0xC7, 0xC8, 0xC9, 0xD1, 0xD2, 0xD3, 0x02, 0x02, 0x04, 0x00, 0xCA, 0xCB, 0xD4, 0xD5, 0x02,
    0x02, 0x04, 0x00, 0xD6, 0xD7, 0xDE, 0xDF, 0x02, 0x02, 0x04, 0x00, 0xD8, 0xD9, 0xE0, 0xE1, 0x03,
    0x02, 0x06, 0x00, 0x44, 0x45, 0x46, 0x47, 0x48, 0x49, 0x02, 0x02, 0x04, 0x00, 0xDA, 0xDB, 0xE2,
    0xE3, 0x02, 0x02, 0x04, 0x00, 0xDC, 0xDD, 0xE4, 0xE5, 0x01, 0x01, 0x01, 0x00, 0xE6, 0x02, 0x01,
    0x02, 0x00, 0xE7, 0xE8, 0x02, 0x01, 0x02, 0x00, 0x4A, 0x4B, 0x02, 0x01, 0x02, 0x00, 0xE9, 0xEA,
    0x01, 0x01, 0x01, 0x00, 0xEB, 0x01, 0x01, 0x01, 0x00, 0xEC, 0x01, 0x01, 0x01, 0x00, 0xED, 0x01,
    0x01, 0x01, 0x00, 0x4C, 0x01, 0x01, 0x01, 0x00, 0x10, 0x7E, 0x80, 0x8D, 0x80, 0x99, 0x80, 0x9E,
    0x80, 0x9E, 0x80, 0xA3, 0x80, 0xA3, 0x80, 0xA8, 0x80, 0xA8, 0x80, 0xAD, 0x80, 0xB2, 0x80, 0xB7,
    0x80, 0xBC, 0x80, 0x6F, 0x82, 0x7C, 0x82, 0x84, 0x82, 0x94, 0x82, 0xB1, 0x82, 0xB6, 0x82, 0xBC,
    0x82, 0xC6, 0x82, 0xD0, 0x82, 0xD5, 0x82, 0xDB, 0x82, 0xE5, 0x82, 0xEF, 0x82, 0xF4, 0x82, 0xF9,
    0x82, 0xFF, 0x82, 0x09, 0x83, 0x16, 0x83, 0x23, 0x83, 0x2F, 0x83, 0x34, 0x83, 0x3A, 0x83, 0x41,
    0x83, 0x4D, 0x83, 0x56, 0x83, 0x64, 0x83, 0x77, 0x83, 0x7C, 0x83, 0x84, 0x83, 0x91, 0x83, 0x09,
    0x01, 0x09, 0x02, 0x1C, 0x1D, 0x1E, 0x1F, 0x20, 0x21, 0x22, 0x23, 0x24, 0x02, 0x02, 0x04, 0x02,
    0x25, 0x26, 0x30, 0x31, 0x04, 0x03, 0x0C, 0x02, 0x27, 0x28, 0x29, 0x2A, 0x32, 0x33, 0x34, 0x35,
    0x3B, 0x3C, 0x3D, 0x3E, 0x05, 0x05, 0x19, 0x02, 0x2B, 0x2C, 0x2D, 0x2E, 0x2F, 0x36, 0x37, 0x38,
    0x39, 0x3A, 0x3F, 0x40, 0x41, 0x42, 0x43, 0x44, 0x45, 0x46, 0x47, 0x48, 0x49, 0x4A, 0x4B, 0x4C,
    0x4D, 0x01, 0x01, 0x01, 0x00, 0x4E, 0x02, 0x01, 0x02, 0x00, 0x4F, 0x50, 0x03, 0x02, 0x06, 0x00,
    0x51, 0x52, 0x53, 0x60, 0x61, 0x62, 0x03, 0x02, 0x06, 0x00, 0x54, 0x55, 0x56, 0x63, 0x64, 0x65,
    0x01, 0x01, 0x01, 0x00, 0x57, 0x02, 0x01, 0x02, 0x00, 0x58, 0x59, 0x03, 0x02, 0x06, 0x00, 0x5A,
    0x5B, 0x5C, 0x66, 0x67, 0x68, 0x03, 0x02, 0x06, 0x00, 0x5D, 0x5E, 0x5F, 0x69, 0x6A, 0x6B, 0x01,
    0x01, 0x01, 0x00, 0x6C, 0x01, 0x01, 0x01, 0x00, 0x6D, 0x01, 0x02, 0x02, 0x00, 0x6E, 0x73, 0x02,
    0x03, 0x06, 0x00, 0x6F, 0x70, 0x74, 0x75, 0x80, 0x81, 0x03, 0x03, 0x09, 0x00, 0x00, 0x71, 0x00,
    0x76, 0x77, 0x78, 0x82, 0x83, 0x84, 0x03, 0x03, 0x09, 0x00, 0x00, 0x72, 0x00, 0x79, 0x7A, 0x7B,
    0x85, 0x86, 0x00, 0x04, 0x02, 0x08, 0x00, 0x7C, 0x7D, 0x7E, 0x7F, 0x87, 0x88, 0x89, 0x8A, 0x01,
    0x01, 0x01, 0x01, 0x8B, 0x02, 0x01, 0x02, 0x01, 0x8C, 0x8D, 0x03, 0x01, 0x03, 0x01, 0x8E, 0x8F,
    0x90, 0x04, 0x02, 0x08, 0x01, 0x91, 0x92, 0x93, 0x94, 0xA4, 0xA5, 0xA6, 0xA7, 0x05, 0x01, 0x05,
    0x01, 0x95, 0x96, 0x97, 0x98, 0x99, 0x05, 0x02, 0x0A, 0x01, 0x9A, 0x9B, 0x9C, 0x9D, 0x9E, 0xA8,
    0xA9, 0xAA, 0xAB, 0xAC, 0x05, 0x03, 0x0F, 0x01, 0x9F, 0xA0, 0xA1, 0xA2, 0xA3, 0xAD, 0xAE, 0xAF,
    0xB0, 0xB1, 0xB2, 0xB3, 0xB4, 0xB5, 0x00, 0x01, 0x01, 0x01, 0x00, 0xB6, 0x02, 0x02, 0x04, 0x00,
    0xB7, 0xB8, 0xBD, 0xBE, 0x03, 0x03, 0x09, 0x00, 0xB9, 0xBA, 0x00, 0xBF, 0xC0, 0x00, 0xC4, 0xC5,
    0xC6, 0x03, 0x04, 0x0C, 0x00, 0x00, 0xBB, 0xBC, 0xC1, 0xC2, 0xC3, 0xC7, 0xC8, 0xC9, 0xCA, 0xCB,
    0xCC, 0x10, 0x40, 0xCA, 0x20, 0x0F, 0xFF, 0x01, 0x08, 0x3F, 0x00, 0x00, 0x00, 0x00, 0x00, 0x00,
    0x00, 0x80, 0x80, 0xC0, 0x40, 0x40, 0x02, 0x03, 0x04, 0x03, 0x02, 0x03, 0x04, 0x03, 0x58, 0x68,
    0x78, 0x88, 0x98, 0xA8, 0xB8, 0xC8, 0xAD, 0x9D, 0x8D, 0x7D, 0x6D, 0x5D, 0x4D, 0x3D, 0x00, 0x02,
    0x04, 0x06, 0x08, 0x09, 0x0A, 0x0C, 0x0E, 0x10, 0x0F, 0x09, 0x00, 0x29, 0x0F, 0x11, 0x29, 0x21,
    0x0F, 0x07, 0x37, 0x29, 0x0F, 0x0F, 0x05, 0x14, 0x22, 0x22, 0x22, 0x22, 0x22, 0x22, 0x21, 0x21,
    0x21, 0x21, 0x21, 0x21, 0x21, 0x21, 0x20, 0x20, 0xAB, 0x8B, 0x6B, 0x4B, 0x2B, 0x0B, 0xEB, 0xCB,
    0xAB, 0x8B, 0x6B, 0x4B, 0x2B, 0x0B, 0xEB, 0xCB, 0x10, 0x46, 0x3D, 0x35, 0x27, 0x1F, 0x17, 0x2C,
    0x42, 0x52, 0x49, 0x44, 0x47, 0x45, 0x2E, 0x56, 0x45, 0x53, 0x53, 0x45, 0x4C, 0x53, 0x2E, 0x56,
    0x49, 0x4C, 0x4C, 0x41, 0x47, 0x45, 0x2E, 0x43, 0x41, 0x4D, 0x50, 0x2E, 0x52, 0x41, 0x49, 0x4C,
    0x52, 0x4F, 0x41, 0x44, 0x2E, 0x52, 0x45, 0x41, 0x43, 0x54, 0x4F, 0x52, 0x2E, 0x52, 0x45, 0x46,
    0x49, 0x4E, 0x45, 0x52, 0x59, 0x2E, 0x42, 0x41, 0x53, 0x45, 0x2E, 0x20, 0x20, 0x20, 0x20, 0x20,
    0x4D, 0x49, 0x53, 0x53, 0x49, 0x4F, 0x4E, 0x20, 0x2A, 0x20, 0x20, 0x20, 0x3C, 0x3C, 0x46, 0x52,
    0x4F, 0x4D, 0x2D, 0x20, 0x4E, 0x41, 0x54, 0x4F, 0x20, 0x43, 0x4F, 0x4D, 0x4D, 0x41, 0x4E, 0x44,
    0x3C, 0x54, 0x4F, 0x2D, 0x20, 0x4D, 0x31, 0x20, 0x4E, 0x41, 0x54, 0x4F, 0x20, 0x46, 0x4F, 0x52,
    0x43, 0x45, 0x53, 0x3C, 0x25, 0x3C, 0x3D, 0x24, 0x41, 0x54, 0x54, 0x41, 0x43, 0x4B, 0x20, 0x41,
    0x4E, 0x44, 0x20, 0x44, 0x45, 0x53, 0x54, 0x52, 0x4F, 0x59, 0x3C, 0x45, 0x4E, 0x45, 0x4D, 0x59,
    0x20, 0x52, 0x45, 0x53, 0x49, 0x53, 0x54, 0x41, 0x4E, 0x43, 0x45, 0x2E, 0x3C, 0x3C, 0x24, 0x21,
    0x44, 0x45, 0x53, 0x54, 0x52, 0x4F, 0x59, 0x20, 0x26, 0x20, 0x45, 0x4E, 0x45, 0x4D, 0x59, 0x3C,
    0x46, 0x55, 0x45, 0x4C, 0x20, 0x54, 0x41, 0x4E, 0x4B, 0x5E, 0x2E, 0x3C, 0x24, 0x25, 0x44, 0x45,
    0x53, 0x54, 0x52, 0x4F, 0x59, 0x20, 0x3F, 0x20, 0x45, 0x4E, 0x45, 0x4D, 0x59, 0x3C, 0x50, 0x4F,
    0x57, 0x45, 0x52, 0x20, 0x50, 0x4C, 0x41, 0x4E, 0x54, 0x5E, 0x2E, 0x3C, 0x24, 0x25, 0x44, 0x45,
    0x53, 0x54, 0x52, 0x4F, 0x59, 0x20, 0x26, 0x20, 0x45, 0x4E, 0x45, 0x4D, 0x59, 0x3C, 0x46, 0x55,
    0x45, 0x4C, 0x20, 0x54, 0x41, 0x4E, 0x4B, 0x5E, 0x20, 0x41, 0x4E, 0x44, 0x3C, 0x3F, 0x20, 0x45,
    0x4E, 0x45, 0x4D, 0x59, 0x20, 0x50, 0x4F, 0x57, 0x45, 0x52, 0x3C, 0x50, 0x4C, 0x41, 0x4E, 0x54,
    0x5E, 0x2E, 0x3C, 0x24, 0x25, 0x3C, 0x4D, 0x41, 0x50, 0x20, 0x44, 0x41, 0x54, 0x41, 0x20, 0x54,
    0x4F, 0x20, 0x46, 0x4F, 0x4C, 0x4C, 0x4F, 0x57, 0x3C, 0x4F, 0x4E, 0x20, 0x4C, 0x4F, 0x43, 0x41,
    0x54, 0x49, 0x4F, 0x4E, 0x20, 0x4F, 0x46, 0x3C, 0x45, 0x4E, 0x45, 0x4D, 0x59, 0x20, 0x2B, 0x3C,
    0x24, 0x3C, 0x47, 0x4F, 0x4F, 0x44, 0x20, 0x4C, 0x55, 0x43, 0x4B, 0x2E, 0x3C, 0x24, 0x24, 0x40,
    0x25, 0x00, 0x81, 0x00, 0x82, 0x00, 0x82, 0x00, 0x82, 0x82, 0x82, 0x00, 0x00, 0x81, 0x00, 0x82,
    0x81, 0x83, 0x82, 0x83, 0x83, 0x9F, 0xB4, 0xC9, 0xDE, 0xFC, 0xFC, 0xFC, 0xFC, 0x4B, 0x84, 0x85,
    0x84, 0x25, 0x85, 0x07, 0x0F, 0x08, 0x18, 0x06, 0x0F, 0x00, 0x10, 0x01, 0x27, 0x19, 0x25, 0x0F,
    0x0C, 0x06, 0x0F, 0x9B, 0x85, 0xD0, 0x85, 0xDC, 0x85, 0xE8, 0x85, 0x07, 0x07, 0x31, 0x00, 0x00,
    0x00, 0xD3, 0xD4, 0x00, 0x00, 0x00, 0x00, 0xD5, 0xD6, 0xD7, 0xD8, 0x00, 0x00, 0x00, 0xD9, 0xDA,
    0xDB, 0xDC, 0x00, 0x00, 0x00, 0xDD, 0xDE, 0xDF, 0x9F, 0x00, 0x00, 0xE0, 0xE1, 0xE2, 0xE3, 0xE4,
    0xE5, 0x00, 0xE6, 0xE7, 0xE8, 0xE9, 0xEA, 0xEB, 0x00, 0xEC, 0xED, 0xEE, 0xEF, 0xF0, 0xF1, 0xF2,
    0x02, 0x04, 0x08, 0x01, 0xF3, 0xF4, 0xF5, 0xF6, 0xFB, 0xFC, 0xFD, 0xFE, 0x02, 0x04, 0x08, 0x01,
    0xF3, 0xF4, 0xF7, 0xF8, 0xFB, 0xFC, 0xFD, 0xFE, 0x02, 0x04, 0x08, 0x01, 0xF3, 0xF4, 0xF9, 0xFA,
    0xFB, 0xFC, 0xFD, 0xFE, 0x20, 0x79, 0xBE, 0x20, 0x58, 0xF6, 0xA5, 0x49, 0xAE, 0x61, 0x06, 0x10,
    0x10, 0xE0, 0x83, 0xD0, 0x06, 0x29, 0xAF, 0x85, 0x49, 0xB0, 0x04, 0x29, 0x2C, 0x09, 0x01, 0x85,
    0x49, 0xAD, 0x78, 0x06, 0xF0, 0x7B, 0xC9, 0xFF, 0xD0, 0x2B, 0xA2, 0x02, 0xBD, 0x11, 0x03, 0x9D,
    0x6A, 0x06, 0xBD, 0x15, 0x03, 0x9D, 0x6D, 0x06, 0xBD, 0x05, 0x03, 0x9D, 0x70, 0x06, 0xBD, 0x0D,
    0x03, 0x9D, 0x73, 0x06, 0xCA, 0x10, 0xE5, 0xAD, 0x1E, 0x03, 0x8D, 0x76, 0x06, 0xA5, 0x8B, 0x8D,
    0x77, 0x06, 0x4C, 0x8E, 0x86, 0xC9, 0xFE, 0xD0, 0x4B, 0xA5, 0xB6, 0x29, 0x03, 0xD0, 0x42, 0x85,
    0x7C, 0xA2, 0x02, 0xBD, 0x11, 0x03, 0x20, 0x8E, 0x91, 0x9D, 0x11, 0x03, 0xBD, 0x15, 0x03, 0x20,
    0x8E, 0x91, 0x9D, 0x15, 0x03, 0xBD, 0x05, 0x03, 0x20, 0x8E, 0x91, 0x9D, 0x05, 0x03, 0xBD, 0x0D,
    0x03, 0x20, 0x8E, 0x91, 0x9D, 0x0D, 0x03, 0xCA, 0x10, 0xD9, 0xAD, 0x1E, 0x03, 0x20, 0x8E, 0x91,
    0x8D, 0x1E, 0x03, 0xA5, 0x8B, 0x20, 0x8E, 0x91, 0x85, 0x8B, 0xA5, 0x7C, 0xD0, 0x03, 0xCE, 0x78,
    0x06, 0x4C, 0x86, 0x87, 0xC9, 0xFD, 0xD0, 0x28, 0xA2, 0x02, 0xA9, 0x20, 0x9D, 0x11, 0x03, 0x9D,
    0x15, 0x03, 0x9D, 0x05, 0x03, 0x9D, 0x0D, 0x03, 0xCA, 0x10, 0xF1, 0x8D, 0x1E, 0x03, 0x85, 0x8B,
    0xA9, 0x10, 0x8D, 0x1D, 0x03, 0xA9, 0x00, 0x8D, 0xEC, 0x04, 0x85, 0x6C, 0x85, 0x6D, 0xF0, 0xCE,
    0xC9, 0x10, 0x90, 0x07, 0xA5, 0xB6, 0x4A, 0xB0, 0xC8, 0x90, 0xC3, 0xC9, 0x0F, 0xD0, 0x48, 0xA2,
    0x02, 0xBD, 0x6A, 0x06, 0x29, 0x0F, 0x09, 0x20, 0x9D, 0x11, 0x03, 0xBD, 0x6D, 0x06, 0x29, 0x0F,
    0x09, 0x20, 0x9D, 0x15, 0x03, 0xBD, 0x70, 0x06, 0x29, 0x0F, 0x09, 0x20, 0x9D, 0x05, 0x03, 0xBD,
    0x73, 0x06, 0x29, 0x0F, 0x09, 0x20, 0x9D, 0x0D, 0x03, 0xCA, 0x10, 0xD5, 0xAD, 0x76, 0x06, 0x29,
    0x0F, 0x09, 0x20, 0x8D, 0x1E, 0x03, 0xAD, 0x77, 0x06, 0x29, 0x0F, 0x09, 0x20, 0x85, 0x8B, 0xA9,
    0x30, 0x8D, 0x1D, 0x03, 0x4C, 0x8E, 0x86, 0xC9, 0x0E, 0xD0, 0x66, 0xA5, 0xB6, 0x29, 0x07, 0xD0,
    0x65, 0x85, 0x7C, 0xA2, 0x02, 0xBD, 0x6A, 0x06, 0x85, 0x7D, 0xBD, 0x11, 0x03, 0x20, 0x79, 0x91,
    0x9D, 0x11, 0x03, 0xBD, 0x6D, 0x06, 0x85, 0x7D, 0xBD, 0x15, 0x03, 0x20, 0x79, 0x91, 0x9D, 0x15,
    0x03, 0xBD, 0x70, 0x06, 0x85, 0x7D, 0xBD, 0x05, 0x03, 0x20, 0x79, 0x91, 0x9D, 0x05, 0x03, 0xBD,
    0x73, 0x06, 0x85, 0x7D, 0xBD, 0x0D, 0x03, 0x20, 0x79, 0x91, 0x9D, 0x0D, 0x03, 0xCA, 0x10, 0xC5,
    0xAD, 0x76, 0x06, 0x85, 0x7D, 0xAD, 0x1E, 0x03, 0x20, 0x79, 0x91, 0x8D, 0x1E, 0x03, 0xAD, 0x77,
    0x06, 0x85, 0x7D, 0xA5, 0x8B, 0x20, 0x79, 0x91, 0x85, 0x8B, 0xA5, 0x7C, 0xD0, 0x08, 0x4C, 0x8E,
    0x86, 0xA9, 0x00, 0x8D, 0x78, 0x06, 0x2C, 0x94, 0x06, 0x10, 0x06, 0x4E, 0x94, 0x06, 0x20, 0x82,
    0xB5, 0x24, 0x33, 0x30, 0x2B, 0xA5, 0x50, 0xD0, 0x27, 0xEE, 0x65, 0x06, 0xAD, 0x65, 0x06, 0x4A,
    0xB0, 0x1E, 0xAD, 0x63, 0x06, 0xC9, 0x48, 0x66, 0x7C, 0x18, 0xE5, 0x8E, 0xB0, 0x02, 0xA9, 0x00,
    0x8D, 0x63, 0x06, 0xC9, 0x48, 0xB0, 0x09, 0x24, 0x7C, 0x10, 0x05, 0xA9, 0xA0, 0x8D, 0x75, 0x05,
    0x24, 0x33, 0x10, 0x06, 0xA5, 0x49, 0x29, 0xC0, 0x85, 0x49, 0xE6, 0xB6, 0xA5, 0xB6, 0x29, 0x07,
    0x85, 0xB6, 0xA4, 0x4F, 0xB9, 0xE9, 0x91, 0x10, 0x12, 0xAD, 0xB4, 0x05, 0xD0, 0x19, 0xAD, 0x85,
    0x06, 0xEE, 0x85, 0x06, 0xC9, 0x80, 0xD0, 0x25, 0x4C, 0x53, 0x88, 0xAE, 0x61, 0x06, 0xE0, 0x83,
    0xD0, 0x05, 0xAD, 0x9B, 0x06, 0x10, 0xF1, 0xAD, 0x63, 0x06, 0xD0, 0x0B, 0xE0, 0x83, 0xD0, 0x44,
    0xAD, 0xBD, 0x06, 0xD0, 0x08, 0xF0, 0x3D, 0xA5, 0xA2, 0xC9, 0x06, 0xB0, 0x03, 0x4C, 0x6B, 0x88,
    0x2C, 0xD5, 0x03, 0x30, 0xF8, 0xA2, 0x00, 0x8E, 0x10, 0x05, 0xCA, 0x86, 0x34, 0xA2, 0x3C, 0x20,
    0x79, 0xBE, 0x20, 0x79, 0xBE, 0x20, 0xA4, 0xA2, 0x29, 0x03, 0xA8, 0x8A, 0x29, 0x0F, 0xD0, 0x04,
    0x38, 0x20, 0xAA, 0xAF, 0xB9, 0xE3, 0xA2, 0xA0, 0x1F, 0x99, 0x00, 0x03, 0x88, 0x10, 0xFA, 0x85,
    0x8B, 0xCA, 0xD0, 0xDB, 0x38, 0x6E, 0xD5, 0x03, 0x20, 0x71, 0xBD, 0xA9, 0x00, 0x8D, 0x61, 0x06,
    0x4E, 0x9B, 0x06, 0xA9, 0x8C, 0x85, 0x3B, 0xA9, 0xFE, 0x85, 0x3C, 0xA5, 0x18, 0x09, 0x01, 0x85,
    0x18, 0xA9, 0x00, 0x85, 0xF3, 0x8D, 0x60, 0x06, 0x4C, 0x61, 0x8B, 0xAD, 0xFE, 0x05, 0x4A, 0x4A,
    0xAA, 0xAD, 0x4F, 0x06, 0xF0, 0x05, 0xCE, 0x4F, 0x06, 0xA9, 0x01, 0x18, 0x7D, 0x2B, 0xF5, 0x85,
    0x7C, 0xBD, 0x2E, 0xF5, 0x69, 0x00, 0x85, 0x7D, 0xA6, 0x1A, 0xA9, 0x61, 0x9D, 0x00, 0x02, 0xE8,
    0xA9, 0xAF, 0x9D, 0x00, 0x02, 0xE8, 0xA9, 0x03, 0x9D, 0x00, 0x02, 0xE8, 0xA0, 0x02, 0xB1, 0x7C,
    0x9D, 0x00, 0x02, 0xE8, 0x88, 0x10, 0xF7, 0xA9, 0x61, 0x9D, 0x00, 0x02, 0xE8, 0xA9, 0xB0, 0x9D,
    0x00, 0x02, 0xE8, 0xA9, 0x03, 0x9D, 0x00, 0x02, 0xE8, 0xA0, 0x06, 0xB1, 0x7C, 0x9D, 0x00, 0x02,
    0xE8, 0x88, 0xC0, 0x04, 0xB0, 0xF5, 0x86, 0x1A, 0xA5, 0xB6, 0xC9, 0x06, 0x90, 0x05, 0xD0, 0x06,
    0x20, 0x16, 0x93, 0x4C, 0x89, 0x89, 0xA9, 0x1A, 0x85, 0x9F, 0xA5, 0x9D, 0x85, 0x7C, 0xA5, 0x9E,
    0x4A, 0x66, 0x7C, 0x4A, 0x66, 0x7C, 0x4A, 0x66, 0x7C, 0xA9, 0xF9, 0x85, 0x7D, 0xA5, 0x7D, 0xC9,
    0x01, 0xA5, 0x7C, 0xB0, 0x06, 0xC9, 0xFC, 0x90, 0x02, 0x69, 0x03, 0x18, 0x65, 0x7D, 0xAA, 0x24,
    0x7D, 0x10, 0x0A, 0xBD, 0x68, 0x9D, 0x29, 0x07, 0x18, 0x69, 0xFD, 0x85, 0xA0, 0xBD, 0x68, 0x9D,
    0x4A, 0x4A, 0x4A, 0xE0, 0xE0, 0x90, 0x02, 0x69, 0x15, 0x24, 0xA0, 0x10, 0x04, 0xA9, 0x03, 0xD0,
    0x1F, 0x20, 0x81, 0x95, 0xA5, 0xA0, 0x38, 0xE9, 0x03, 0x85, 0xA0, 0xA9, 0x2E, 0x20, 0xC2, 0x95,
    0xBD, 0x68, 0x9D, 0xC9, 0x50, 0xA9, 0x02, 0xB0, 0x07, 0xA9, 0x2E, 0x20, 0xC2, 0x95, 0xA9, 0x01,
    0x18, 0x65, 0xA0, 0x85, 0xA0, 0xA9, 0x08, 0x20, 0xC2, 0x95, 0xA9, 0x2E, 0x20, 0xC2, 0x95, 0xA5,
    0x7D, 0x18, 0x69, 0x07, 0x85, 0x7D, 0xC9, 0x08, 0x90, 0x93, 0xA2, 0x03, 0xA9, 0x07, 0x20, 0x47,
    0x93, 0xA4, 0x1A, 0xA9, 0x22, 0x99, 0x00, 0x02, 0xC8, 0xA9, 0xAE, 0x99, 0x00, 0x02, 0xC8, 0xA9,
    0x01, 0x99, 0x00, 0x02, 0xC8, 0xA5, 0x9D, 0x18, 0x69, 0x80, 0xA5, 0x9E, 0x69, 0x00, 0x29, 0x07,
    0x18, 0x69, 0x34, 0x99, 0x00, 0x02, 0xC8, 0x84, 0x1A, 0x20, 0xCD, 0x90, 0xA5, 0xB6, 0xC9, 0x04,
    0x90, 0x19, 0xD0, 0x14, 0xA9, 0x03, 0x85, 0x9F, 0xA5, 0x4F, 0x18, 0x69, 0x01, 0x20, 0x6E, 0x90,
    0xE6, 0x9F, 0xAD, 0xB4, 0x05, 0x20, 0x6E, 0x90, 0x4C, 0x6F, 0x8A, 0xC9, 0x03, 0xD0, 0x03, 0x4C,
    0x39, 0x8A, 0xC9, 0x02, 0x90, 0xF9, 0xA6, 0x8A, 0x8A, 0xF0, 0x06, 0xBD, 0x6D, 0x04, 0x18, 0x69,
    0x01, 0xA8, 0xB9, 0xD2, 0x92, 0x85, 0x7C, 0xB9, 0xDF, 0x92, 0x85, 0x7D, 0xA6, 0x1A, 0xA9, 0x20,
    0x9D, 0x00, 0x02, 0xE8, 0xA9, 0x4F, 0x9D, 0x00, 0x02, 0xE8, 0xA9, 0x07, 0x9D, 0x00, 0x02, 0xE8,
    0xA0, 0x06, 0xB1, 0x7C, 0x20, 0x1D, 0x99, 0x9D, 0x00, 0x02, 0xE8, 0x88, 0x10, 0xF4, 0x86, 0x1A,
    0xA9, 0x03, 0x85, 0x9F, 0xA9, 0x12, 0x85, 0xA0, 0xA5, 0x8A, 0xD0, 0x0E, 0xA9, 0x02, 0x20, 0xC2,
    0x95, 0x20, 0xC2, 0x95, 0x20, 0xC2, 0x95, 0x4C, 0x15, 0x8A, 0xAD, 0x64, 0x06, 0x49, 0xFF, 0x4A,
    0xF0, 0xEA, 0x20, 0x81, 0x95, 0xA9, 0x08, 0x20, 0xC2, 0x95, 0xA2, 0x12, 0xA9, 0x04, 0x20, 0x47,
    0x93, 0xA9, 0x04, 0x85, 0x9F, 0xA9, 0x12, 0x85, 0xA0, 0xAD, 0xFE, 0x05, 0x20, 0x81, 0x95, 0xA9,
    0x02, 0xA2, 0x13, 0x20, 0x47, 0x93, 0x4C, 0x6F, 0x8A, 0xAD, 0x75, 0x05, 0xF0, 0x2E, 0x30, 0x1D,
    0xC9, 0x1F, 0x90, 0x0A, 0xA5, 0xB6, 0x29, 0x07, 0xD0, 0x04, 0x18, 0x20, 0xE2, 0xAF, 0xCE, 0x75,
    0x05, 0xD0, 0x19, 0x20, 0xA1, 0x94, 0xA0, 0x00, 0x8C, 0x76, 0x05, 0xF0, 0x12, 0x29, 0x7F, 0x8D,
    0x76, 0x05, 0x20, 0xA4, 0x94, 0xA9, 0x3F, 0x8D, 0x75, 0x05, 0xD0, 0x03, 0x20, 0xF0, 0x98, 0xAD,
    0x66, 0x06, 0x4A, 0x90, 0x15, 0xAD, 0x66, 0x06, 0x29, 0xFE, 0x8D, 0x66, 0x06, 0xA0, 0x13, 0xB9,
    0xEA, 0x03, 0x49, 0x80, 0x99, 0xEA, 0x03, 0x88, 0x10, 0xF5, 0xAD, 0x72, 0x04, 0xC9, 0x04, 0xD0,
    0x05, 0xAD, 0x4C, 0x05, 0xD0, 0x03, 0x4C, 0x1A, 0x8B, 0xAE, 0x49, 0x05, 0x46, 0x7E, 0xB5, 0x5E,
    0x85, 0xBA, 0xA5, 0x62, 0x38, 0x20, 0x56, 0xA2, 0x85, 0x7C, 0xB5, 0x5F, 0x85, 0xBA, 0xA5, 0x63,
    0x20, 0x56, 0xA2, 0x20, 0x7C, 0x98, 0x8C, 0x44, 0x04, 0x8D, 0x45, 0x04, 0xA5, 0x7E, 0x29, 0x80,
    0x0D, 0x45, 0x04, 0x8D, 0x45, 0x04, 0x46, 0x7E, 0xB5, 0x68, 0x85, 0xBA, 0xA5, 0x6C, 0x38, 0x20,
    0x56, 0xA2, 0x85, 0x7C, 0xB5, 0x69, 0x85, 0xBA, 0xA5, 0x6D, 0x20, 0x56, 0xA2, 0x20, 0x7C, 0x98,
    0x8C, 0x50, 0x04, 0x8D, 0x51, 0x04, 0xA5, 0x7E, 0x29, 0x80, 0x0D, 0x51, 0x04, 0x8D, 0x51, 0x04,
    0x46, 0x7E, 0xB5, 0x72, 0x85, 0xBA, 0xA5, 0x76, 0x38, 0x20, 0x56, 0xA2, 0x85, 0x7C, 0xB5, 0x73,
    0x85, 0xBA, 0xA5, 0x77, 0x20, 0x56, 0xA2, 0x20, 0x7C, 0x98, 0x8C, 0x5C, 0x04, 0x8D, 0x5D, 0x04,
    0xA5, 0x7E, 0x29, 0x80, 0x0D, 0x5D, 0x04, 0x8D, 0x5D, 0x04, 0x20, 0xB4, 0x8C, 0xAE, 0x52, 0x06,
    0x86, 0x8A, 0xF0, 0x07, 0x8A, 0x38, 0xE9, 0x01, 0x09, 0x80, 0xAA, 0x8E, 0x00, 0x06, 0xAD, 0x86,
    0x06, 0xF0, 0x2E, 0xC9, 0x40, 0xB0, 0x07, 0xA9, 0x00, 0x8D, 0x86, 0x06, 0xF0, 0x23, 0x38, 0xE9,
    0x10, 0x8D, 0x86, 0x06, 0x29, 0x0F, 0xAA, 0xBD, 0xD6, 0x03, 0x18, 0x69, 0x04, 0x8D, 0x81, 0x03,
    0xBD, 0xE0, 0x03, 0x18, 0x69, 0x04, 0x8D, 0x6A, 0x03, 0xA0, 0x0E, 0xA9, 0x00, 0xAA, 0x20, 0xC1,
    0xF8, 0x20, 0xF5, 0xA3, 0x60, 0xAD, 0x61, 0x06, 0x30, 0x03, 0x4C, 0xB3, 0x8C, 0xC9, 0x83, 0x90,
    0x03, 0x4C, 0x48, 0x8C, 0xA5, 0x50, 0x29, 0x0F, 0xD0, 0x06, 0xA5, 0x8E, 0xF0, 0x02, 0xC6, 0x8E,
    0xAD, 0x61, 0x06, 0xC9, 0x80, 0xD0, 0x07, 0xAD, 0xFB, 0x05, 0xD0, 0xDE, 0xF0, 0x67, 0xAD, 0x61,
    0x06, 0xC9, 0x81, 0xD0, 0x66, 0xA9, 0xFF, 0xCD, 0xFB, 0x05, 0xF0, 0x25, 0xAD, 0xFB, 0x05, 0x29,
    0x07, 0xD0, 0xC7, 0xAD, 0xFB, 0x05, 0x4A, 0x4A, 0x4A, 0x18, 0x69, 0x00, 0x8D, 0x8B, 0x06, 0xA9,
    0x61, 0x69, 0x00, 0x8D, 0x8A, 0x06, 0xA9, 0x01, 0x8D, 0x8D, 0x06, 0x8D, 0x8E, 0x06, 0x4C, 0xB3,
    0x8C, 0xA4, 0x4F, 0xB9, 0xE9, 0x91, 0xA2, 0x01, 0xC9, 0x04, 0x90, 0x01, 0xE8, 0x86, 0xC4, 0x85,
    0xA3, 0x0A, 0x0A, 0x18, 0x65, 0xA3, 0xA8, 0xB9, 0xA5, 0xBF, 0x8D, 0x05, 0x03, 0xB9, 0xA6, 0xBF,
    0x8D, 0x06, 0x03, 0xB9, 0xA7, 0xBF, 0x8D, 0x07, 0x03, 0xB9, 0xA8, 0xBF, 0x8D, 0x0D, 0x03, 0xB9,
    0xA9, 0xBF, 0x8D, 0x0F, 0x03, 0xEE, 0x61, 0x06, 0x4C, 0xBE, 0x8B, 0xA9, 0xFE, 0xCD, 0xFB, 0x05,
    0xF0, 0x40, 0xA5, 0x50, 0x29, 0x07, 0xC9, 0x01, 0xD0, 0xB4, 0x20, 0xAB, 0x8C, 0xA4, 0x4F, 0xB9,
    0xE9, 0x91, 0xA8, 0xA5, 0xA5, 0x4A, 0x4A, 0x85, 0xA5, 0x18, 0x69, 0xD0, 0x8D, 0x89, 0x06, 0xA9,
    0x63, 0x69, 0x00, 0x8D, 0x88, 0x06, 0x98, 0x0A, 0xA8, 0xB9, 0x7B, 0xBF, 0x18, 0x65, 0xA5, 0x85,
    0xA3, 0xB9, 0x7C, 0xBF, 0x69, 0x00, 0x85, 0xA4, 0xA0, 0x00, 0xB1, 0xA3, 0x8D, 0x8C, 0x06, 0x4C,
    0xB3, 0x8C, 0x38, 0x6E, 0x94, 0x06, 0x30, 0xAD, 0xAD, 0xFB, 0x05, 0x29, 0x07, 0xC9, 0x02, 0xB0,
    0xEE, 0xA5, 0x49, 0x29, 0x03, 0xF0, 0xE8, 0xAD, 0xFB, 0x05, 0x0A, 0xA9, 0x01, 0x90, 0x02, 0xA9,
    0x02, 0x25, 0x49, 0xF0, 0x46, 0xA6, 0x4F, 0xBC, 0xE9, 0x91, 0xAD, 0xFB, 0x05, 0x4A, 0x4A, 0x4A,
    0x18, 0x79, 0xCD, 0xBF, 0x85, 0xA5, 0x18, 0x69, 0xE0, 0x8D, 0x8B, 0x06, 0xA9, 0x60, 0x69, 0x00,
    0x8D, 0x8A, 0x06, 0xB9, 0xCD, 0xBF, 0xC9, 0x01, 0xA0, 0x02, 0x90, 0x01, 0x88, 0xA2, 0x00, 0xA9,
    0x01, 0x9D, 0x8D, 0x06, 0xE8, 0x88, 0x10, 0xF9, 0xA9, 0x00, 0x9D, 0x8D, 0x06, 0xE8, 0x90, 0x04,
    0x9D, 0x8D, 0x06, 0xE8, 0xA9, 0xFF, 0x9D, 0x8D, 0x06, 0xD0, 0x08, 0xA6, 0x4F, 0xBC, 0xE9, 0x91,
    0x20, 0x9B, 0x91, 0x60, 0x20, 0xAA, 0x97, 0xB9, 0xB5, 0x05, 0x30, 0x20, 0x2C, 0x81, 0x06, 0x10,
    0x12, 0x2C, 0x80, 0x05, 0x10, 0x0D, 0xA2, 0x09, 0xA9, 0x03, 0x9D, 0xFE, 0x03, 0xCA, 0x10, 0xFA,
    0xB9, 0xB5, 0x05, 0x4E, 0x81, 0x06, 0xC9, 0x00, 0xF0, 0x3C, 0xD0, 0x55, 0x29, 0x7F, 0xC9, 0x04,
    0xD0, 0x14, 0x2C, 0x81, 0x06, 0x30, 0x2F, 0x2C, 0x80, 0x05, 0x30, 0x05, 0xA9, 0xC0, 0x8D, 0x75,
    0x05, 0x6E, 0x81, 0x06, 0x30, 0x20, 0x4E, 0x81, 0x06, 0xC9, 0x05, 0xD0, 0x27, 0xAD, 0xB4, 0x05,
    0xD0, 0x14, 0x2C, 0x61, 0x06, 0x30, 0x0F, 0xA9, 0x80, 0x8D, 0x61, 0x06, 0x0A, 0x8D, 0xE8, 0x04,
    0x8D, 0xEA, 0x04, 0x20, 0x19, 0x8D, 0x4C, 0x23, 0x8E, 0xA9, 0x01, 0x8D, 0x04, 0x01, 0x20, 0x71,
    0xBD, 0x4C, 0x4C, 0xA8, 0x18, 0x69, 0x08, 0x0A, 0x0A, 0x0A, 0x0A, 0x85, 0x7E, 0xA9, 0x01, 0x10,
    0x06, 0x85, 0x7E, 0x29, 0x0F, 0xF0, 0xDF, 0x85, 0x7C, 0xA0, 0x00, 0xAD, 0xE8, 0x04, 0xF0, 0x01,
    0xC8, 0xAD, 0xEA, 0x04, 0xF0, 0x01, 0xC8, 0xC0, 0x02, 0xB0, 0xCB, 0xC4, 0x7C, 0xB0, 0xC7, 0xA0,
    0x02, 0xAD, 0xEA, 0x04, 0xF0, 0x02, 0xA0, 0x00, 0xA5, 0x7E, 0x4A, 0x4A, 0x4A, 0x4A, 0x85, 0x7E,
    0x98, 0x49, 0x02, 0x29, 0x02, 0xAA, 0xBD, 0xE8, 0x04, 0x10, 0x07, 0xBD, 0x6E, 0x04, 0xC5, 0x7E,
    0xD0, 0xA4, 0xA5, 0x55, 0x29, 0xF0, 0x09, 0x05, 0x99, 0x69, 0x00, 0xA9, 0x00, 0xA6, 0x7E, 0xE0,
    0x01, 0xD0, 0x03, 0xB9, 0xCA, 0x90, 0x99, 0x68, 0x00, 0xA2, 0x05, 0xA5, 0x7E, 0xC9, 0x08, 0xB0,
    0x0C, 0xA2, 0x01, 0xA5, 0x53, 0x29, 0x0F, 0xC9, 0x05, 0xB0, 0x02, 0xA2, 0x09, 0x86, 0x7C, 0xA9,
    0x00, 0x99, 0x5E, 0x00, 0xE0, 0x09, 0xB0, 0x02, 0xA9, 0x01, 0x85, 0x7D, 0xA5, 0x53, 0x29, 0xF0,
    0x05, 0x7C, 0x99, 0x5F, 0x00, 0xA2, 0x05, 0xA5, 0x7E, 0xC9, 0x08, 0xB0, 0x0C, 0xA2, 0x01, 0xA5,
    0x57, 0x29, 0x0F, 0xC9, 0x05, 0xB0, 0x02, 0xA2, 0x09, 0x86, 0x7C, 0xA9, 0x00, 0xE0, 0x09, 0xB0,
    0x02, 0xA9, 0x02, 0x18, 0x65, 0x7D, 0xAA, 0xBD, 0xAE, 0x9C, 0x99, 0x5F, 0x04, 0x99, 0x69, 0x04,
    0xA5, 0x57, 0x29, 0xF0, 0x05, 0x7C, 0x99, 0x73, 0x00, 0xA2, 0x00, 0xA5, 0x7E, 0xC9, 0x08, 0xB0,
    0x06, 0xC0, 0x00, 0xF0, 0x02, 0xA2, 0x50, 0x8A, 0x99, 0x72, 0x00, 0xA5, 0x7E, 0x99, 0x6E, 0x04,
    0xAA, 0xBD, 0xC6, 0x98, 0x99, 0x82, 0x04, 0xA9, 0x00, 0x99, 0x96, 0x04, 0x99, 0x5E, 0x04, 0x99,
    0x68, 0x04, 0x99, 0xB3, 0x04, 0xE0, 0x02, 0xB0, 0x02, 0xA9, 0x05, 0x99, 0xA6, 0x04, 0xA9, 0xFF,
    0x99, 0xE8, 0x04, 0xAD, 0x61, 0x06, 0x10, 0x07, 0xC9, 0x83, 0xB0, 0x03, 0x4C, 0x61, 0x8B, 0xA9,
    0x00, 0x8D, 0x52, 0x06, 0x8D, 0x3D, 0x05, 0x4E, 0x96, 0x06, 0xA2, 0x08, 0xB5, 0x52, 0x9D, 0xD6,
    0x06, 0xB5, 0x53, 0x9D, 0xD7, 0x06, 0xB5, 0x5E, 0x9D, 0xDC, 0x06, 0xB5, 0x5F, 0x9D, 0xDD, 0x06,
    0xB5, 0x68, 0x9D, 0xE6, 0x06, 0xB5, 0x69, 0x9D, 0xE7, 0x06, 0xB5, 0x72, 0x9D, 0xF0, 0x06, 0xB5,
    0x73, 0x9D, 0xF1, 0x06, 0x2C, 0x96, 0x06, 0x10, 0x02, 0x30, 0xCC, 0xCA, 0xCA, 0x10, 0xCD, 0xA9,
    0xFF, 0xA2, 0x04, 0x9D, 0x2E, 0x05, 0xCA, 0x10, 0xFA, 0xA2, 0x08, 0xE0, 0x04, 0xB0, 0x05, 0xBD,
    0xE8, 0x04, 0x10, 0x24, 0x46, 0x7E, 0xAD, 0xD6, 0x06, 0x85, 0xBA, 0xBD, 0xDC, 0x06, 0x38, 0x20,
    0x56, 0xA2, 0x85, 0x7C, 0xAD, 0xD7, 0x06, 0x85, 0xBA, 0xBD, 0xDD, 0x06, 0x20, 0x56, 0xA2, 0x85,
    0x7D, 0x20, 0x7C, 0x98, 0xC9, 0x0A, 0x90, 0x03, 0x4C, 0x2F, 0x90, 0x84, 0xAA, 0x85, 0xAB, 0xA5,
    0x7E, 0x8D, 0x03, 0x05, 0x46, 0x7E, 0xBD, 0xE6, 0x06, 0x85, 0xBA, 0xAD, 0xD8, 0x06, 0x38, 0x20,
    0x56, 0xA2, 0x85, 0x7C, 0xBD, 0xE7, 0x06, 0x85, 0xBA, 0xAD, 0xD9, 0x06, 0x20, 0x56, 0xA2, 0x85,
    0x7D, 0x20, 0x7C, 0x98, 0xC9, 0x0A, 0xB0, 0x2D, 0x84, 0xAC, 0x85, 0xAD, 0xA5, 0x7E, 0x8D, 0x04,
    0x05, 0x46, 0x7E, 0xAD, 0xDA, 0x06, 0x85, 0xBA, 0xBD, 0xF0, 0x06, 0x38, 0x20, 0x56, 0xA2, 0x85,
    0x7C, 0xAD, 0xDB, 0x06, 0x85, 0xBA, 0xBD, 0xF1, 0x06, 0x20, 0x56, 0xA2, 0x85, 0x7D, 0x20, 0x7C,
    0x98, 0xC9, 0x0A, 0x90, 0x03, 0x4C, 0x2F, 0x90, 0x84, 0xAE, 0x85, 0xAF, 0xA5, 0x7E, 0x8D, 0x05,
    0x05, 0x8E, 0xF6, 0x04, 0x20, 0x68, 0x9E, 0xAE, 0xF6, 0x04, 0x90, 0x06, 0x20, 0x5E, 0xF2, 0x4C,
    0xD1, 0x8F, 0xA5, 0xA1, 0xC9, 0x03, 0xF0, 0x1B, 0xE0, 0x04, 0xF0, 0x04, 0xE0, 0x06, 0xD0, 0x16,
    0x8A, 0x4A, 0xA8, 0xA5, 0xB0, 0x99, 0x77, 0x06, 0xA5, 0xB2, 0x99, 0x79, 0x06, 0xAD, 0xFD, 0x04,
    0x99, 0x7B, 0x06, 0x4C, 0xD1, 0x8F, 0xBC, 0x6E, 0x04, 0xB9, 0x3D, 0xF5, 0x10, 0x02, 0xA9, 0x01,
    0xA8, 0xB9, 0xA2, 0x97, 0xA8, 0xB9, 0xA6, 0x97, 0x85, 0x7C, 0xB9, 0xA8, 0x97, 0x85, 0x7D, 0xA5,
    0xB5, 0x29, 0x3F, 0x0A, 0xA8, 0xB1, 0x7C, 0x48, 0xC8, 0xB1, 0x7C, 0x85, 0x7D, 0x68, 0x85, 0x7C,
    0xA0, 0x00, 0xB1, 0x7C, 0x0A, 0x0A, 0x85, 0x7E, 0xC8, 0xB1, 0x7C, 0x0A, 0x0A, 0x85, 0x7F, 0xAD,
    0xFF, 0x05, 0x18, 0x69, 0x12, 0x85, 0x82, 0x18, 0x69, 0x01, 0x85, 0x83, 0xA5, 0xB0, 0x38, 0xE5,
    0x7E, 0xC9, 0x7D, 0x90, 0x0A, 0xF0, 0x11, 0xC9, 0x83, 0x90, 0x0D, 0xF0, 0x0B, 0xB0, 0x32, 0xA5,
    0xB0, 0x18, 0x65, 0x7E, 0xC9, 0x7D, 0x90, 0x29, 0xA5, 0xB2, 0x38, 0xE5, 0x7F, 0xC5, 0x82, 0x90,
    0x0A, 0xF0, 0x11, 0xC5, 0x83, 0x90, 0x0D, 0xF0, 0x0B, 0xD0, 0x16, 0xA5, 0xB2, 0x18, 0x65, 0x7F,
    0xC5, 0x82, 0x90, 0x0D, 0x8A, 0x18, 0x69, 0x01, 0x8D, 0x52, 0x06, 0xAD, 0xFD, 0x04, 0x8D, 0x64,
    0x06, 0xBD, 0x30, 0x04, 0xF0, 0x56, 0xAD, 0xFD, 0x04, 0x4A, 0x4A, 0x4A, 0x4A, 0x4A, 0x4A, 0x18,
    0x69, 0x04, 0x85, 0x7C, 0xA5, 0xB6, 0x29, 0x03, 0xD0, 0x42, 0xA5, 0x33, 0x49, 0x80, 0x0A, 0xBD,
    0x78, 0x04, 0x69, 0x00, 0xC5, 0x7C, 0x90, 0x31, 0xA9, 0x00, 0x9D, 0xE8, 0x04, 0x9D, 0x30, 0x04,
    0xB5, 0x73, 0x29, 0xF0, 0x4A, 0x85, 0x7C, 0xB5, 0x5F, 0x4A, 0x4A, 0x4A, 0x4A, 0x18, 0x65, 0x7C,
    0xA8, 0xB9, 0xB5, 0x05, 0xF0, 0x11, 0x30, 0x0A, 0x38, 0xE9, 0x01, 0x99, 0xB5, 0x05, 0x29, 0x0F,
    0xD0, 0x05, 0xA9, 0x00, 0x99, 0xB5, 0x05, 0xA9, 0x00, 0x9D, 0x78, 0x04, 0x4C, 0x5E, 0x90, 0x5E,
    0x9C, 0x04, 0xE0, 0x08, 0xD0, 0x05, 0xA9, 0x00, 0x8D, 0x4F, 0x05, 0xE0, 0x04, 0xB0, 0x13, 0xA9,
    0x00, 0x9D, 0xE8, 0x04, 0x95, 0x5E, 0x95, 0x5F, 0x95, 0x68, 0x95, 0x69, 0x20, 0x5E, 0xF2, 0x4C,
    0x5E, 0x90, 0xE0, 0x08, 0xB0, 0x08, 0x8A, 0x4A, 0xA8, 0xA9, 0x00, 0x99, 0x7B, 0x06, 0xCA, 0xCA,
    0x30, 0x03, 0x4C, 0x7B, 0x8E, 0x2C, 0x80, 0x05, 0x30, 0x03, 0x20, 0x97, 0x96, 0x60, 0x20, 0x0D,
    0x96, 0xA9, 0x18, 0x85, 0xA0, 0x8A, 0xC9, 0x08, 0xD0, 0x02, 0xA9, 0x02, 0x20, 0xC2, 0x95, 0x98,
    0x20, 0xC2, 0x95, 0xA2, 0x18, 0xA9, 0x02, 0x4C, 0x47, 0x93, 0xA5, 0xA2, 0xC9, 0x06, 0xB0, 0x02,
    0xE6, 0xA2, 0xC9, 0x04, 0xD0, 0x09, 0x18, 0x20, 0xB8, 0xAF, 0xA9, 0xB0, 0x8D, 0x75, 0x05, 0xA9,
    0xFF, 0x8D, 0x10, 0x05, 0x60, 0xA6, 0x4F, 0xBD, 0xDF, 0x91, 0xAA, 0xBD, 0x02, 0x92, 0x4C, 0x1E,
    0xBF, 0xA6, 0x4F, 0xBD, 0xDF, 0x91, 0xAA, 0xA0, 0x02, 0xBD, 0xFD, 0x91, 0x99, 0x0D, 0x03, 0xE8,
    0x88, 0x10, 0xF6, 0xBD, 0xFD, 0x91, 0xBC, 0xFE, 0x91, 0x60, 0x08, 0x08, 0x16, 0xA5, 0x49, 0x29,
    0x03, 0xAA, 0xBD, 0x83, 0xD4, 0x85, 0x8D, 0xA5, 0x8C, 0xC5, 0x8D, 0xF0, 0x0B, 0x90, 0x05, 0xE9,
    0x08, 0x4C, 0xE6, 0x90, 0x69, 0x08, 0x85, 0x8C, 0xA9, 0x09, 0xAA, 0x4A, 0xA8, 0xA5, 0xB6, 0x4A,
    0x90, 0x04, 0x98, 0xAA, 0xA0, 0xFF, 0x8C, 0xF5, 0x04, 0xBD, 0x12, 0x04, 0xD0, 0x74, 0xA5, 0x8C,
    0x38, 0xFD, 0xD6, 0x03, 0xB0, 0x04, 0x49, 0xFF, 0x69, 0x01, 0x85, 0x7C, 0xBD, 0xE0, 0x03, 0x38,
    0xE9, 0x28, 0x18, 0x65, 0x7C, 0x24, 0x7C, 0x10, 0x03, 0x46, 0x7C, 0x4A, 0x85, 0x7F, 0xC9, 0x00,
    0xF0, 0x28, 0xA5, 0x7C, 0xA0, 0x08, 0xE5, 0x7F, 0xD0, 0x04, 0xA9, 0xFF, 0x30, 0x1C, 0x90, 0x09,
    0x26, 0x7C, 0x0A, 0x38, 0xE5, 0x7F, 0x4C, 0x3F, 0x91, 0x26, 0x7C, 0x0A, 0x18, 0x65, 0x7F, 0x88,
    0xD0, 0xEC, 0xB0, 0x03, 0x65, 0x7F, 0x18, 0xA5, 0x7C, 0x2A, 0x4A, 0x85, 0x7C, 0xBC, 0xD6, 0x03,
    0xC4, 0x8C, 0x2C, 0x66, 0x06, 0x10, 0x03, 0x90, 0x05, 0x18, 0xB0, 0x02, 0x09, 0x80, 0x9D, 0xEA,
    0x03, 0xA9, 0x7F, 0x38, 0xE5, 0x7C, 0x85, 0x7C, 0xAD, 0x66, 0x06, 0x29, 0x80, 0x05, 0x7C, 0x9D,
    0xF4, 0x03, 0xCA, 0xEC, 0xF5, 0x04, 0xD0, 0x81, 0x60, 0xC5, 0x7D, 0x90, 0x0E, 0xF0, 0x0C, 0xE9,
    0x10, 0xC5, 0x7D, 0x90, 0x06, 0xF0, 0x04, 0xE6, 0x7C, 0xB0, 0x02, 0xA5, 0x7D, 0x60, 0xC9, 0x20,
    0xB0, 0x08, 0x69, 0x10, 0xC9, 0x20, 0xB0, 0x02, 0xE6, 0x7C, 0x60, 0xAD, 0xFB, 0x05, 0x4A, 0x4A,
    0x4A, 0x85, 0xA5, 0x18, 0x79, 0xCD, 0xBF, 0x18, 0x69, 0xE0, 0x8D, 0x8B, 0x06, 0xA9, 0x60, 0x69,
    0x00, 0x8D, 0x8A, 0x06, 0x98, 0x0A, 0xA8, 0xB9, 0x6B, 0xBF, 0x18, 0x65, 0xA5, 0x85, 0xA3, 0xB9,
    0x6C, 0xBF, 0x69, 0x00, 0x85, 0xA4, 0xA0, 0x00, 0xA2, 0x00, 0xB1, 0xA3, 0x9D, 0x8D, 0x06, 0xE8,
    0x98, 0x18, 0x69, 0x20, 0xA8, 0xC9, 0x80, 0x90, 0xF1, 0xA9, 0xFF, 0x9D, 0x8D, 0x06, 0x60, 0x18,
    0x1E, 0x06, 0x1E, 0x00, 0x0C, 0x18, 0x06, 0x12, 0x00, 0xFF, 0xFF, 0x00, 0x03, 0x05, 0x04, 0x06,
    0x01, 0x02, 0x07, 0x00, 0x01, 0x01, 0x02, 0x02, 0x03, 0x03, 0x04, 0x05, 0x05, 0x10, 0x21, 0x11,
    0x20, 0x10, 0x01, 0x11, 0x21, 0x01, 0x08, 0x18, 0x00, 0x04, 0x11, 0x03, 0x0F, 0x08, 0x00, 0x1B,
    0x24, 0x0B, 0x19, 0x09, 0x02, 0x18, 0x21, 0x08, 0x08, 0x28, 0x01, 0x19, 0x21, 0x09, 0x0A, 0x1A,
    0x02, 0x89, 0x5D, 0x3B, 0xA6, 0xB4, 0xE6, 0x73, 0x5E, 0x94, 0x24, 0x59, 0x50, 0x50, 0x53, 0x51,
    0x60, 0x59, 0x61, 0x5B, 0x5D, 0x00, 0x00, 0x00, 0x12, 0x00, 0x00, 0x12, 0x12, 0x00, 0x12, 0x12,
    0x12, 0x13, 0x12, 0x12, 0x13, 0x13, 0x12, 0x13, 0x13, 0x13, 0x1B, 0x00, 0x02, 0x30, 0x1B, 0x00,
    0x02, 0x38, 0x1B, 0x00, 0x02, 0x40, 0x40, 0x3F, 0x3E, 0x3E, 0x3D, 0x3C, 0x49, 0x48, 0x47, 0x47,
    0x46, 0x45, 0x52, 0x51, 0x50, 0x50, 0x4F, 0x4E, 0x44, 0x43, 0x3E, 0x3E, 0x42, 0x41, 0x4D, 0x4C,
    0x47, 0x47, 0x4B, 0x4A, 0x56, 0x55, 0x50, 0x50, 0x54, 0x53, 0x56, 0x68, 0x92, 0x92, 0xC2, 0xC2,
    0x42, 0x42, 0x42, 0x42, 0x02, 0x02, 0x02, 0x02, 0x02, 0x82, 0x82, 0xC2, 0x09, 0x0A, 0x0B, 0x0A,
    0x09, 0x08, 0x07, 0x08, 0x09, 0x0A, 0x0B, 0x0A, 0x09, 0x08, 0x36, 0x36, 0x35, 0x36, 0x36, 0x36,
    0x3B, 0x3B, 0x3B, 0x3C, 0x3B, 0x3C, 0x3B, 0x36, 0x31, 0x2F, 0x2E, 0x2F, 0x31, 0x33, 0x3B, 0x3E,
    0x41, 0x42, 0x42, 0x42, 0x41, 0x33, 0xAA, 0xAA, 0xA4, 0xA3, 0xA4, 0xA4, 0xA2, 0xA4, 0xA4, 0xA3,
    0xA4, 0xAA, 0xA9, 0xAA, 0xAF, 0xAE, 0xA4, 0x9F, 0x9F, 0x9C, 0x9B, 0x9C, 0x9E, 0xA0, 0xA4, 0xAD,
    0xAF, 0xB1, 0xEC, 0xF3, 0xFA, 0xEC, 0xEC, 0xEC, 0xEC, 0xEC, 0xEC, 0x01, 0x01, 0x08, 0x0F, 0x92,
    0x92, 0x92, 0x92, 0x92, 0x92, 0x92, 0x92, 0x92, 0x93, 0x93, 0x93, 0x93, 0x20, 0x20, 0x20, 0x20,
    0x20, 0x20, 0x20, 0x32, 0x37, 0x2D, 0x74, 0x20, 0x20, 0x20, 0x38, 0x32, 0x2D, 0x69, 0x6D, 0x20,
    0x20, 0x74, 0x72, 0x71, 0x64, 0x61, 0x65, 0x68, 0x6B, 0x6E, 0x74, 0x6C, 0x65, 0x75, 0x66, 0x6D,
    0x72, 0x66, 0x73, 0x6E, 0x72, 0x74, 0xA9, 0x18, 0x85, 0x9F, 0xA9, 0x13, 0x85, 0xA0, 0xA9, 0x06,
    0x85, 0x7C, 0xA0, 0x00, 0x84, 0x86, 0xB9, 0x4B, 0x03, 0x24, 0x86, 0x30, 0x0B, 0xC9, 0x00, 0xD0,
    0x04, 0xA9, 0x02, 0xB0, 0x06, 0x38, 0x66, 0x86, 0x18, 0x69, 0x08, 0x20, 0xC2, 0x95, 0xC8, 0xC6,
    0x7C, 0x10, 0xE3, 0xA2, 0x13, 0xA9, 0x07, 0x48, 0xA5, 0x9F, 0x0A, 0x0A, 0x0A, 0x26, 0x7D, 0x0A,
    0x26, 0x7D, 0x0A, 0x26, 0x7D, 0x86, 0x7C, 0xA6, 0x1A, 0x18, 0x65, 0x7C, 0x48, 0xA5, 0x7D, 0x29,
    0x03, 0x69, 0x20, 0x9D, 0x00, 0x02, 0xE8, 0x68, 0x9D, 0x00, 0x02, 0xE8, 0x68, 0x9D, 0x00, 0x02,
    0xE8, 0xA4, 0x7C, 0x85, 0x7C, 0xB9, 0x15, 0x05, 0x9D, 0x00, 0x02, 0xE8, 0xC8, 0xC6, 0x7C, 0xD0,
    0xF4, 0x86, 0x1A, 0x60, 0xA2, 0x1F, 0xBD, 0xE1, 0x9A, 0x9D, 0x00, 0x03, 0xCA, 0x10, 0xF7, 0x60,
    0xA5, 0x50, 0xC5, 0x50, 0xF0, 0xFC, 0x60, 0x84, 0x26, 0x84, 0x3A, 0x00, 0x84, 0x2C, 0x82, 0x34,
    0x00, 0x85, 0x29, 0x80, 0x23, 0x83, 0x36, 0x84, 0x2D, 0x84, 0x21, 0x00, 0x85, 0x3F, 0x82, 0x16,
    0x82, 0x29, 0x80, 0x35, 0x84, 0x36, 0x84, 0x37, 0x84, 0x3E, 0x00, 0x85, 0x07, 0x83, 0x31, 0x83,
    0x26, 0x80, 0x3E, 0x84, 0x06, 0x84, 0x0E, 0x84, 0x1E, 0x84, 0x25, 0x81, 0x17, 0x00, 0x85, 0x03,
    0x82, 0x3F, 0x82, 0x21, 0x80, 0x05, 0x81, 0x39, 0x84, 0x04, 0x84, 0x0B, 0x84, 0x36, 0x84, 0x19,
    0x84, 0x1A, 0x84, 0x22, 0x83, 0x17, 0x00, 0x85, 0x01, 0x83, 0x17, 0x83, 0x29, 0x83, 0x3F, 0x80,
    0x03, 0x81, 0x35, 0x84, 0x02, 0x84, 0x09, 0x84, 0x10, 0x84, 0x38, 0x84, 0x2A, 0x84, 0x1B, 0x84,
    0x14, 0x84, 0x1E, 0x00, 0x85, 0x29, 0x82, 0x0E, 0x82, 0x35, 0x83, 0x02, 0x83, 0x1D, 0x80, 0x26,
    0x81, 0x38, 0x84, 0x0D, 0x84, 0x25, 0x84, 0x2C, 0x84, 0x20, 0x84, 0x21, 0x84, 0x21, 0x84, 0x22,
    0x84, 0x28, 0x84, 0x32, 0x00, 0x85, 0x24, 0x82, 0x22, 0x82, 0x3F, 0x83, 0x1E, 0x83, 0x3A, 0x83,
    0x09, 0x80, 0x06, 0x81, 0x32, 0x84, 0x0D, 0x84, 0x19, 0x84, 0x30, 0x84, 0x38, 0x84, 0x36, 0x84,
    0x39, 0x84, 0x1B, 0x84, 0x1C, 0x84, 0x1D, 0x84, 0x23, 0x84, 0x25, 0x84, 0x2B, 0x84, 0x2C, 0x84,
    0x2D, 0x00, 0x85, 0x34, 0x82, 0x0C, 0x82, 0x38, 0x83, 0x0F, 0x83, 0x10, 0x83, 0x3F, 0x80, 0x21,
    0x81, 0x2E, 0x84, 0x13, 0x84, 0x3C, 0x84, 0x2B, 0x84, 0x2C, 0x84, 0x33, 0x84, 0x35, 0x84, 0x2D,
    0x84, 0x3B, 0x84, 0x3D, 0x84, 0x19, 0x84, 0x22, 0x00, 0x97, 0x93, 0x9C, 0x93, 0xA1, 0x93, 0xAC,
    0x93, 0xBB, 0x93, 0xCE, 0x93, 0xE7, 0x93, 0x04, 0x94, 0x25, 0x94, 0x52, 0x94, 0x03, 0x05, 0x02,
    0x04, 0x05, 0x06, 0x07, 0x08, 0x09, 0x0A, 0x00, 0x00, 0x04, 0x04, 0x06, 0x06, 0x08, 0x08, 0x0A,
    0x0A, 0x18, 0x90, 0x01, 0x38, 0x66, 0x7E, 0xA8, 0xA6, 0x1A, 0xA9, 0x23, 0x9D, 0x00, 0x02, 0xE8,
    0xA9, 0x4D, 0x9D, 0x00, 0x02, 0xE8, 0xA9, 0x10, 0x9D, 0x00, 0x02, 0x85, 0x86, 0xE8, 0xB9, 0xD6,
    0x94, 0x20, 0x1D, 0x99, 0x24, 0x7E, 0x30, 0x02, 0xA9, 0x02, 0x9D, 0x00, 0x02, 0xE8, 0xC8, 0xC6,
    0x86, 0xD0, 0xEB, 0x86, 0x1A, 0x60, 0x61, 0x74, 0x74, 0x61, 0x63, 0x6B, 0x20, 0x6F, 0x62, 0x6A,
    0x65, 0x63, 0x74, 0x69, 0x76, 0x65, 0x6D, 0x69, 0x73, 0x73, 0x69, 0x6F, 0x6E, 0x20, 0x63, 0x6F,
    0x6D, 0x70, 0x6C, 0x65, 0x74, 0x65, 0x20, 0x20, 0x6C, 0x6F, 0x77, 0x20, 0x6F, 0x6E, 0x20, 0x66,
    0x75, 0x65, 0x6C, 0x20, 0x20, 0x20, 0x64, 0x61, 0x6D, 0x61, 0x67, 0x65, 0x20, 0x63, 0x72, 0x69,
    0x74, 0x69, 0x63, 0x61, 0x6C, 0x20, 0x20, 0x6D, 0x69, 0x6E, 0x65, 0x73, 0x20, 0x64, 0x65, 0x74,
    0x65, 0x63, 0x74, 0x65, 0x64, 0x20, 0x00, 0x05, 0x00, 0x05, 0x00, 0x05, 0x0E, 0x0E, 0x0F, 0x0E,
    0x0F, 0x10, 0x0F, 0x10, 0xA9, 0xFF, 0xD0, 0x02, 0xA9, 0x01, 0x85, 0xA9, 0xA2, 0x03, 0xBD, 0xF6,
    0x05, 0x38, 0x7D, 0x39, 0xF5, 0x9D, 0xF6, 0x05, 0xA9, 0x00, 0x2C, 0x61, 0x06, 0x10, 0x01, 0x38,
    0x69, 0x00, 0x9D, 0x0C, 0x05, 0xCA, 0x10, 0xE6, 0xA2, 0x09, 0xBD, 0x12, 0x04, 0xD0, 0x1E, 0xA0,
    0x03, 0xBD, 0xE0, 0x03, 0x38, 0xE9, 0x4C, 0xC9, 0x18, 0xB0, 0x04, 0x4A, 0x4A, 0x4A, 0xA8, 0xB9,
    0x0C, 0x05, 0xF0, 0x09, 0xBD, 0xD6, 0x03, 0x18, 0x65, 0xA9, 0x9D, 0xD6, 0x03, 0xCA, 0x10, 0xDA,
    0x60, 0x20, 0x50, 0x96, 0x48, 0xAD, 0x12, 0x05, 0x0A, 0xA9, 0x00, 0x90, 0x02, 0xA9, 0xFF, 0x8D,
    0x11, 0x05, 0x68, 0xA2, 0x00, 0x20, 0x0D, 0x96, 0x86, 0xC1, 0x84, 0xC2, 0xC9, 0x08, 0xD0, 0x04,
    0xA9, 0x02, 0xD0, 0x03, 0xCE, 0x11, 0x05, 0x20, 0xC2, 0x95, 0xA5, 0xC1, 0x2C, 0x11, 0x05, 0x30,
    0x06, 0xC9, 0x08, 0xD0, 0x02, 0xA9, 0x02, 0x20, 0xC2, 0x95, 0xA5, 0xC2, 0x20, 0xC2, 0x95, 0x4C,
    0x57, 0x96, 0x8D, 0x13, 0x05, 0x8C, 0x14, 0x05, 0xA4, 0xA0, 0x99, 0x15, 0x05, 0x20, 0xD7, 0x95,
    0xAD, 0x13, 0x05, 0xAC, 0x14, 0x05, 0x60, 0xA5, 0xA0, 0x18, 0x69, 0x01, 0x29, 0x1F, 0x85, 0xA0,
    0x60, 0x84, 0x7C, 0x85, 0x7D, 0xA5, 0x7C, 0x4A, 0x4A, 0x4A, 0x4A, 0xA8, 0xA5, 0x7C, 0x29, 0x0F,
    0x10, 0x03, 0x18, 0x69, 0x0A, 0x88, 0x10, 0xFA, 0xA4, 0x7D, 0xA2, 0x00, 0x86, 0x7D, 0xF0, 0x07,
    0x18, 0x69, 0x64, 0x90, 0x02, 0xE6, 0x7D, 0x88, 0x10, 0xF6, 0x85, 0x7C, 0x60, 0x85, 0x88, 0x0A,
    0xA9, 0x00, 0x85, 0x86, 0x69, 0x00, 0x85, 0x87, 0xA2, 0x07, 0x06, 0x88, 0x90, 0x17, 0xA5, 0x86,
    0x85, 0xBA, 0xBD, 0x26, 0xD5, 0x20, 0x76, 0xA2, 0x85, 0x86, 0xA9, 0x00, 0x85, 0xBA, 0xA5, 0x87,
    0x20, 0x76, 0xA2, 0x85, 0x87, 0xCA, 0x10, 0xE2, 0xA5, 0x86, 0x29, 0x0F, 0x18, 0x69, 0x08, 0xA8,
    0xA5, 0x86, 0x4A, 0x4A, 0x4A, 0x4A, 0x18, 0x69, 0x08, 0xAA, 0xA5, 0x87, 0x18, 0x69, 0x08, 0x60,
    0x85, 0x09, 0x84, 0x0B, 0x86, 0x0A, 0x60, 0xA5, 0x09, 0xA4, 0x0B, 0xA6, 0x0A, 0x60, 0xAE, 0xF6,
    0x04, 0x48, 0xBC, 0x6E, 0x04, 0xB9, 0x3D, 0xF5, 0xBC, 0x1C, 0x04, 0xAE, 0x3D, 0x05, 0xEE, 0x3D,
    0x05, 0x9D, 0x38, 0x05, 0x68, 0x9D, 0x15, 0x05, 0x98, 0x9D, 0x1F, 0x05, 0xA5, 0xB5, 0x9D, 0x1A,
    0x05, 0xA5, 0xB0, 0x9D, 0x24, 0x05, 0xA5, 0xB2, 0x9D, 0x29, 0x05, 0xA9, 0x00, 0x9D, 0x2E, 0x05,
    0xAD, 0xF6, 0x04, 0x9D, 0x33, 0x05, 0x60, 0xAD, 0x3D, 0x05, 0xD0, 0x01, 0x60, 0xA2, 0x05, 0x86,
    0x7D, 0xCA, 0xA9, 0x00, 0x85, 0x7C, 0xBD, 0x2E, 0x05, 0xD0, 0x0B, 0xBD, 0x15, 0x05, 0xC5, 0x7C,
    0x90, 0x04, 0x85, 0x7C, 0x86, 0x7D, 0xCA, 0x10, 0xED, 0xA6, 0x7D, 0xE0, 0x05, 0xB0, 0xDD, 0xA9,
    0xFF, 0x9D, 0x2E, 0x05, 0xBD, 0x38, 0x05, 0x30, 0x15, 0xC5, 0xC4, 0xF0, 0x11, 0x85, 0xC4, 0xA8,
    0xB9, 0xA2, 0x97, 0xA8, 0xB9, 0xA6, 0x97, 0x85, 0x20, 0xB9, 0xA8, 0x97, 0x85, 0x21, 0xBD, 0x38,
    0x05, 0xC9, 0x02, 0xD0, 0x79, 0xBD, 0x1A, 0x05, 0x29, 0x3F, 0xC9, 0x19, 0x90, 0x70, 0xC9, 0x20,
    0xB0, 0x6C, 0xC9, 0x1E, 0x66, 0x7C, 0xBD, 0x1A, 0x05, 0x0A, 0x10, 0x06, 0xA5, 0x7C, 0x49, 0x80,
    0x85, 0x7C, 0xBD, 0x1A, 0x05, 0x29, 0xBF, 0x9D, 0x1A, 0x05, 0x24, 0x7C, 0x10, 0x05, 0x20, 0x64,
    0x97, 0xA6, 0x7D, 0xBD, 0x1A, 0x05, 0x29, 0x7F, 0x38, 0xE9, 0x19, 0xA8, 0xBD, 0x1A, 0x05, 0x0A,
    0xB9, 0xBA, 0x9C, 0x90, 0x04, 0x49, 0xFF, 0x69, 0x00, 0x18, 0x7D, 0x24, 0x05, 0xC9, 0xF9, 0xB0,
    0x27, 0xC9, 0x07, 0x90, 0x23, 0xC9, 0x20, 0xB0, 0x09, 0x48, 0xBD, 0x24, 0x05, 0xC9, 0xE0, 0x68,
    0xB0, 0x16, 0x8D, 0x81, 0x03, 0xBD, 0x29, 0x05, 0x18, 0x79, 0xC2, 0x9C, 0x8D, 0x6A, 0x03, 0xBD,
    0x1A, 0x05, 0x18, 0x69, 0x07, 0x20, 0x73, 0x97, 0x24, 0x7C, 0x30, 0x05, 0xA6, 0x7D, 0x20, 0x64,
    0x97, 0x4C, 0x9D, 0x96, 0xBD, 0x24, 0x05, 0x8D, 0x81, 0x03, 0xBD, 0x29, 0x05, 0x8D, 0x6A, 0x03,
    0xBD, 0x1A, 0x05, 0xC9, 0x80, 0x08, 0x29, 0x7F, 0xA8, 0xBD, 0x1F, 0x05, 0xC9, 0x01, 0x6E, 0xF8,
    0x04, 0xA2, 0x00, 0x8E, 0x53, 0x03, 0xA9, 0x00, 0x28, 0x90, 0x02, 0xA9, 0x40, 0x2C, 0xF8, 0x04,
    0x10, 0x02, 0x09, 0x03, 0x48, 0xAD, 0x6A, 0x03, 0xC9, 0x5A, 0x68, 0x90, 0x02, 0x09, 0x20, 0x4C,
    0xC1, 0xF8, 0x00, 0x00, 0x01, 0x01, 0x16, 0x19, 0x80, 0x82, 0xA5, 0x57, 0x29, 0xF0, 0x4A, 0x85,
    0x7C, 0xA5, 0x53, 0x4A, 0x4A, 0x4A, 0x4A, 0x18, 0x65, 0x7C, 0xA8, 0x60, 0x29, 0xF0, 0x4A, 0x85,
    0xA3, 0x8A, 0x4A, 0x4A, 0x4A, 0x4A, 0x18, 0x65, 0xA3, 0xA8, 0x60, 0x00, 0x01, 0x02, 0x03, 0x04,
    0x05, 0x06, 0x07, 0x08, 0x09, 0x10, 0x11, 0x12, 0x13, 0x14, 0x15, 0x16, 0x17, 0x18, 0x19, 0x20,
    0x21, 0x22, 0x23, 0x24, 0x25, 0x26, 0x27, 0x28, 0x29, 0x30, 0x31, 0x32, 0x33, 0x34, 0x35, 0x36,
    0x37, 0x38, 0x39, 0x40, 0x41, 0x42, 0x43, 0x44, 0x45, 0x46, 0x47, 0x48, 0x49, 0x50, 0x51, 0x52,
    0x53, 0x54, 0x55, 0x56, 0x57, 0x58, 0x59, 0x60, 0x61, 0x62, 0x63, 0xBD, 0x3B, 0x04, 0x29, 0x7F,
    0x38, 0xD0, 0x05, 0xBD, 0x3A, 0x04, 0xC9, 0x32, 0x66, 0xA8, 0xBD, 0x53, 0x04, 0x29, 0x7F, 0x38,
    0xD0, 0x05, 0xBD, 0x52, 0x04, 0xC9, 0x32, 0x66, 0xA9, 0xBD, 0x3B, 0x04, 0x1D, 0x53, 0x04, 0x30,
    0x10, 0xA0, 0x05, 0x24, 0xA8, 0x30, 0x01, 0x88, 0x24, 0xA9, 0x30, 0x02, 0xA0, 0x06, 0x4C, 0x7B,
    0x98, 0xBD, 0x3B, 0x04, 0x3D, 0x53, 0x04, 0x10, 0x10, 0xA0, 0x01, 0x24, 0xA8, 0x30, 0x01, 0x88,
    0x24, 0xA9, 0x30, 0x02, 0xA0, 0x02, 0x4C, 0x7B, 0x98, 0xBD, 0x3B, 0x04, 0x30, 0x10, 0xA0, 0x07,
    0x24, 0xA9, 0x30, 0x01, 0x88, 0x24, 0xA8, 0x30, 0x02, 0xA0, 0x00, 0x4C, 0x7B, 0x98, 0xA0, 0x03,
    0x24, 0xA9, 0x30, 0x01, 0x88, 0x24, 0xA8, 0x30, 0x02, 0xA0, 0x04, 0x60, 0x85, 0x7D, 0xA4, 0x7C,
    0xB0, 0x16, 0xA5, 0x7C, 0x85, 0xBA, 0xA9, 0x99, 0x85, 0x7E, 0x38, 0x20, 0x56, 0xA2, 0xA8, 0xA5,
    0x7D, 0x85, 0xBA, 0xA9, 0x99, 0x20, 0x56, 0xA2, 0xC9, 0x40, 0x90, 0x21, 0x8D, 0xF8, 0x04, 0x8C,
    0xF9, 0x04, 0xA5, 0x7E, 0x49, 0x80, 0x85, 0x7E, 0xAD, 0xF9, 0x04, 0x85, 0xBA, 0xA9, 0x00, 0x20,
    0x56, 0xA2, 0xA8, 0xAD, 0xF8, 0x04, 0x85, 0xBA, 0xA9, 0x80, 0x20, 0x56, 0xA2, 0x60, 0x01, 0x02,
    0x00, 0x00, 0x03, 0x03, 0x03, 0x01, 0x64, 0x28, 0x14, 0x00, 0x00, 0x00, 0x00, 0x00, 0x14, 0x14,
    0x14, 0x28, 0xF8, 0xF0, 0xE8, 0xE0, 0xD8, 0xD0, 0xC8, 0xC0, 0xB8, 0xB0, 0xFA, 0xFA, 0x18, 0x18,
    0x36, 0x36, 0x54, 0x54, 0x72, 0x72, 0x00, 0x00, 0x01, 0x01, 0x01, 0x01, 0x01, 0x01, 0x01, 0x01,
    0xA9, 0x13, 0x85, 0x9F, 0xAD, 0x3E, 0x05, 0x20, 0x0F, 0x99, 0xE6, 0x9F, 0xAD, 0x40, 0x05, 0x20,
    0x0F, 0x99, 0xE6, 0x9F, 0xAD, 0x41, 0x05, 0x20, 0x0F, 0x99, 0xE6, 0x9F, 0xAD, 0x42, 0x05, 0xA2,
    0x1A, 0x86, 0xA0, 0x20, 0x81, 0x95, 0xA2, 0x1A, 0xA9, 0x03, 0x4C, 0x47, 0x93, 0xC9, 0x20, 0xD0,
    0x04, 0xA9, 0x02, 0xB0, 0x1B, 0xC9, 0x2D, 0xD0, 0x04, 0xA9, 0x2F, 0xB0, 0x13, 0xC9, 0x61, 0xB0,
    0x09, 0x38, 0xE9, 0x30, 0x18, 0x69, 0x08, 0x4C, 0x40, 0x99, 0x38, 0xE9, 0x61, 0x18, 0x69, 0x12,
    0x60, 0xA5, 0xAB, 0x29, 0x7F, 0x85, 0x81, 0xA5, 0xAF, 0x29, 0x7F, 0xA4, 0xAE, 0xC5, 0x81, 0x90,
    0x06, 0xD0, 0x11, 0xC4, 0xAA, 0xB0, 0x0D, 0xA6, 0x81, 0x85, 0x81, 0x84, 0x80, 0x8A, 0xA4, 0xAA,
    0xA2, 0xFF, 0x30, 0x06, 0xA6, 0xAA, 0x86, 0x80, 0xA2, 0x00, 0x85, 0x7C, 0x84, 0x7D, 0x8D, 0x02,
    0x05, 0x8C, 0x01, 0x05, 0x8E, 0x00, 0x05, 0x8D, 0xFC, 0x04, 0x8C, 0xFB, 0x04, 0x8E, 0xFA, 0x04,
    0x46, 0x7C, 0x66, 0x7D, 0x86, 0x82, 0xA9, 0x00, 0x85, 0x7E, 0x85, 0x7F, 0xA0, 0x10, 0x06, 0x7C,
    0x26, 0x7D, 0x26, 0x7E, 0x26, 0x7F, 0x38, 0xA5, 0x7E, 0xE5, 0x80, 0xAA, 0xA5, 0x7F, 0xE5, 0x81,
    0x90, 0x06, 0x86, 0x7E, 0x85, 0x7F, 0xE6, 0x7C, 0x88, 0xD0, 0xE3, 0xA0, 0x80, 0xA9, 0x00, 0x8D,
    0x88, 0x05, 0xA9, 0xFF, 0x8D, 0x89, 0x05, 0xA5, 0x7D, 0xD9, 0x16, 0xC1, 0x90, 0x3B, 0xD0, 0x09,
    0xA5, 0x7C, 0xD9, 0x76, 0xCA, 0x90, 0x32, 0xF0, 0x4E, 0x8C, 0x88, 0x05, 0xC0, 0xFF, 0xF0, 0x47,
    0xA5, 0x7D, 0xD9, 0x17, 0xC1, 0x90, 0x40, 0xD0, 0x09, 0xA5, 0x7C, 0xD9, 0x77, 0xCA, 0x90, 0x37,
    0xF0, 0x35, 0x98, 0x85, 0x7E, 0xAD, 0x89, 0x05, 0x38, 0xE5, 0x7E, 0xF0, 0x2A, 0x4A, 0xD0, 0x02,
    0xA9, 0x01, 0x18, 0x65, 0x7E, 0xA8, 0x4C, 0xB7, 0x99, 0x98, 0xF0, 0x1B, 0x85, 0x7E, 0x8D, 0x89,
    0x05, 0x38, 0xED, 0x88, 0x05, 0xF0, 0x10, 0x4A, 0xD0, 0x02, 0xA9, 0x01, 0x85, 0x7F, 0xA5, 0x7E,
    0x38, 0xE5, 0x7F, 0xA8, 0x4C, 0xB7, 0x99, 0xA5, 0x7C, 0x38, 0xF9, 0x76, 0xCA, 0x85, 0x7E, 0xA5,
    0x7D, 0xF9, 0x16, 0xC1, 0x85, 0x7F, 0x90, 0x27, 0xA5, 0x7C, 0x18, 0x65, 0x7E, 0x85, 0x7E, 0xA5,
    0x7D, 0x65, 0x7F, 0x85, 0x7F, 0xB0, 0x0E, 0xD9, 0x17, 0xC1, 0x90, 0x13, 0xD0, 0x07, 0xA5, 0x7E,
    0xD9, 0x77, 0xCA, 0x90, 0x0A, 0xA9, 0x00, 0xC8, 0xD0, 0x02, 0xA9, 0x01, 0x4C, 0x51, 0x9A, 0xA9,
    0x00, 0x85, 0x7F, 0x84, 0x7E, 0xA9, 0x00, 0x38, 0xE5, 0x7E, 0x85, 0x7E, 0xA9, 0x01, 0xE5, 0x7F,
    0x85, 0x7F, 0x24, 0x82, 0x10, 0x03, 0x20, 0xCB, 0x9A, 0xA5, 0xAB, 0x45, 0xAF, 0x10, 0x03, 0x20,
    0xCB, 0x9A, 0x24, 0xAB, 0x30, 0x06, 0x24, 0xAF, 0x10, 0x14, 0x30, 0x0B, 0x18, 0xA5, 0x7F, 0x69,
    0x04, 0x85, 0x7F, 0x24, 0xAF, 0x30, 0x07, 0xA5, 0x7F, 0x18, 0x69, 0x02, 0x85, 0x7F, 0xA9, 0x02,
    0x85, 0x81, 0xA5, 0x9E, 0x38, 0xE5, 0x81, 0x29, 0x07, 0x85, 0x81, 0xA5, 0x7E, 0x38, 0xE5, 0x9D,
    0x85, 0x80, 0xA5, 0x7F, 0xE5, 0x81, 0x85, 0x81, 0xB0, 0x20, 0xA9, 0xFF, 0x38, 0xE5, 0x80, 0x85,
    0x80, 0xA9, 0xFF, 0xE5, 0x81, 0x85, 0x81, 0xE6, 0x80, 0xD0, 0x02, 0xE6, 0x81, 0xA9, 0x00, 0x38,
    0xE5, 0x80, 0x85, 0x80, 0xA9, 0x08, 0xE5, 0x81, 0x85, 0x81, 0x60, 0xA9, 0x00, 0x38, 0xE5, 0x7E,
    0x85, 0x7E, 0xA9, 0x02, 0xE5, 0x7F, 0x85, 0x7F, 0x60, 0x13, 0x12, 0x11, 0x92, 0x93, 0x94, 0x15,
    0x14, 0x0F, 0x0F, 0x00, 0x10, 0x0F, 0x0F, 0x00, 0x25, 0x0F, 0x2B, 0x00, 0x0F, 0x0F, 0x01, 0x21,
    0x13, 0x0F, 0x0F, 0x1A, 0x28, 0x0F, 0x21, 0x00, 0x0F, 0x0F, 0x37, 0x19, 0x25, 0x0F, 0x30, 0x07,
    0x0F, 0x0F, 0x1A, 0x28, 0x0F, 0x1A, 0x28, 0x0F, 0x1A, 0x28, 0x0F, 0x00, 0x10, 0x0F, 0x00, 0x10,
    0x0F, 0x13, 0x23, 0x0F, 0x00, 0x10, 0x09, 0x19, 0x19, 0xA9, 0x01, 0x8D, 0xFA, 0x05, 0x86, 0x7C,
    0x84, 0x7D, 0xAD, 0xF6, 0x04, 0x4A, 0xAA, 0xBD, 0x5D, 0x05, 0xF0, 0x2E, 0xA5, 0xB0, 0x38, 0xFD,
    0x5D, 0x05, 0xF0, 0x2B, 0x08, 0x68, 0x29, 0x01, 0xA8, 0x5D, 0x53, 0x05, 0xF0, 0x14, 0xA9, 0xFF,
    0x9D, 0x67, 0x05, 0xFE, 0x67, 0x05, 0x98, 0x9D, 0x53, 0x05, 0xBD, 0x5D, 0x05, 0x85, 0xB0, 0x4C,
    0x5F, 0x9B, 0xBD, 0x67, 0x05, 0xCD, 0xFA, 0x05, 0x90, 0xE9, 0xA5, 0xB0, 0x9D, 0x5D, 0x05, 0xBD,
    0x62, 0x05, 0xF0, 0x2E, 0xA5, 0xB2, 0x38, 0xFD, 0x62, 0x05, 0xF0, 0x2B, 0x08, 0x68, 0x29, 0x01,
    0xA8, 0x5D, 0x58, 0x05, 0xF0, 0x14, 0xA9, 0xFF, 0x9D, 0x6C, 0x05, 0xFE, 0x6C, 0x05, 0x98, 0x9D,
    0x58, 0x05, 0xBD, 0x62, 0x05, 0x85, 0xB2, 0x4C, 0x97, 0x9B, 0xBD, 0x6C, 0x05, 0xCD, 0xFA, 0x05,
    0x90, 0xE9, 0xA5, 0xB2, 0x9D, 0x62, 0x05, 0xA6, 0x7C, 0xA4, 0x7D, 0x60, 0x01, 0x02, 0x03, 0x04,
    0x06, 0x07, 0x08, 0x0A, 0x0B, 0x0C, 0x0E, 0x0F, 0x10, 0x12, 0x13, 0x14, 0x15, 0x17, 0x18, 0x19,
    0x1B, 0x1C, 0x1D, 0x1F, 0x20, 0x21, 0x22, 0x24, 0x25, 0x26, 0x28, 0x29, 0x2A, 0x2B, 0x2D, 0x2E,
    0x2F, 0x31, 0x32, 0x33, 0x34, 0x36, 0x37, 0x38, 0x39, 0x3B, 0x3C, 0x3D, 0x3E, 0x40, 0x41, 0x42,
    0x43, 0x45, 0x46, 0x47, 0x48, 0x4A, 0x4B, 0x4C, 0x4D, 0x4E, 0x50, 0x51, 0x52, 0x53, 0x54, 0x56,
    0x57, 0x58, 0x59, 0x5A, 0x5C, 0x5D, 0x5E, 0x5F, 0x60, 0x61, 0x63, 0x64, 0x65, 0x66, 0x67, 0x68,
    0x6A, 0x6B, 0x6C, 0x6D, 0x6E, 0x6F, 0x70, 0x71, 0x73, 0x74, 0x75, 0x76, 0x77, 0x78, 0x79, 0x7A,
    0x7B, 0x7C, 0x7D, 0x7E, 0x7F, 0x80, 0x82, 0x83, 0x84, 0x85, 0x86, 0x87, 0x88, 0x89, 0x8A, 0x8B,
    0x8C, 0x8D, 0x8E, 0x8F, 0x90, 0x91, 0x92, 0x92, 0x93, 0x94, 0x95, 0x96, 0x97, 0x98, 0x99, 0x9A,
    0x9B, 0x9C, 0x9D, 0x9E, 0x9E, 0x9F, 0xA0, 0xA1, 0xA2, 0xA3, 0xA4, 0xA4, 0xA5, 0xA6, 0xA7, 0xA8,
    0xA8, 0xA9, 0xAA, 0xAB, 0xAC, 0xAC, 0xAD, 0xAE, 0xAF, 0xAF, 0xB0, 0xB1, 0xB2, 0xB2, 0xB3, 0xB4,
    0xB5, 0xB5, 0xB6, 0xB7, 0xB7, 0xB8, 0xB9, 0xB9, 0xBA, 0xBB, 0xBB, 0xBC, 0xBC, 0xBD, 0xBE, 0xBE,
    0xBF, 0xBF, 0xC0, 0xC1, 0xC1, 0xC2, 0xC2, 0xC3, 0xC3, 0xC4, 0xC4, 0xC5, 0xC5, 0xC6, 0xC6, 0xC7,
    0xC7, 0xC8, 0xC8, 0xC9, 0xC9, 0xCA, 0xCA, 0xCA, 0xCB, 0xCB, 0xCC, 0xCC, 0xCC, 0xCD, 0xCD, 0xCD,
    0xCE, 0xCE, 0xCF, 0xCF, 0xCF, 0xCF, 0xD0, 0xD0, 0xD0, 0xD1, 0xD1, 0xD1, 0xD1, 0xD2, 0xD2, 0xD2,
    0xD2, 0xD3, 0xD3, 0xD3, 0xD3, 0xD3, 0xD4, 0xD4, 0xD4, 0xD4, 0xD4, 0xD4, 0xD5, 0xD5, 0xD5, 0xD5,
    0xD5, 0xD5, 0xD5, 0xD5, 0xD5, 0xD5, 0xD5, 0xD5, 0xD6, 0xD6, 0xD6, 0xD6, 0x2E, 0x01, 0x20, 0x08,
    0x00, 0x00, 0x00, 0x80, 0x80, 0x80, 0x00, 0x00, 0x00, 0x00, 0x00, 0x40, 0x40, 0x40, 0x05, 0x03,
    0x07, 0x01, 0x19, 0x19, 0x1A, 0x1B, 0x1C, 0x1D, 0x1E, 0x1F, 0x00, 0x01, 0x00, 0x00, 0x00, 0xFD,
    0x09, 0x00, 0x00, 0xFF, 0xFE, 0xFA, 0xFA, 0xF7, 0xF8, 0x00, 0x02, 0x03, 0x04, 0x05, 0x06, 0x07,
    0x08, 0x08, 0x02, 0x03, 0x04, 0x05, 0x06, 0x07, 0x08, 0x08, 0x02, 0x03, 0x04, 0x05, 0x06, 0x07,
    0x08, 0x08, 0x09, 0x09, 0x0A, 0x0A, 0x0B, 0x0B, 0x0C, 0x0C, 0x11, 0x11, 0x12, 0x12, 0x13, 0x13,
    0x14, 0x14, 0x11, 0x11, 0x12, 0x12, 0x13, 0x13, 0x14, 0x14, 0x15, 0x15, 0x16, 0x16, 0x17, 0x17,
    0x18, 0x18, 0x27, 0x27, 0x28, 0x28, 0x29, 0x29, 0x2A, 0x2A, 0x61, 0x5F, 0x00, 0x00, 0x62, 0x60,
    0x00, 0x00, 0x59, 0x57, 0x03, 0x00, 0x5A, 0x58, 0x04, 0x00, 0x5D, 0x5B, 0x05, 0x00, 0x5E, 0x5C,
    0x06, 0x00, 0x03, 0x03, 0x03, 0x03, 0x43, 0x83, 0x03, 0x03, 0x00, 0x00, 0x00, 0x0E, 0x04, 0x0E,
    0x07, 0x0E, 0x09, 0x0E, 0x00, 0x00, 0x0E, 0x00, 0x0E, 0x04, 0x0E, 0x07, 0x0E, 0x09, 0x00, 0xC4,
    0x0C, 0x0D, 0x0C, 0x0D, 0x0C, 0x0D, 0x0C, 0x0D, 0x00, 0x00, 0x43, 0x83, 0x43, 0x83, 0x03, 0x03,
    0x43, 0x83, 0x00, 0x00, 0x1C, 0x0E, 0x18, 0x0E, 0x16, 0x0E, 0x14, 0x0E, 0x00, 0x00, 0x0E, 0x1C,
    0x0E, 0x18, 0x0E, 0x16, 0x0E, 0x14, 0x00, 0xC4, 0x04, 0x04, 0x03, 0x02, 0x01, 0x00, 0x00, 0x0C,
    0x0C, 0x0B, 0x0A, 0x09, 0x08, 0x08, 0x14, 0x14, 0x13, 0x12, 0x11, 0x10, 0x10, 0x1C, 0x1C, 0x1B,
    0x1A, 0x19, 0x18, 0x18, 0x24, 0x24, 0x23, 0x22, 0x21, 0x20, 0x20, 0x2C, 0x2C, 0x2B, 0x2A, 0x29,
    0x28, 0x28, 0x34, 0x34, 0x33, 0x32, 0x31, 0x30, 0x30, 0x3C, 0x3C, 0x3B, 0x3A, 0x39, 0x38, 0x38,
    0x44, 0x44, 0x43, 0x42, 0x41, 0x40, 0x40, 0x4C, 0x4C, 0x4B, 0x4A, 0x49, 0x48, 0x48, 0x54, 0x54,
    0x53, 0x52, 0x51, 0x50, 0x50, 0x5C, 0x5C, 0x5B, 0x5A, 0x59, 0x58, 0x58, 0x64, 0x64, 0x63, 0x62,
    0x61, 0x60, 0x60, 0x6C, 0x6C, 0x6B, 0x6A, 0x69, 0x68, 0x68, 0x74, 0x74, 0x73, 0x72, 0x71, 0x70,
    0x70, 0x7C, 0x7C, 0x7B, 0x7A, 0x79, 0x78, 0x78, 0x84, 0x84, 0x83, 0x82, 0x81, 0x80, 0x80, 0x8C,
    0x8C, 0x8B, 0x8A, 0x89, 0x88, 0x88, 0x94, 0x94, 0x93, 0x92, 0x91, 0x90, 0x90, 0x9C, 0x9C, 0x9B,
    0x9A, 0x99, 0x98, 0x98, 0xA4, 0xA4, 0xA3, 0xA2, 0xA1, 0xA0, 0xA0, 0xAC, 0xAC, 0xAB, 0xAA, 0xA9,
    0xA8, 0xA8, 0xB4, 0xB4, 0xB3, 0xB2, 0xB1, 0xB0, 0xB0, 0xBC, 0xBC, 0xBB, 0xBA, 0xB9, 0xB8, 0xB8,
    0xC4, 0xC4, 0xC3, 0xC2, 0xC1, 0xC0, 0xC0, 0xCC, 0xCC, 0xCB, 0xCA, 0xC9, 0xC8, 0xC8, 0xD4, 0xD4,
    0xD3, 0xD2, 0xD1, 0xD0, 0xD0, 0xDC, 0xDC, 0xDB, 0xDA, 0xD9, 0xD8, 0xD8, 0xE4, 0xE4, 0xE3, 0xE2,
    0xE1, 0xE0, 0xE0, 0xEC, 0xEC, 0xEB, 0xEA, 0xE9, 0xE8, 0xE8, 0xF4, 0xF4, 0xF3, 0xF2, 0xF1, 0xF0,
    0xF0, 0xFC, 0xFC, 0xFB, 0xFA, 0xF9, 0xF8, 0xF8, 0x54, 0x54, 0x53, 0x52, 0x51, 0x50, 0x50, 0x5C,
    0x5C, 0x5B, 0x5A, 0x59, 0x58, 0x58, 0x64, 0x64, 0x63, 0x62, 0x61, 0x60, 0x60, 0x6C, 0x6C, 0x6B,
    0x6B, 0x6A, 0x6A, 0x69, 0x69, 0x68, 0x68, 0x68, 0xA5, 0xAB, 0xA4, 0xAA, 0x20, 0xE1, 0x95, 0xAE,
    0xF6, 0x04, 0xAD, 0x03, 0x05, 0x29, 0x80, 0x05, 0x7D, 0x85, 0xAB, 0x9D, 0x3B, 0x04, 0xA5, 0x7C,
    0x85, 0xAA, 0x9D, 0x3A, 0x04, 0x38, 0x7E, 0x9C, 0x04, 0xA5, 0xAF, 0xA4, 0xAE, 0x20, 0xE1, 0x95,
    0xAE, 0xF6, 0x04, 0xAD, 0x05, 0x05, 0x29, 0x80, 0x05, 0x7D, 0x85, 0xAF, 0x9D, 0x53, 0x04, 0xA5,
    0x7C, 0x85, 0xAE, 0x9D, 0x52, 0x04, 0xA5, 0xAD, 0xA4, 0xAC, 0x20, 0xE1, 0x95, 0xAE, 0xF6, 0x04,
    0xAD, 0x04, 0x05, 0x29, 0x80, 0x05, 0x7D, 0x9D, 0x47, 0x04, 0xA5, 0x7C, 0x9D, 0x46, 0x04, 0xA5,
    0x7C, 0x85, 0xB2, 0xA5, 0x7D, 0x85, 0xB3, 0x20, 0x41, 0x99, 0xA5, 0x7F, 0x8D, 0x50, 0x06, 0xA5,
    0x81, 0xC9, 0x04, 0x90, 0x02, 0x38, 0x60, 0xA5, 0x80, 0x85, 0xB0, 0xA5, 0x81, 0x4A, 0x66, 0xB0,
    0x4A, 0x66, 0xB0, 0x85, 0xB1, 0xA5, 0x7F, 0x85, 0x82, 0xA5, 0x7E, 0x66, 0x82, 0x6A, 0x85, 0x82,
    0xA5, 0x7F, 0x4D, 0xFA, 0x04, 0x29, 0x02, 0xD0, 0x07, 0xA9, 0xFF, 0x38, 0xE5, 0x82, 0x85, 0x82,
    0xA4, 0x82, 0xB9, 0x9C, 0x9B, 0x85, 0x82, 0xA9, 0x00, 0x85, 0x83, 0xA9, 0x00, 0x85, 0x7C, 0x85,
    0x7F, 0xAD, 0xFB, 0x04, 0x85, 0x7D, 0xAD, 0xFC, 0x04, 0x29, 0x7F, 0x85, 0x7E, 0xA0, 0x10, 0x06,
    0x7C, 0x26, 0x7D, 0x26, 0x7E, 0x26, 0x7F, 0x38, 0xA5, 0x7E, 0xE5, 0x82, 0xAA, 0xA5, 0x7F, 0xE5,
    0x83, 0x90, 0x06, 0x86, 0x7E, 0x85, 0x7F, 0xE6, 0x7C, 0x88, 0xD0, 0xE3, 0xA5, 0x7D, 0xC9, 0x02,
    0x90, 0x01, 0x60, 0x46, 0x7D, 0x66, 0x7C, 0xA5, 0x7C, 0x49, 0xFF, 0xD0, 0x02, 0xA9, 0x01, 0x8D,
    0xFD, 0x04, 0x2C, 0x04, 0x05, 0x30, 0x0D, 0xA9, 0x50, 0x18, 0x65, 0xB2, 0xAA, 0xA5, 0xB3, 0x69,
    0x00, 0x4C, 0x6E, 0x9F, 0xA9, 0x50, 0x38, 0xE5, 0xB2, 0xAA, 0xA9, 0x00, 0xE5, 0xB3, 0x85, 0xB3,
    0x86, 0xB2, 0xAE, 0xF6, 0x04, 0xAD, 0xFD, 0x04, 0x9D, 0x8C, 0x04, 0x4A, 0x4A, 0x4A, 0xE0, 0x04,
    0xB0, 0x02, 0x4A, 0x4A, 0x18, 0x65, 0xB2, 0x85, 0xB2, 0xA5, 0xB3, 0x69, 0x00, 0x85, 0xB3, 0xAD,
    0xFD, 0x04, 0xAC, 0xF6, 0x04, 0xAA, 0xA5, 0xB1, 0xD0, 0x18, 0xA6, 0xB0, 0xE0, 0x04, 0x90, 0x12,
    0xE0, 0xFF, 0xB0, 0x0E, 0xA5, 0xB3, 0xD0, 0x0A, 0xA5, 0xB2, 0xC9, 0x30, 0x90, 0x04, 0xC9, 0x80,
    0x90, 0x02, 0x38, 0x60, 0xAE, 0xF6, 0x04, 0xBD, 0x6E, 0x04, 0xC9, 0x05, 0xD0, 0x0A, 0xA5, 0xB2,
    0xC9, 0x64, 0x90, 0x04, 0xA9, 0x80, 0x85, 0xB0, 0xBC, 0x78, 0x04, 0xB9, 0x2C, 0x95, 0xA8, 0xBD,
    0x30, 0x04, 0xD0, 0x51, 0xBD, 0x5F, 0x04, 0x38, 0xED, 0x50, 0x06, 0xB0, 0x02, 0x69, 0x08, 0x38,
    0xE9, 0x01, 0x29, 0x07, 0xD0, 0x02, 0xA9, 0x08, 0x85, 0x7C, 0xA5, 0x7C, 0xC9, 0x09, 0x90, 0x02,
    0xE9, 0x08, 0x85, 0x7D, 0xBD, 0x6E, 0x04, 0xF0, 0x2F, 0x38, 0xE9, 0x01, 0x0A, 0x0A, 0x0A, 0x85,
    0x7C, 0xAD, 0xFD, 0x04, 0x4A, 0x4A, 0x4A, 0x4A, 0x4A, 0x18, 0x65, 0x7C, 0xA8, 0xB9, 0xB2, 0x9C,
    0xC9, 0x19, 0x90, 0x10, 0xC9, 0x20, 0xB0, 0x0C, 0xA6, 0x7D, 0xC9, 0x1E, 0x90, 0x03, 0x1D, 0x9F,
    0x9C, 0x1D, 0xA5, 0x9C, 0xA8, 0x4C, 0x46, 0xA0, 0xA6, 0x7D, 0xAD, 0xFD, 0x04, 0x4A, 0x4A, 0x4A,
    0x4A, 0x4A, 0x49, 0x07, 0xC9, 0x07, 0x90, 0x02, 0xA9, 0x06, 0x85, 0x7C, 0x0A, 0x0A, 0x18, 0x65,
    0x7C, 0x18, 0x7D, 0xD8, 0x9A, 0xA8, 0x84, 0xB5, 0x20, 0x19, 0x9B, 0xAD, 0xFD, 0x04, 0x20, 0x5E,
    0x96, 0xAE, 0xF6, 0x04, 0xE0, 0x04, 0xB0, 0x2E, 0xBD, 0x6E, 0x04, 0xC9, 0x03, 0x90, 0x02, 0xE9,
    0x05, 0xC9, 0x01, 0xD0, 0x06, 0x24, 0xB5, 0x50, 0x02, 0xA9, 0x07, 0x85, 0x7C, 0x0A, 0x18, 0x65,
    0x7C, 0x18, 0x69, 0x02, 0xA8, 0xAD, 0x78, 0x06, 0xD0, 0x0C, 0xA2, 0x02, 0xB9, 0x01, 0x9B, 0x9D,
    0x11, 0x03, 0x88, 0xCA, 0x10, 0xF6, 0xAE, 0xF6, 0x04, 0xBD, 0x1C, 0x04, 0xF0, 0x03, 0xFE, 0x1C,
    0x04, 0xBD, 0x6E, 0x04, 0x38, 0xE9, 0x08, 0xC9, 0x02, 0xB0, 0x41, 0x2C, 0x80, 0x05, 0x30, 0x3C,
    0xAC, 0xFD, 0x04, 0xC0, 0xE0, 0x90, 0x35, 0xA8, 0xB9, 0x7F, 0x06, 0xF0, 0x02, 0xA9, 0x01, 0x18,
    0x69, 0x01, 0x85, 0xDD, 0x99, 0x7F, 0x06, 0xC9, 0x01, 0xD0, 0x0C, 0xA9, 0xFF, 0x8D, 0x63, 0x06,
    0xA9, 0x00, 0x85, 0xA2, 0x20, 0x0A, 0xA1, 0xA9, 0xDD, 0x85, 0x3C, 0xA9, 0x5F, 0x85, 0x3B, 0xA9,
    0x01, 0x05, 0x18, 0x85, 0x18, 0xA9, 0x80, 0x8D, 0x60, 0x06, 0x38, 0x60, 0x18, 0x60, 0xA5, 0x4F,
    0x0A, 0x0A, 0x0A, 0x18, 0x69, 0x32, 0x8D, 0x3E, 0x05, 0xA5, 0x4F, 0x4A, 0x18, 0x69, 0x01, 0x8D,
    0x40, 0x05, 0xA5, 0x4F, 0x4A, 0x4A, 0x18, 0x69, 0x01, 0x8D, 0x41, 0x05, 0xA5, 0x4F, 0xC9, 0x04,
    0xA9, 0x96, 0x90, 0x02, 0xA9, 0xC8, 0x8D, 0x42, 0x05, 0x60, 0xA2, 0x04, 0xA5, 0x4F, 0x4A, 0x4A,
    0x85, 0xB9, 0x0A, 0x0A, 0x18, 0x65, 0xB9, 0xA8, 0xBD, 0x3E, 0x05, 0x18, 0x79, 0x2B, 0xA1, 0x90,
    0x02, 0xA9, 0xFF, 0x9D, 0x3E, 0x05, 0xC8, 0xCA, 0x10, 0xEE, 0x60, 0x64, 0x01, 0x01, 0x01, 0x19,
    0x96, 0x02, 0x02, 0x02, 0x32, 0xC8, 0x03, 0x03, 0x03, 0x4B, 0x8E, 0x78, 0x05, 0x8C, 0x79, 0x05,
    0xC9, 0x02, 0x90, 0x02, 0xE9, 0x08, 0xAA, 0xFE, 0xA5, 0x03, 0xCE, 0xB4, 0x05, 0xD0, 0x12, 0xA4,
    0x4F, 0xB9, 0xE9, 0x91, 0x0A, 0xA9, 0x80, 0x90, 0x05, 0x20, 0x19, 0x8D, 0xA9, 0x90, 0x8D, 0x75,
    0x05, 0x38, 0x20, 0xD4, 0xAF, 0xA2, 0x04, 0xD0, 0x12, 0x8E, 0x78, 0x05, 0x8C, 0x79, 0x05, 0xA2,
    0x06, 0xD0, 0x08, 0x8E, 0x78, 0x05, 0x8C, 0x79, 0x05, 0xA2, 0x05, 0xA9, 0x01, 0x20, 0x55, 0xBE,
    0xAE, 0x78, 0x05, 0xAC, 0x79, 0x05, 0x60, 0x24, 0x33, 0x10, 0x01, 0x60, 0xA9, 0x00, 0x85, 0xBE,
    0x85, 0xA3, 0xB5, 0x97, 0x0A, 0x86, 0xA3, 0x2C, 0x80, 0x05, 0x10, 0x0D, 0xA6, 0x8E, 0xF0, 0x09,
    0xAE, 0x7E, 0x05, 0xE8, 0xE8, 0xE8, 0x4C, 0xAC, 0xA1, 0xAE, 0x7E, 0x05, 0xE0, 0x00, 0xF0, 0x07,
    0x0A, 0x26, 0xBE, 0xCA, 0x4C, 0xAC, 0xA1, 0x48, 0xA6, 0xBE, 0xBD, 0xCB, 0x97, 0x85, 0xBE, 0x85,
    0xBE, 0x85, 0xA4, 0x68, 0xA6, 0xA3, 0x18, 0x75, 0x91, 0x95, 0x91, 0xB0, 0x04, 0xA5, 0xBE, 0xF0,
    0x4B, 0xA9, 0x01, 0x85, 0xA3, 0xB5, 0x97, 0x10, 0x23, 0x08, 0x68, 0x49, 0x01, 0x48, 0x28, 0xB9,
    0x52, 0x00, 0x20, 0x1D, 0xA2, 0x99, 0x52, 0x00, 0xA9, 0x00, 0x85, 0xBE, 0xB9, 0x53, 0x00, 0x20,
    0x1D, 0xA2, 0xB0, 0x02, 0xA9, 0x79, 0x99, 0x53, 0x00, 0x4C, 0x18, 0xA2, 0xB9, 0x52, 0x00, 0x20,
    0x33, 0xA2, 0x99, 0x52, 0x00, 0xA9, 0x00, 0x85, 0xBE, 0xB9, 0x53, 0x00, 0x20, 0x33, 0xA2, 0xC9,
    0x80, 0x90, 0x02, 0xA9, 0x00, 0x99, 0x53, 0x00, 0x38, 0x6E, 0x96, 0x06, 0x60, 0x85, 0xBD, 0xE5,
    0xBE, 0x08, 0x85, 0xC0, 0x29, 0x0F, 0x85, 0xBF, 0xA5, 0xBD, 0x29, 0x0F, 0xC5, 0xBF, 0xA5, 0xC0,
    0x4C, 0x69, 0xA2, 0x85, 0xBD, 0x65, 0xBE, 0x08, 0x85, 0xC0, 0xA5, 0xBD, 0x29, 0x0F, 0x85, 0xBF,
    0xA5, 0xC0, 0x29, 0x0F, 0xC5, 0xBF, 0x90, 0x06, 0xC9, 0x0A, 0xA5, 0xC0, 0x90, 0x05, 0xA5, 0xC0,
    0x18, 0x69, 0x06, 0x4C, 0x96, 0xA2, 0x85, 0xB9, 0xE5, 0xBA, 0x08, 0x85, 0xBC, 0x29, 0x0F, 0x85,
    0xBB, 0xA5, 0xB9, 0x29, 0x0F, 0xC5, 0xBB, 0xA5, 0xBC, 0xB0, 0x02, 0xE9, 0x05, 0x28, 0xB0, 0x03,
    0xE9, 0x5F, 0x18, 0x29, 0xFF, 0x60, 0x85, 0xB9, 0x65, 0xBA, 0x08, 0x85, 0xBC, 0xA5, 0xB9, 0x29,
    0x0F, 0x85, 0xBB, 0xA5, 0xBC, 0x29, 0x0F, 0xC5, 0xBB, 0x90, 0x06, 0xC9, 0x0A, 0xA5, 0xBC, 0x90,
    0x05, 0xA5, 0xBC, 0x18, 0x69, 0x06, 0x28, 0xB0, 0x04, 0xC9, 0xA0, 0x90, 0x04, 0x18, 0x69, 0x60,
    0x38, 0x29, 0xFF, 0x60, 0x8C, 0xF7, 0x04, 0xA0, 0x07, 0x24, 0x50, 0x50, 0x02, 0xA0, 0x04, 0xA5,
    0x1B, 0x0A, 0x45, 0x1B, 0x0A, 0x26, 0x1B, 0x88, 0x10, 0xF5, 0xAC, 0xF7, 0x04, 0xA5, 0x1B, 0x60,
    0x6D, 0xF2, 0x0B, 0xF4, 0xF6, 0xF3, 0x00, 0x00, 0x0B, 0xF4, 0xD9, 0xF3, 0xD3, 0xF2, 0x39, 0xF3,
    0xD9, 0xF3, 0x00, 0x00, 0x90, 0x2C, 0x01, 0x01, 0xC8, 0xA2, 0xC0, 0xA2, 0x00, 0x80, 0x80, 0x00,
    0x00, 0x80, 0x80, 0x0F, 0x38, 0x30, 0x26, 0x97, 0x9F, 0x9F, 0xA7, 0xAF, 0x80, 0x80, 0x90, 0x90,
    0xA0, 0xA0, 0xB0, 0xB0, 0xC0, 0xC0, 0x05, 0x05, 0x06, 0x06, 0x07, 0x07, 0x08, 0x09, 0x0A, 0x0B,
    0xA5, 0x1B, 0x29, 0x03, 0xA8, 0xB9, 0xED, 0xA3, 0xC9, 0x80, 0xD0, 0x09, 0x20, 0xA4, 0xA2, 0xC9,
    0xF0, 0x90, 0x02, 0xA9, 0xF0, 0x9D, 0xD6, 0x03, 0xB9, 0xF1, 0xA3, 0xC9, 0x80, 0xD0, 0x08, 0x20,
    0xA4, 0xA2, 0x29, 0x1F, 0x18, 0x69, 0x54, 0x9D, 0xE0, 0x03, 0x38, 0x6E, 0x85, 0x05, 0x30, 0x2C,
    0x20, 0xA4, 0xA2, 0xC9, 0xF0, 0x90, 0x02, 0xA9, 0xF0, 0x9D, 0xD6, 0x03, 0xA9, 0x4C, 0x9D, 0xE0,
    0x03, 0x4E, 0x85, 0x05, 0x2C, 0x81, 0x06, 0x10, 0x13, 0xA5, 0x4F, 0x0A, 0x0A, 0x0A, 0x18, 0x69,
    0x60, 0x85, 0xA3, 0x20, 0xA4, 0xA2, 0xC5, 0xA3, 0xA9, 0x18, 0x90, 0x02, 0xA9, 0x03, 0x9D, 0xFE,
    0x03, 0xA5, 0x8C, 0x38, 0xFD, 0xD6, 0x03, 0xB0, 0x04, 0x49, 0xFF, 0x69, 0x01, 0x85, 0xA3, 0xA9,
    0x28, 0x38, 0xFD, 0xE0, 0x03, 0xB0, 0x04, 0x49, 0xFF, 0x69, 0x01, 0x18, 0x65, 0xA3, 0x24, 0xA3,
    0x10, 0x03, 0x46, 0xA3, 0x4A, 0x85, 0xA6, 0xC9, 0x00, 0xF0, 0x29, 0xA5, 0xA3, 0xA0, 0x08, 0x38,
    0xE5, 0xA6, 0xD0, 0x04, 0xA9, 0xFF, 0x30, 0x1C, 0x90, 0x09, 0x26, 0xA3, 0x0A, 0x38, 0xE5, 0xA6,
    0x4C, 0xA9, 0xA3, 0x26, 0xA3, 0x0A, 0x18, 0x65, 0xA6, 0x88, 0xD0, 0xEC, 0xB0, 0x03, 0x65, 0xA6,
    0x18, 0xA5, 0xA3, 0x2A, 0x4A, 0x85, 0xA3, 0xBC, 0xD6, 0x03, 0xC4, 0x8C, 0x2C, 0x85, 0x05, 0x10,
    0x03, 0x90, 0x05, 0x18, 0xB0, 0x02, 0x09, 0x80, 0x9D, 0xEA, 0x03, 0xA9, 0x7F, 0x38, 0xE5, 0xA3,
    0xBC, 0xE0, 0x03, 0xC0, 0x28, 0x2C, 0x85, 0x05, 0x10, 0x03, 0x90, 0x05, 0x18, 0xB0, 0x02, 0x09,
    0x80, 0x9D, 0xF4, 0x03, 0xA9, 0x00, 0x9D, 0x08, 0x04, 0x9D, 0x12, 0x04, 0x60, 0x00, 0x80, 0xFF,
    0x80, 0x80, 0x78, 0x80, 0x78, 0xA2, 0x09, 0xBC, 0xA2, 0xBD, 0xBD, 0x12, 0x04, 0xC9, 0x01, 0xBD,
    0xD6, 0x03, 0x90, 0x02, 0xA9, 0x00, 0x99, 0xDB, 0x07, 0xBD, 0xE0, 0x03, 0x90, 0x02, 0xA9, 0xF0,
    0x99, 0xD8, 0x07, 0xBD, 0xE0, 0x03, 0x38, 0xE9, 0x4C, 0x4A, 0x4A, 0x4A, 0xC9, 0x03, 0x90, 0x02,
    0xA9, 0x03, 0x18, 0x7D, 0xFE, 0x03, 0x99, 0xD9, 0x07, 0xA9, 0x23, 0x99, 0xDA, 0x07, 0xCA, 0x10,
    0xC6, 0xA2, 0x07, 0xBC, 0xA2, 0xBD, 0xBD, 0x41, 0x06, 0xC9, 0x01, 0xBD, 0x01, 0x06, 0xB0, 0x02,
    0xA9, 0x00, 0x99, 0x17, 0x07, 0xBD, 0x09, 0x06, 0xB0, 0x02, 0xA9, 0xF0, 0x99, 0x14, 0x07, 0xBD,
    0x11, 0x06, 0xC9, 0xA0, 0xA9, 0x10, 0xB0, 0x02, 0xA9, 0x11, 0x99, 0x15, 0x07, 0xA9, 0x03, 0x99,
    0x16, 0x07, 0xCA, 0x10, 0xCE, 0x30, 0x32, 0xBC, 0xA2, 0xBD, 0xBD, 0x45, 0x06, 0xC9, 0x01, 0xBD,
    0x05, 0x06, 0xB0, 0x02, 0xA9, 0x00, 0x99, 0x17, 0x07, 0xBD, 0x0D, 0x06, 0xB0, 0x02, 0xA9, 0xF0,
    0x99, 0x14, 0x07, 0xBD, 0x15, 0x06, 0xC9, 0x60, 0xA9, 0x10, 0xB0, 0x02, 0xA9, 0x11, 0x99, 0x15,
    0x07, 0xA9, 0x03, 0x99, 0x16, 0x07, 0xCA, 0x10, 0xCE, 0xA2, 0x01, 0xBC, 0xA2, 0xBD, 0xBD, 0x07,
    0x05, 0x18, 0x65, 0xC3, 0x99, 0xD3, 0x07, 0xBD, 0x09, 0x05, 0x2C, 0xD5, 0x03, 0x10, 0x05, 0xA9,
    0xF8, 0x99, 0xD3, 0x07, 0x99, 0xD0, 0x07, 0xA9, 0x10, 0xE0, 0x00, 0xF0, 0x02, 0xA9, 0x10, 0x99,
    0xD1, 0x07, 0xCA, 0x10, 0xD6, 0x60, 0xAD, 0x04, 0x01, 0xF0, 0x55, 0xA2, 0x03, 0x8E, 0x3B, 0x01,
    0x38, 0x6E, 0x3E, 0x01, 0x20, 0xC2, 0xA8, 0xAD, 0x37, 0x01, 0x18, 0x6D, 0x38, 0x01, 0x8D, 0x38,
    0x01, 0x6E, 0x3D, 0x01, 0x10, 0x12, 0xEE, 0x0B, 0x01, 0xAD, 0x0B, 0x01, 0xC9, 0x61, 0x90, 0x08,
    0xA9, 0x01, 0x8D, 0x0B, 0x01, 0xEE, 0x0A, 0x01, 0x2C, 0x3E, 0x01, 0x30, 0x06, 0xAE, 0x3B, 0x01,
    0x20, 0x5E, 0xA5, 0xAE, 0x3B, 0x01, 0x2C, 0x3D, 0x01, 0x10, 0x26, 0xDE, 0x14, 0x01, 0xF0, 0x19,
    0x2C, 0x3E, 0x01, 0x30, 0x24, 0xBD, 0x22, 0x01, 0xF0, 0x09, 0xDE, 0x22, 0x01, 0x4C, 0x31, 0xA5,
    0x4C, 0x41, 0xA5, 0x20, 0x41, 0xA7, 0x4C, 0x31, 0xA5, 0x20, 0xA9, 0xA7, 0xB0, 0x13, 0x20, 0x3F,
    0xA6, 0x2C, 0x3E, 0x01, 0x30, 0x03, 0x20, 0x45, 0xA5, 0x4E, 0x3E, 0x01, 0xCE, 0x3B, 0x01, 0x10,
    0xB7, 0x4E, 0x3C, 0x01, 0x60, 0xAE, 0x3B, 0x01, 0xBD, 0x00, 0x01, 0x30, 0x10, 0x8A, 0x0A, 0x0A,
    0xA8, 0xBD, 0x1C, 0x01, 0x99, 0x00, 0x40, 0xBD, 0x1F, 0x01, 0x99, 0x02, 0x40, 0x60, 0x2C, 0x3D,
    0x01, 0x10, 0x03, 0xDE, 0x2B, 0x01, 0xBD, 0x00, 0x01, 0x30, 0xF2, 0xBD, 0x28, 0x01, 0x0A, 0xA8,
    0xB9, 0x7D, 0xA5, 0x85, 0xC5, 0xB9, 0x7E, 0xA5, 0x85, 0xC6, 0x6C, 0xC5, 0x00, 0x44, 0xA5, 0x8E,
    0xA5, 0xC1, 0xA5, 0xBD, 0xA5, 0x8B, 0xA5, 0xB8, 0xA5, 0x07, 0xA6, 0xA0, 0x04, 0x2C, 0xA0, 0x02,
    0xBD, 0x1C, 0x01, 0x29, 0x3F, 0x8D, 0x43, 0x01, 0xA5, 0x03, 0x88, 0x30, 0x03, 0x4A, 0x10, 0xFA,
    0x29, 0x07, 0xAA, 0xBD, 0xB0, 0xA5, 0xAE, 0x3B, 0x01, 0x0D, 0x43, 0x01, 0x9D, 0x1C, 0x01, 0x60,
    0x80, 0xC0, 0x40, 0x00, 0x40, 0x80, 0xC0, 0x00, 0x38, 0xA0, 0x07, 0xD0, 0x07, 0xA0, 0x07, 0xD0,
    0x02, 0xA0, 0x0F, 0x18, 0x08, 0x8C, 0x44, 0x01, 0xBD, 0x10, 0x01, 0x0A, 0xA8, 0xB9, 0x25, 0xA9,
    0x8D, 0x43, 0x01, 0xA5, 0x03, 0xEA, 0xEA, 0x2D, 0x44, 0x01, 0xA8, 0xAD, 0x43, 0x01, 0x28, 0x90,
    0x07, 0x18, 0x79, 0xFF, 0xA5, 0x4C, 0xEB, 0xA5, 0x79, 0xEF, 0xA5, 0x9D, 0x1F, 0x01, 0x60, 0x00,
    0xFF, 0xFE, 0xFD, 0xFD, 0xFE, 0xFF, 0x00, 0x00, 0x01, 0x02, 0x03, 0x03, 0x02, 0x01, 0x00, 0x00,
    0x00, 0x00, 0xFF, 0x00, 0x00, 0x00, 0x01, 0x4C, 0xB8, 0xA5, 0xBD, 0x1C, 0x01, 0x29, 0xF0, 0x8D,
    0x43, 0x01, 0xA5, 0x03, 0x29, 0x07, 0xA8, 0xBD, 0x1C, 0x01, 0x29, 0x0F, 0x18, 0x79, 0x2F, 0xA6,
    0xC9, 0x0F, 0x90, 0x02, 0xA9, 0x0F, 0x0D, 0x43, 0x01, 0x9D, 0x1C, 0x01, 0x4C, 0xB8, 0xA5, 0x01,
    0x00, 0x01, 0x00, 0x01, 0x00, 0x01, 0x00, 0xC9, 0x3F, 0xF0, 0x03, 0x20, 0xF3, 0xA8, 0x60, 0xB4,
    0xD9, 0xB1, 0xC7, 0x9D, 0x14, 0x01, 0xC8, 0xB1, 0xC7, 0x2C, 0x3E, 0x01, 0x30, 0xE9, 0x8D, 0x45,
    0x01, 0x29, 0x3F, 0x9D, 0x10, 0x01, 0xC8, 0xB1, 0xC7, 0x9D, 0x31, 0x01, 0x9D, 0x2B, 0x01, 0x20,
    0x31, 0xA7, 0x38, 0xAD, 0x3B, 0x01, 0xC9, 0x02, 0xF0, 0x01, 0x18, 0x6E, 0x43, 0x01, 0x0A, 0x0A,
    0x8D, 0x44, 0x01, 0xA9, 0x00, 0x9D, 0x22, 0x01, 0xAE, 0x3B, 0x01, 0xBD, 0x0C, 0x01, 0xA8, 0x2C,
    0x45, 0x01, 0x50, 0x04, 0xA9, 0xFE, 0xD0, 0x22, 0xBD, 0x31, 0x01, 0x2C, 0x43, 0x01, 0x30, 0x17,
    0xB9, 0xE9, 0xA9, 0x38, 0xE9, 0x01, 0x0A, 0x8D, 0x46, 0x01, 0xBD, 0x31, 0x01, 0x38, 0xED, 0x46,
    0x01, 0xB0, 0x07, 0xA9, 0x00, 0xF0, 0x03, 0x9D, 0x22, 0x01, 0x9D, 0x34, 0x01, 0xBD, 0x00, 0x01,
    0x30, 0x15, 0xBD, 0x2E, 0x01, 0x0A, 0xAD, 0x15, 0x40, 0x3D, 0x96, 0xBD, 0xB0, 0x03, 0x8D, 0x15,
    0x40, 0x1D, 0x9B, 0xBD, 0x8D, 0x15, 0x40, 0x2C, 0x43, 0x01, 0x30, 0x31, 0xBC, 0x0C, 0x01, 0xB9,
    0xE7, 0xA9, 0xBC, 0x28, 0x01, 0xC0, 0x01, 0xD0, 0x0D, 0x29, 0x3F, 0x8D, 0x46, 0x01, 0xBD, 0x1C,
    0x01, 0x29, 0xC0, 0x0D, 0x46, 0x01, 0x9D, 0x1C, 0x01, 0xAC, 0x44, 0x01, 0xBD, 0x00, 0x01, 0x30,
    0x05, 0xA9, 0x08, 0x99, 0x01, 0x40, 0xA9, 0x00, 0x9D, 0x25, 0x01, 0xF0, 0x08, 0xAC, 0x44, 0x01,
    0xA9, 0xFF, 0x9D, 0x1C, 0x01, 0xAD, 0x45, 0x01, 0x9D, 0x2E, 0x01, 0xBD, 0x10, 0x01, 0x0A, 0x48,
    0xBD, 0x00, 0x01, 0x0A, 0x68, 0xAA, 0xBD, 0x25, 0xA9, 0xB0, 0x03, 0x99, 0x02, 0x40, 0x48, 0xBD,
    0x26, 0xA9, 0xB0, 0x05, 0x09, 0xF8, 0x99, 0x03, 0x40, 0xAE, 0x3B, 0x01, 0x68, 0x9D, 0x1F, 0x01,
    0x60, 0xBD, 0x0C, 0x01, 0x0A, 0xA8, 0xB9, 0xE3, 0xA9, 0x85, 0xC5, 0xB9, 0xE4, 0xA9, 0x85, 0xC6,
    0x60, 0x8A, 0x0A, 0x0A, 0x8D, 0x43, 0x01, 0x20, 0x31, 0xA7, 0xA9, 0x00, 0x8D, 0x44, 0x01, 0xE0,
    0x02, 0xF0, 0x4A, 0xBD, 0x0C, 0x01, 0xA8, 0xBD, 0x25, 0x01, 0xC9, 0xFF, 0xF0, 0x37, 0x4A, 0x08,
    0xD9, 0xE9, 0xA9, 0x90, 0x07, 0x28, 0xA9, 0xFF, 0x9D, 0x25, 0x01, 0x60, 0xA8, 0xBD, 0x1C, 0x01,
    0x29, 0xF0, 0x8D, 0x44, 0x01, 0xB1, 0xC5, 0xC9, 0xF1, 0xD0, 0x1B, 0x28, 0xA0, 0xFE, 0xBD, 0x2E,
    0x01, 0x29, 0x40, 0xD0, 0x03, 0xBC, 0x34, 0x01, 0x98, 0x9D, 0x22, 0x01, 0xBD, 0x25, 0x01, 0x18,
    0x69, 0x04, 0x9D, 0x25, 0x01, 0x60, 0x28, 0xB0, 0x04, 0x4A, 0x4A, 0x4A, 0x4A, 0x29, 0x0F, 0xFE,
    0x25, 0x01, 0x0D, 0x44, 0x01, 0x9D, 0x1C, 0x01, 0x60, 0x20, 0xE9, 0xA7, 0xB0, 0xFA, 0xB5, 0xD9,
    0x2C, 0x3C, 0x01, 0x30, 0x05, 0x18, 0x69, 0x03, 0x95, 0xD9, 0xA8, 0xB1, 0xC7, 0xD0, 0x15, 0x95,
    0xD9, 0xDE, 0x18, 0x01, 0x10, 0x05, 0xF6, 0xD5, 0x9D, 0x18, 0x01, 0x20, 0xE9, 0xA7, 0xB0, 0xD8,
    0xB4, 0xD9, 0xB1, 0xC7, 0xC9, 0xFF, 0xD0, 0x11, 0xC8, 0xB1, 0xC7, 0x9D, 0x0C, 0x01, 0xC8, 0xB1,
    0xC7, 0x9D, 0x28, 0x01, 0xB5, 0xD9, 0x4C, 0xB5, 0xA7, 0xAD, 0x3B, 0x01, 0x0A, 0xA8, 0xB9, 0xC9,
    0x00, 0x85, 0xC5, 0xB9, 0xCA, 0x00, 0x85, 0xC6, 0xB5, 0xD1, 0x0A, 0xA8, 0xB1, 0xC5, 0x48, 0xC8,
    0xB1, 0xC5, 0xD0, 0x15, 0x68, 0x30, 0x0B, 0x95, 0xD1, 0xA9, 0x00, 0x95, 0xD5, 0x95, 0xD9, 0x4C,
    0xF8, 0xA7, 0xA9, 0x00, 0x20, 0x4C, 0xA8, 0x38, 0x60, 0x85, 0xC6, 0x68, 0x85, 0xC5, 0xB5, 0xD5,
    0x0A, 0xA8, 0xA5, 0xC6, 0x69, 0x00, 0x85, 0xC6, 0xB1, 0xC5, 0x85, 0xC7, 0xC8, 0xB1, 0xC5, 0xD0,
    0x0A, 0xF6, 0xD1, 0xA9, 0x00, 0x95, 0xD9, 0x95, 0xD5, 0xF0, 0xAE, 0xC9, 0x01, 0xD0, 0x09, 0xA5,
    0xC7, 0x9D, 0x18, 0x01, 0xF6, 0xD5, 0xD0, 0xD6, 0x85, 0xC8, 0x18, 0x60, 0x8D, 0x04, 0x01, 0x8E,
    0x3F, 0x01, 0x0A, 0x0A, 0x0A, 0xAA, 0xA0, 0x00, 0xBD, 0xF1, 0xA9, 0x99, 0xC9, 0x00, 0xE8, 0xC8,
    0xC0, 0x08, 0x90, 0xF4, 0xA0, 0x2F, 0xA9, 0x00, 0x99, 0x0A, 0x01, 0xC0, 0x0C, 0xB0, 0x03, 0x99,
    0xD1, 0x00, 0x88, 0x10, 0xF3, 0xA2, 0x03, 0xBD, 0x00, 0x01, 0x30, 0x09, 0xAD, 0x15, 0x40, 0x3D,
    0x96, 0xBD, 0x8D, 0x15, 0x40, 0xCA, 0x10, 0xEF, 0xEE, 0x14, 0x01, 0xEE, 0x15, 0x01, 0xEE, 0x16,
    0x01, 0xEE, 0x17, 0x01, 0xEE, 0x0A, 0x01, 0x8E, 0x3C, 0x01, 0x8E, 0x38, 0x01, 0xAE, 0x04, 0x01,
    0xBD, 0xD6, 0xAC, 0x8D, 0x37, 0x01, 0xAD, 0x3F, 0x01, 0x10, 0x0B, 0x29, 0x7F, 0x0A, 0x85, 0xD1,
    0x85, 0xD2, 0x85, 0xD3, 0x85, 0xD4, 0xAE, 0x3B, 0x01, 0x60, 0x18, 0x75, 0x00, 0x90, 0x02, 0xF6,
    0x01, 0x60, 0xAD, 0x03, 0x01, 0x30, 0x2B, 0xAD, 0x0F, 0x01, 0xF0, 0x26, 0x0A, 0xAA, 0xBD, 0xC7,
    0xA9, 0x85, 0xC5, 0xBD, 0xC8, 0xA9, 0x85, 0xC6, 0xAD, 0x3A, 0x01, 0x0A, 0xA8, 0xB1, 0xC5, 0x8D,
    0x0C, 0x40, 0xC8, 0xB1, 0xC5, 0x8D, 0x0E, 0x40, 0xCE, 0x3A, 0x01, 0x10, 0x05, 0xA9, 0x00, 0x8D,
    0x0F, 0x01, 0x60, 0x8D, 0x0F, 0x01, 0x0A, 0x0A, 0xA8, 0x2C, 0x03, 0x01, 0x30, 0x26, 0xAD, 0x15,
    0x40, 0x3D, 0x96, 0xBD, 0x8D, 0x15, 0x40, 0x1D, 0x9B, 0xBD, 0x8D, 0x15, 0x40, 0xB9, 0xD7, 0xA9,
    0x8D, 0x0C, 0x40, 0xB9, 0xD8, 0xA9, 0x8D, 0x0E, 0x40, 0xA9, 0xFF, 0x8D, 0x0F, 0x40, 0xB9, 0xD9,
    0xA9, 0x8D, 0x3A, 0x01, 0x60, 0xEC, 0x07, 0x6A, 0x07, 0xFE, 0x06, 0x9E, 0x06, 0x44, 0x06, 0xE4,
    0x05, 0x98, 0x05, 0x3E, 0x05, 0x00, 0x05, 0xB9, 0x04, 0x6B, 0x04, 0x2D, 0x04, 0xEE, 0x03, 0xB5,
    0x03, 0x7F, 0x03, 0x4F, 0x03, 0x21, 0x03, 0xF2, 0x02, 0xCC, 0x02, 0x9F, 0x02, 0x80, 0x02, 0x5D,
    0x02, 0x35, 0x02, 0x16, 0x02, 0xF8, 0x01, 0xDB, 0x01, 0xBF, 0x01, 0xA8, 0x01, 0x90, 0x01, 0x79,
    0x01, 0x64, 0x01, 0x50, 0x01, 0x3D, 0x01, 0x2B, 0x01, 0x1B, 0x01, 0x0C, 0x01, 0xFB, 0x00, 0xEE,
    0x00, 0xE0, 0x00, 0xD3, 0x00, 0xC8, 0x00, 0xBD, 0x00, 0xB2, 0x00, 0xA8, 0x00, 0x9E, 0x00, 0x95,
    0x00, 0x8D, 0x00, 0x85, 0x00, 0x7D, 0x00, 0x76, 0x00, 0x70, 0x00, 0x69, 0x00, 0x63, 0x00, 0x5E,
    0x00, 0x58, 0x00, 0x53, 0x00, 0x4E, 0x00, 0x4A, 0x00, 0x46, 0x00, 0x41, 0x00, 0x3D, 0x00, 0x3A,
    0x00, 0x39, 0x00, 0x00, 0x00, 0xAD, 0x04, 0x01, 0xF0, 0x1D, 0xAD, 0x0A, 0x01, 0xC9, 0x02, 0xD0,
    0x12, 0xAD, 0x0B, 0x01, 0xC9, 0x31, 0x90, 0x0B, 0xA2, 0x00, 0xA9, 0x01, 0x20, 0x4C, 0xA8, 0xA9,
    0x80, 0x38, 0x60, 0xA9, 0x00, 0x38, 0x60, 0x18, 0x60, 0xCD, 0xA9, 0xD1, 0xA9, 0xF0, 0xFF, 0xF8,
    0xFF, 0xF0, 0x08, 0xF1, 0x08, 0xF2, 0x08, 0xF3, 0x08, 0xF4, 0x08, 0xFF, 0xFF, 0x01, 0x00, 0xF5,
    0x08, 0x04, 0x00, 0xEB, 0xA9, 0xEF, 0xA9, 0x7F, 0x7F, 0x04, 0x0A, 0xBA, 0xBA, 0x98, 0x00, 0xFD,
    0xF1, 0x00, 0xCB, 0x99, 0x77, 0x55, 0x33, 0x22, 0x00, 0x01, 0xAA, 0x05, 0xAA, 0x09, 0xAA, 0x0D,
    0xAA, 0x11, 0xAA, 0x00, 0x00, 0x07, 0xAB, 0x00, 0x00, 0x68, 0xAB, 0x00, 0x00, 0x0E, 0xAC, 0x00,
    0x00, 0xDF, 0xAA, 0xDF, 0xAA, 0x02, 0x01, 0xE8, 0xAA, 0xDF, 0xAA, 0xDF, 0xAA, 0x02, 0x01, 0xE8,
    0xAA, 0x02, 0x01, 0xDF, 0xAA, 0x02, 0x01, 0xE8, 0xAA, 0xDF, 0xAA, 0xDF, 0xAA, 0x02, 0x01, 0xE8,
    0xAA, 0x02, 0x01, 0xDF, 0xAA, 0x02, 0x01, 0xE8, 0xAA, 0xDF, 0xAA, 0xDF, 0xAA, 0x02, 0x01, 0xE8,
    0xAA, 0xDF, 0xAA, 0xDF, 0xAA, 0xEF, 0xAA, 0x02, 0x01, 0xF5, 0xAA, 0xEF, 0xAA, 0x03, 0xAB, 0xF5,
    0xAA, 0xFF, 0xAA, 0x02, 0x01, 0xE8, 0xAA, 0x02, 0x01, 0xDF, 0xAA, 0x02, 0x01, 0xF5, 0xAA, 0xEF,
    0xAA, 0xEF, 0xAA, 0xF5, 0xAA, 0xF5, 0xAA, 0xFC, 0xAA, 0xDF, 0xAA, 0xDF, 0xAA, 0xDF, 0xAA, 0x02,
    0x01, 0xE8, 0xAA, 0xDF, 0xAA, 0xDF, 0xAA, 0x02, 0x01, 0xE8, 0xAA, 0x02, 0x01, 0xDF, 0xAA, 0x02,
    0x01, 0xE8, 0xAA, 0x02, 0x01, 0xDF, 0xAA, 0x02, 0x01, 0xE8, 0xAA, 0xDF, 0xAA, 0xDF, 0xAA, 0x02,
    0x01, 0xE8, 0xAA, 0x02, 0x01, 0xDF, 0xAA, 0x02, 0x01, 0xE8, 0xAA, 0xDF, 0xAA, 0xDF, 0xAA, 0x02,
    0x01, 0xE8, 0xAA, 0xDF, 0xAA, 0xDF, 0xAA, 0xEF, 0xAA, 0x02, 0x01, 0xF5, 0xAA, 0xEF, 0xAA, 0x03,
    0xAB, 0xF5, 0xAA, 0xFF, 0xAA, 0x02, 0x01, 0xE8, 0xAA, 0x02, 0x01, 0xDF, 0xAA, 0x02, 0x01, 0xF5,
    0xAA, 0xEF, 0xAA, 0xEF, 0xAA, 0xF5, 0xAA, 0xF5, 0xAA, 0xFC, 0xAA, 0x02, 0x01, 0xDF, 0xAA, 0x02,
    0x01, 0xE8, 0xAA, 0xDF, 0xAA, 0xDF, 0xAA, 0x02, 0x01, 0xE8, 0xAA, 0xDF, 0xAA, 0x00, 0x00, 0xFF,
    0x00, 0x00, 0x18, 0x0C, 0x07, 0x08, 0x0C, 0x07, 0x08, 0x0C, 0x07, 0x08, 0x0C, 0x07, 0x00, 0x18,
    0x0A, 0x07, 0x08, 0x0A, 0x07, 0x08, 0x0A, 0x07, 0x08, 0x0A, 0x07, 0x00, 0x08, 0x0A, 0x07, 0x08,
    0x0D, 0x07, 0x00, 0x18, 0x0A, 0x07, 0x00, 0x13, 0xAB, 0x23, 0xAB, 0x4B, 0xAB, 0x23, 0xAB, 0x5E,
    0xAB, 0x00, 0x00, 0xFF, 0x01, 0x00, 0xFE, 0x3F, 0xFE, 0x21, 0x3F, 0x21, 0xFF, 0x01, 0x06, 0xAA,
    0x13, 0xA9, 0x00, 0x19, 0x14, 0x18, 0xA6, 0x13, 0xA1, 0x18, 0x11, 0x18, 0xA7, 0x13, 0xA9, 0x1A,
    0x16, 0x18, 0xA7, 0x13, 0x9F, 0x19, 0x13, 0x18, 0xA9, 0x11, 0xA3, 0x18, 0x11, 0x18, 0xA7, 0x13,
    0x9E, 0x17, 0x13, 0x15, 0xA8, 0x11, 0xA8, 0x19, 0x14, 0x18, 0x00, 0xFE, 0x13, 0xBB, 0xFF, 0x01,
    0x00, 0xFE, 0x3F, 0xFE, 0x12, 0x3F, 0x12, 0xFF, 0x01, 0x06, 0xAA, 0x13, 0xA9, 0x00, 0xFE, 0x13,
    0xBB, 0xFF, 0x01, 0x00, 0x81, 0x3F, 0x81, 0x00, 0x74, 0xAB, 0x84, 0xAB, 0xB5, 0xAB, 0x84, 0xAB,
    0xE9, 0xAB, 0x00, 0x00, 0xFF, 0x02, 0x00, 0xFE, 0x3F, 0xFE, 0x7B, 0x3F, 0x7B, 0xFF, 0x02, 0x05,
    0x05, 0x2A, 0x05, 0x00, 0x07, 0x2B, 0x07, 0x43, 0x2E, 0x41, 0x0D, 0x2B, 0x0D, 0x0C, 0x32, 0x0C,
    0xFE, 0x30, 0xA6, 0xFF, 0x02, 0x00, 0x18, 0x3F, 0x18, 0xFF, 0x02, 0x05, 0x06, 0x2A, 0x06, 0x06,
    0x2B, 0x06, 0x2D, 0x2E, 0x26, 0x04, 0x2E, 0x04, 0x13, 0x2C, 0x12, 0x13, 0x2B, 0x13, 0x06, 0x29,
    0x06, 0x10, 0x2B, 0x10, 0x00, 0x9A, 0x24, 0x92, 0x19, 0x24, 0x19, 0x45, 0x26, 0x45, 0x18, 0x27,
    0x17, 0x46, 0x29, 0x46, 0x1A, 0x2C, 0x1A, 0xA8, 0x2B, 0x99, 0x1A, 0x2B, 0x1A, 0x5E, 0x2C, 0x5E,
    0x5F, 0x30, 0x5E, 0xA9, 0x32, 0xA9, 0x19, 0x33, 0x19, 0xFE, 0x30, 0xA9, 0xFF, 0x02, 0x00, 0xAA,
    0x3F, 0xAA, 0xFF, 0x02, 0x05, 0x05, 0x2A, 0x05, 0x00, 0xA4, 0x24, 0x92, 0x0D, 0x2B, 0x0D, 0x8F,
    0x2C, 0x8F, 0x32, 0x30, 0x32, 0xA6, 0x32, 0xA8, 0x0D, 0x33, 0x0D, 0x0D, 0x30, 0x0C, 0x8E, 0x2C,
    0x85, 0x31, 0x32, 0x30, 0xFE, 0x30, 0xC2, 0xFF, 0x02, 0x00, 0x81, 0x3F, 0x81, 0x00, 0xCA, 0xAC,
    0xCA, 0xAC, 0x02, 0x01, 0xD0, 0xAC, 0xCA, 0xAC, 0xCA, 0xAC, 0x02, 0x01, 0xD0, 0xAC, 0x02, 0x01,
    0xCA, 0xAC, 0x02, 0x01, 0xD0, 0xAC, 0xCA, 0xAC, 0xCA, 0xAC, 0x02, 0x01, 0xD0, 0xAC, 0x02, 0x01,
    0xCA, 0xAC, 0x02, 0x01, 0xD0, 0xAC, 0xCA, 0xAC, 0xCA, 0xAC, 0x02, 0x01, 0xD0, 0xAC, 0x02, 0x01,
    0xCA, 0xAC, 0x02, 0x01, 0xD0, 0xAC, 0xCA, 0xAC, 0xCA, 0xAC, 0x02, 0x01, 0xD0, 0xAC, 0x02, 0x01,
    0xCA, 0xAC, 0x02, 0x01, 0xD0, 0xAC, 0xCA, 0xAC, 0xCA, 0xAC, 0x02, 0x01, 0xD0, 0xAC, 0x02, 0x01,
    0xCA, 0xAC, 0x02, 0x01, 0xD0, 0xAC, 0xCA, 0xAC, 0xCA, 0xAC, 0x02, 0x01, 0xD0, 0xAC, 0x02, 0x01,
    0xCA, 0xAC, 0x02, 0x01, 0xD0, 0xAC, 0x02, 0x01, 0xCA, 0xAC, 0x02, 0x01, 0xD0, 0xAC, 0xCA, 0xAC,
    0xCA, 0xAC, 0x02, 0x01, 0xD0, 0xAC, 0x02, 0x01, 0xCA, 0xAC, 0x02, 0x01, 0xD0, 0xAC, 0xCA, 0xAC,
    0xCA, 0xAC, 0x02, 0x01, 0xD0, 0xAC, 0x02, 0x01, 0xCA, 0xAC, 0x02, 0x01, 0xD0, 0xAC, 0xCA, 0xAC,
    0xCA, 0xAC, 0x02, 0x01, 0xD0, 0xAC, 0x02, 0x01, 0xCA, 0xAC, 0x02, 0x01, 0xD0, 0xAC, 0xCA, 0xAC,
    0xCA, 0xAC, 0x02, 0x01, 0xD0, 0xAC, 0x02, 0x01, 0xCA, 0xAC, 0x02, 0x01, 0xD0, 0xAC, 0xCA, 0xAC,
    0xCA, 0xAC, 0x02, 0x01, 0xD0, 0xAC, 0xCA, 0xAC, 0x00, 0x00, 0x18, 0x02, 0x04, 0x08, 0x02, 0x04,
    0x08, 0x02, 0x04, 0x08, 0x02, 0x04, 0x00, 0xE5, 0xA9, 0x05, 0x85, 0x34, 0xA9, 0x12, 0x85, 0x4B,
    0xA9, 0x33, 0x85, 0x4C, 0xA9, 0x04, 0x8D, 0x9A, 0x03, 0xA9, 0xFF, 0x8D, 0x9B, 0x03, 0xA9, 0x20,
    0x8D, 0x98, 0x03, 0xA5, 0x10, 0x29, 0xE7, 0x85, 0x10, 0xA2, 0x00, 0x8A, 0x85, 0x3F, 0x20, 0xA6,
    0xF9, 0xA9, 0x00, 0x85, 0x17, 0x85, 0x01, 0x85, 0x00, 0xA5, 0x51, 0x10, 0x07, 0xA9, 0x01, 0x85,
    0x51, 0x20, 0x6E, 0xBE, 0x20, 0xA5, 0x90, 0xA9, 0x16, 0x85, 0x20, 0xA9, 0x80, 0x85, 0x21, 0xA9,
    0x06, 0x85, 0x22, 0xA9, 0x80, 0x85, 0x23, 0x20, 0x9F, 0xBE, 0x20, 0x8E, 0xBE, 0xA5, 0x10, 0x29,
    0xFC, 0x09, 0x18, 0x85, 0x10, 0x20, 0x79, 0xBE, 0x2C, 0x60, 0x06, 0x10, 0x28, 0xEE, 0x60, 0x06,
    0xF0, 0x1D, 0xA2, 0x04, 0xB5, 0x53, 0x29, 0x0F, 0x85, 0x7C, 0xA9, 0x09, 0x38, 0xE5, 0x7C, 0x85,
    0x7C, 0xB5, 0x53, 0x29, 0xF0, 0x05, 0x7C, 0x95, 0x53, 0xCA, 0xCA, 0xCA, 0xCA, 0x10, 0xE5, 0x4E,
    0x60, 0x06, 0x4C, 0xA2, 0xAE, 0xA0, 0x52, 0xA5, 0x4E, 0xC9, 0x52, 0xF0, 0x02, 0xA0, 0x4E, 0xA9,
    0x00, 0x99, 0x00, 0x00, 0xC8, 0xC0, 0xC5, 0xD0, 0xF8, 0xA0, 0x03, 0x84, 0x7D, 0xA0, 0xD5, 0x84,
    0x7C, 0xA8, 0x91, 0x7C, 0xE6, 0x7C, 0xD0, 0x02, 0xE6, 0x7D, 0xA6, 0x7D, 0xE0, 0x06, 0x90, 0xF2,
    0xD0, 0x06, 0xA6, 0x7C, 0xE0, 0xC5, 0x90, 0xEA, 0xA9, 0x52, 0xC5, 0x4E, 0xF0, 0x05, 0x85, 0x4E,
    0x20, 0x6E, 0xBE, 0xA9, 0x50, 0x85, 0x8C, 0xA2, 0x09, 0x20, 0x30, 0xA3, 0xBD, 0x21, 0x92, 0x9D,
    0xD6, 0x03, 0xBD, 0x2B, 0x92, 0x9D, 0xE0, 0x03, 0xA9, 0x03, 0x9D, 0xFE, 0x03, 0xCA, 0x10, 0xE9,
    0xA5, 0x4F, 0x0A, 0xAA, 0xBD, 0x79, 0x94, 0x85, 0x7E, 0xBD, 0x7A, 0x94, 0x85, 0x7F, 0xA0, 0x00,
    0xB1, 0x7E, 0xF0, 0x0D, 0x48, 0xC8, 0xB1, 0x7E, 0xC8, 0xAA, 0x68, 0x9D, 0xB5, 0x05, 0x4C, 0xD0,
    0xAD, 0xA4, 0x4F, 0xB9, 0xF3, 0x91, 0x8D, 0xB4, 0x05, 0xA9, 0x00, 0x85, 0x86, 0xA5, 0x4F, 0xA4,
    0x86, 0xF0, 0x03, 0x18, 0x69, 0x0A, 0xAA, 0xBD, 0x8D, 0x94, 0xAA, 0x18, 0x6D, 0xB4, 0x05, 0x8D,
    0xB4, 0x05, 0xCA, 0x30, 0x5A, 0x20, 0xA4, 0xA2, 0x45, 0x04, 0x29, 0x07, 0x0A, 0x0A, 0x0A, 0x85,
    0x7C, 0x20, 0xA4, 0xA2, 0x45, 0x03, 0x29, 0x07, 0x18, 0x65, 0x7C, 0xA8, 0xC0, 0x00, 0xF0, 0xE5,
    0xB9, 0xB5, 0x05, 0x30, 0xE0, 0xD0, 0x05, 0xA5, 0x86, 0x99, 0xB5, 0x05, 0xB9, 0xB5, 0x05, 0x29,
    0x0F, 0xC9, 0x03, 0xB0, 0xD0, 0xB9, 0xB5, 0x05, 0x29, 0xF0, 0xC5, 0x86, 0xD0, 0xC7, 0xA9, 0x01,
    0xE0, 0x01, 0x90, 0x11, 0xA5, 0x4F, 0xC9, 0x03, 0xA9, 0x01, 0x90, 0x09, 0x98, 0x4A, 0xA9, 0x01,
    0x90, 0x03, 0xCA, 0xA9, 0x02, 0x18, 0x79, 0xB5, 0x05, 0x99, 0xB5, 0x05, 0xCA, 0x10, 0xA6, 0xA5,
    0x86, 0x49, 0x10, 0xD0, 0x86, 0x8D, 0xC3, 0x06, 0xA2, 0x05, 0xBC, 0x26, 0x95, 0x94, 0x52, 0xCA,
    0x10, 0xF8, 0x8E, 0xEC, 0x04, 0x8E, 0xEE, 0x04, 0x8E, 0xF0, 0x04, 0x8E, 0x63, 0x06, 0xA2, 0x05,
    0x8E, 0x72, 0x04, 0x8E, 0x74, 0x04, 0xE8, 0x8E, 0x76, 0x04, 0xA9, 0x48, 0x85, 0x97, 0xA9, 0x46,
    0x85, 0x99, 0xA9, 0x01, 0x85, 0x9E, 0xA9, 0xC0, 0x85, 0xB4, 0x20, 0xDE, 0xA0, 0xA9, 0x3C, 0x8D,
    0xFF, 0x05, 0xA9, 0x03, 0x8D, 0xD2, 0x07, 0x8D, 0xD6, 0x07, 0xA9, 0x21, 0x8D, 0x02, 0x07, 0x8D,
    0x06, 0x07, 0xA9, 0x61, 0x8D, 0x0A, 0x07, 0x8D, 0x0E, 0x07, 0x20, 0x84, 0x93, 0x20, 0xB1, 0x90,
    0x84, 0x8B, 0x8D, 0x1E, 0x03, 0xA2, 0x03, 0xBD, 0x9C, 0x9C, 0x9D, 0x00, 0x07, 0xCA, 0x10, 0xF7,
    0xA9, 0x02, 0x8D, 0x3A, 0x07, 0xA0, 0x0B, 0xB9, 0x4A, 0x92, 0x99, 0x3C, 0x07, 0x88, 0x10, 0xF7,
    0xA9, 0xC0, 0x8D, 0x3E, 0x03, 0x8D, 0xA8, 0x05, 0xA9, 0x01, 0x85, 0xC4, 0xA9, 0xF4, 0x85, 0x3D,
    0xA9, 0x85, 0x85, 0x3E, 0x60, 0xA2, 0x03, 0x8E, 0x3B, 0x01, 0xAE, 0x3B, 0x01, 0xBD, 0x00, 0x01,
    0x10, 0x28, 0xBD, 0x05, 0x01, 0xD0, 0x03, 0x4C, 0x5F, 0xBD, 0xDE, 0x05, 0x01, 0xBD, 0x00, 0x01,
    0x29, 0x7F, 0x0A, 0x0A, 0x0A, 0xA8, 0xB9, 0xB2, 0xB0, 0x85, 0xC5, 0xB9, 0xB3, 0xB0, 0x85, 0xC6,
    0x8A, 0x0A, 0x0A, 0xA8, 0xBD, 0x05, 0x01, 0x20, 0x30, 0xAF, 0xCE, 0x3B, 0x01, 0x10, 0xCB, 0x60,
    0x6C, 0xC5, 0x00, 0x8E, 0x48, 0x01, 0x8A, 0x0A, 0x0A, 0x0A, 0x8D, 0x47, 0x01, 0x18, 0x69, 0x04,
    0xAA, 0xBD, 0xAC, 0xB0, 0xA8, 0x2C, 0x49, 0x01, 0x30, 0x0F, 0xB9, 0x00, 0x01, 0x10, 0x0A, 0x29,
    0x7F, 0xCD, 0x48, 0x01, 0xD0, 0x03, 0x4C, 0x92, 0xAF, 0xAD, 0x15, 0x40, 0x39, 0x96, 0xBD, 0x8D,
    0x15, 0x40, 0x19, 0x9B, 0xBD, 0x8D, 0x15, 0x40, 0xE8, 0xBD, 0xAC, 0xB0, 0x99, 0x05, 0x01, 0xAD,
    0x48, 0x01, 0x09, 0x80, 0x99, 0x00, 0x01, 0xAE, 0x47, 0x01, 0x98, 0x0A, 0x0A, 0xA8, 0xA9, 0x03,
    0x8D, 0x47, 0x01, 0xBD, 0xAC, 0xB0, 0xF0, 0x03, 0x99, 0x00, 0x40, 0xE8, 0xC8, 0xCE, 0x47, 0x01,
    0x10, 0xF1, 0x4C, 0x7F, 0xBD, 0x20, 0x89, 0xBD, 0xA2, 0x00, 0xF0, 0x4B, 0x20, 0x89, 0xBD, 0xA2,
    0x01, 0xD0, 0x44, 0x20, 0x89, 0xBD, 0xA2, 0x02, 0xD0, 0x3D, 0x20, 0x89, 0xBD, 0xA2, 0x03, 0xD0,
    0x36, 0x20, 0x89, 0xBD, 0xA2, 0x04, 0xD0, 0x2F, 0x20, 0x89, 0xBD, 0xA2, 0x05, 0xD0, 0x28, 0x20,
    0x89, 0xBD, 0xA2, 0x06, 0xD0, 0x21, 0x20, 0x89, 0xBD, 0xA2, 0x07, 0xD0, 0x1A, 0x20, 0x89, 0xBD,
    0xA2, 0x08, 0xD0, 0x13, 0x20, 0x89, 0xBD, 0xA2, 0x09, 0xD0, 0x0C, 0x20, 0x89, 0xBD, 0xA2, 0x0A,
    0xD0, 0x05, 0x20, 0x89, 0xBD, 0xA2, 0x0B, 0x4C, 0x33, 0xAF, 0xA2, 0x00, 0xAD, 0x04, 0x01, 0xD0,
    0x0A, 0xBD, 0x00, 0x01, 0x30, 0x04, 0x18, 0x20, 0x9C, 0xAF, 0x60, 0xA9, 0x81, 0x4C, 0x73, 0xBC,
    0xFE, 0x05, 0x01, 0xA5, 0x03, 0x4A, 0x4A, 0xA9, 0xF4, 0x90, 0x02, 0xA9, 0xFA, 0x8D, 0x00, 0x40,
    0xAD, 0x09, 0x01, 0x8D, 0x02, 0x40, 0x60, 0x4A, 0x49, 0x07, 0x99, 0x03, 0x40, 0xBD, 0x05, 0x01,
    0x0A, 0x0A, 0x0A, 0x0A, 0x09, 0x3C, 0x99, 0x00, 0x40, 0x60, 0xC9, 0x30, 0x90, 0x0C, 0xE9, 0x30,
    0x29, 0x07, 0x69, 0x07, 0x09, 0xF0, 0x99, 0x00, 0x40, 0x60, 0x4A, 0x4A, 0x18, 0x69, 0x04, 0x09,
    0xF0, 0x99, 0x00, 0x40, 0xA9, 0xFE, 0x99, 0x02, 0x40, 0x60, 0xC9, 0x30, 0x90, 0x0A, 0xE9, 0x30,
    0x29, 0x07, 0x09, 0xF0, 0x99, 0x00, 0x40, 0x60, 0x4A, 0x4A, 0x09, 0xF0, 0x99, 0x00, 0x40, 0xA9,
    0xFF, 0x99, 0x02, 0x40, 0x60, 0x29, 0x03, 0x09, 0xF8, 0x99, 0x03, 0x40, 0xBD, 0x05, 0x01, 0x29,
    0x0C, 0x09, 0xF7, 0x99, 0x00, 0x40, 0x60, 0x29, 0x20, 0xF0, 0x11, 0xA9, 0x3F, 0x99, 0x00, 0x40,
    0xBD, 0x05, 0x01, 0x29, 0x1F, 0x0A, 0x0A, 0x0A, 0x99, 0x02, 0x40, 0x60, 0xA9, 0x30, 0x99, 0x00,
    0x40, 0x60, 0x4A, 0x4A, 0x09, 0xF0, 0x99, 0x00, 0x40, 0x60, 0xFE, 0x05, 0x01, 0xA5, 0x03, 0x4A,
    0x4A, 0xA9, 0xF0, 0x90, 0x03, 0x0D, 0xC4, 0x06, 0x99, 0x00, 0x40, 0x60, 0xFF, 0x08, 0x0E, 0x80,
    0x03, 0x02, 0xFA, 0xAF, 0xFF, 0x08, 0xFF, 0xFF, 0x00, 0xF0, 0x00, 0xB0, 0xFC, 0x08, 0xFF, 0xF8,
    0x01, 0x10, 0x17, 0xB0, 0xFF, 0x08, 0x0D, 0xFF, 0x03, 0x40, 0x2A, 0xB0, 0x7F, 0x08, 0x00, 0xF8,
    0x01, 0x10, 0x65, 0xB0, 0x3F, 0x08, 0xFF, 0xF9, 0x01, 0xFF, 0x77, 0xB0, 0xF7, 0x08, 0x0C, 0x80,
    0x03, 0x02, 0xFA, 0xAF, 0xF8, 0x08, 0x0E, 0xFF, 0x03, 0x40, 0x4A, 0xB0, 0xFF, 0x08, 0x0E, 0xFF,
    0x03, 0x40, 0x92, 0xB0, 0xFF, 0x08, 0x0D, 0xFF, 0x03, 0x40, 0x92, 0xB0, 0xF2, 0x08, 0x0C, 0x80,
    0x03, 0xF0, 0x9A, 0xB0, 0xFF, 0x08, 0x80, 0xF8, 0x02, 0x02, 0xAB, 0xB0, 0x20, 0x79, 0xBE, 0x20,
    0x58, 0xF6, 0xA5, 0x49, 0x25, 0x35, 0xD0, 0x19, 0x85, 0x35, 0xA5, 0x49, 0x29, 0x10, 0xF0, 0x11,
    0xA5, 0x8E, 0xC9, 0x09, 0x90, 0x04, 0xA9, 0x08, 0x85, 0x8E, 0x20, 0x70, 0xB4, 0xA9, 0xFF, 0x85,
    0x35, 0xAD, 0x61, 0x06, 0xD0, 0x11, 0xA5, 0xF3, 0xC9, 0xFF, 0xD0, 0x0E, 0xA5, 0xA2, 0xC9, 0x06,
    0xF0, 0x05, 0xAD, 0x63, 0x06, 0xD0, 0x03, 0x20, 0x70, 0xB4, 0xAD, 0xC5, 0x06, 0xF0, 0x04, 0xCE,
    0xC5, 0x06, 0x60, 0xA9, 0x15, 0xCD, 0x07, 0x03, 0xF0, 0x11, 0x8D, 0x07, 0x03, 0x24, 0xF3, 0x30,
    0x0A, 0xA9, 0x54, 0x8D, 0x81, 0x03, 0xA9, 0x37, 0x8D, 0x6A, 0x03, 0x24, 0xF3, 0x30, 0x03, 0x4C,
    0xE6, 0xB2, 0xAE, 0xCC, 0x06, 0xF0, 0x12, 0xCA, 0xD0, 0x03, 0x8E, 0xCA, 0x06, 0x8E, 0xCC, 0x06,
    0xE0, 0x02, 0xB0, 0x05, 0xA9, 0x19, 0x8D, 0x0A, 0x03, 0xA5, 0x53, 0x4A, 0x4A, 0x4A, 0x85, 0x82,
    0xA5, 0x57, 0x4A, 0x4A, 0x4A, 0x85, 0x83, 0xAD, 0xCD, 0x06, 0x30, 0x09, 0xCE, 0xCD, 0x06, 0xAD,
    0xCD, 0x06, 0x8D, 0xCA, 0x06, 0xA9, 0x00, 0x85, 0x87, 0xA5, 0x03, 0x29, 0x07, 0x0A, 0xAA, 0x18,
    0x69, 0x02, 0x8D, 0xAB, 0x05, 0x86, 0x88, 0xA4, 0x1A, 0xBD, 0xE8, 0x83, 0x99, 0x00, 0x02, 0xC8,
    0xBD, 0xF8, 0x83, 0x99, 0x00, 0x02, 0xC8, 0xA9, 0x10, 0x99, 0x00, 0x02, 0xC8, 0xA5, 0x88, 0x29,
    0xFE, 0x0A, 0x0A, 0x85, 0x7C, 0xA5, 0x87, 0x4A, 0x18, 0x65, 0x7C, 0xA8, 0xA2, 0x00, 0xA5, 0x88,
    0x4A, 0xB0, 0x02, 0xE8, 0xE8, 0xA5, 0x87, 0x4A, 0x90, 0x01, 0xE8, 0xE8, 0x86, 0x7D, 0xA6, 0x88,
    0xA9, 0x01, 0x85, 0x7C, 0xB9, 0xB5, 0x05, 0xF0, 0x39, 0x10, 0x23, 0x29, 0x7F, 0xF0, 0x16, 0xC9,
    0x05, 0xD0, 0x0D, 0xAD, 0xB4, 0x05, 0xD0, 0x2A, 0xA5, 0x03, 0x29, 0x10, 0xD0, 0x24, 0xA9, 0x05,
    0x38, 0xE9, 0x01, 0x0A, 0x0A, 0x18, 0x69, 0xAA, 0x18, 0x65, 0x7D, 0x4C, 0x30, 0xB2, 0x29, 0x0F,
    0xC5, 0x7D, 0x90, 0x0E, 0xB9, 0xB5, 0x05, 0x4A, 0x4A, 0x4A, 0x4A, 0x29, 0x07, 0x18, 0x69, 0xBF,
    0x85, 0x7C, 0xA5, 0x7C, 0xA4, 0x87, 0x48, 0xC4, 0x82, 0xD0, 0x04, 0xE4, 0x83, 0xD0, 0x00, 0x68,
    0x20, 0xD4, 0xB2, 0xE6, 0x87, 0xA4, 0x87, 0xC0, 0x10, 0x90, 0x82, 0xA0, 0x00, 0x84, 0x87, 0xA5,
    0x1A, 0x18, 0x69, 0x13, 0x85, 0x1A, 0xE6, 0x88, 0xA6, 0x88, 0xEC, 0xAB, 0x05, 0xB0, 0x03, 0x4C,
    0xB7, 0xB1, 0x20, 0xD1, 0xB4, 0xA5, 0x9D, 0x18, 0x69, 0x80, 0xA5, 0x9E, 0x69, 0x00, 0x29, 0x07,
    0x85, 0x7C, 0xA5, 0x53, 0x29, 0x0F, 0xA8, 0xA5, 0x53, 0x4A, 0x4A, 0x4A, 0x4A, 0xAA, 0xBD, 0xBE,
    0x83, 0x18, 0x79, 0xCE, 0x83, 0xA6, 0x7C, 0x18, 0x7D, 0x59, 0xFC, 0x8D, 0x81, 0x03, 0xA5, 0x57,
    0x29, 0x0F, 0xA8, 0xA5, 0x57, 0x4A, 0x4A, 0x4A, 0x4A, 0xAA, 0xBD, 0xC6, 0x83, 0x38, 0xF9, 0xCE,
    0x83, 0xA6, 0x7C, 0x18, 0x7D, 0x52, 0xFC, 0x8D, 0x6A, 0x03, 0x24, 0x33, 0x30, 0x06, 0xA5, 0x03,
    0x29, 0x10, 0xD0, 0x0D, 0xA6, 0x7C, 0xBC, 0xB6, 0x83, 0xBD, 0xAE, 0x83, 0xA2, 0x00, 0x20, 0xC1,
    0xF8, 0x24, 0xF3, 0x10, 0x0E, 0xE6, 0xB6, 0xA5, 0xB6, 0x29, 0x07, 0x85, 0xB6, 0x20, 0xCD, 0x90,
    0x20, 0xB4, 0x8C, 0x60, 0x8D, 0xAA, 0x05, 0xA5, 0x87, 0x18, 0x69, 0x03, 0x65, 0x1A, 0xA8, 0xAD,
    0xAA, 0x05, 0x99, 0x00, 0x02, 0x60, 0xAD, 0x81, 0x03, 0xC9, 0xDD, 0xB0, 0x14, 0xAD, 0x6A, 0x03,
    0xC9, 0xB0, 0xB0, 0x0D, 0xA5, 0x03, 0x29, 0x10, 0xD0, 0x07, 0xA2, 0x00, 0xA0, 0x01, 0x20, 0xC1,
    0xF8, 0x20, 0xD1, 0xB4, 0xAD, 0xC6, 0x06, 0xF0, 0x55, 0xCE, 0xC6, 0x06, 0xF0, 0x50, 0x60, 0xA6,
    0x4F, 0xBD, 0x61, 0x85, 0x1D, 0x6B, 0x85, 0xD0, 0x03, 0x4C, 0xF3, 0xB3, 0xA0, 0xEE, 0xBD, 0x61,
    0x85, 0x3D, 0x6B, 0x85, 0x29, 0x80, 0xD0, 0x09, 0xA0, 0xB0, 0xBD, 0x61, 0x85, 0xD0, 0x02, 0xA0,
    0xCE, 0x84, 0xEB, 0xA0, 0x84, 0x84, 0xEC, 0xA0, 0x53, 0xBD, 0x6B, 0x85, 0x29, 0x7F, 0x18, 0x69,
    0x30, 0x8D, 0xD3, 0x06, 0xC9, 0x32, 0x90, 0x03, 0x8C, 0xD1, 0x06, 0xBD, 0x61, 0x85, 0x29, 0x7F,
    0x18, 0x69, 0x30, 0x8D, 0xD2, 0x06, 0xC9, 0x32, 0x90, 0x03, 0x8C, 0xD1, 0x06, 0x60, 0xA0, 0x00,
    0xB1, 0xEB, 0xC9, 0x25, 0xD0, 0x03, 0x4C, 0xF3, 0xB3, 0xC9, 0x40, 0xD0, 0x03, 0x4C, 0xF0, 0xB3,
    0xC9, 0x2A, 0xD0, 0x03, 0x4C, 0x38, 0xB4, 0x2C, 0xCF, 0x06, 0x10, 0x04, 0xA9, 0x30, 0xD0, 0x5D,
    0xC9, 0x21, 0xF0, 0x8B, 0xC9, 0x5E, 0xD0, 0x08, 0xAD, 0xD1, 0x06, 0xD0, 0x50, 0x4C, 0xE3, 0xB3,
    0xC9, 0x3F, 0xD0, 0x05, 0xAD, 0xD3, 0x06, 0xD0, 0x44, 0xC9, 0x26, 0xD0, 0x05, 0xAD, 0xD2, 0x06,
    0xD0, 0x3B, 0xC9, 0x3D, 0xD0, 0x03, 0x4C, 0x51, 0xB4, 0xC9, 0x2B, 0xD0, 0x03, 0x4C, 0x67, 0xB4,
    0xC9, 0x24, 0xF0, 0x6A, 0x4E, 0xCA, 0x06, 0xC9, 0x3C, 0xD0, 0x22, 0xA9, 0x54, 0x8D, 0x81, 0x03,
    0xAD, 0x6A, 0x03, 0x69, 0x07, 0x8D, 0x6A, 0x03, 0xCE, 0xC9, 0x06, 0xAC, 0xC9, 0x06, 0xBE, 0xF8,
    0x83, 0xCA, 0x8E, 0xC7, 0x06, 0xB9, 0xE8, 0x83, 0x8D, 0xC8, 0x06, 0xD0, 0x0F, 0x20, 0x8A, 0xB4,
    0xEE, 0xC7, 0x06, 0xAD, 0x81, 0x03, 0x18, 0x69, 0x08, 0x8D, 0x81, 0x03, 0xA9, 0x04, 0xD0, 0x34,
    0x4C, 0x70, 0xB4, 0xA4, 0x4F, 0xAD, 0xCE, 0x06, 0x0A, 0xAA, 0xB5, 0xED, 0xE0, 0x02, 0xD0, 0x13,
    0x2C, 0xD4, 0x06, 0x30, 0x0E, 0xB9, 0x61, 0x85, 0x19, 0x6B, 0x85, 0xC9, 0x01, 0xA9, 0x51, 0xB0,
    0x02, 0xA9, 0x52, 0x85, 0xEB, 0xB5, 0xEE, 0x85, 0xEC, 0xEE, 0xCE, 0x06, 0xD0, 0x19, 0x38, 0x6E,
    0xCA, 0x06, 0xA9, 0x50, 0x8D, 0xC6, 0x06, 0xAD, 0xCF, 0x06, 0x0D, 0xAA, 0x03, 0x29, 0x80, 0xD0,
    0x06, 0xE6, 0xEB, 0xD0, 0x02, 0xE6, 0xEC, 0x60, 0x2C, 0xCF, 0x06, 0x10, 0x05, 0x18, 0xA9, 0xFF,
    0xD0, 0x08, 0xA5, 0x4F, 0xC9, 0x09, 0x90, 0x02, 0xA9, 0x00, 0x6E, 0xCF, 0x06, 0x69, 0x31, 0xD0,
    0x1C, 0xA5, 0x4F, 0xC9, 0x02, 0x90, 0x0A, 0xF0, 0x08, 0xA9, 0xAD, 0x85, 0xEB, 0xA9, 0x84, 0x85,
    0xEC, 0x6E, 0xD4, 0x06, 0x4C, 0xEC, 0xB3, 0x20, 0xE4, 0xB4, 0x20, 0xFE, 0xB4, 0x4C, 0xDD, 0xB3,
    0xA9, 0xD8, 0x85, 0x3B, 0xA9, 0xAC, 0x85, 0x3C, 0xA5, 0x18, 0x09, 0x01, 0x85, 0x18, 0xA0, 0xFF,
    0x84, 0xB4, 0xC8, 0x8C, 0xA8, 0x05, 0x8C, 0x80, 0x05, 0x60, 0x48, 0x18, 0x20, 0xE2, 0xAF, 0xA6,
    0x1A, 0xAD, 0xC8, 0x06, 0x9D, 0x00, 0x02, 0xE8, 0xAD, 0xC7, 0x06, 0x9D, 0x00, 0x02, 0xE8, 0xA9,
    0x01, 0x9D, 0x00, 0x02, 0xE8, 0x68, 0xC9, 0x2D, 0xF0, 0x12, 0xC9, 0x2E, 0xF0, 0x13, 0xC9, 0x20,
    0xF0, 0x13, 0xC9, 0x41, 0x90, 0x02, 0xE9, 0x08, 0xE9, 0x25, 0xE9, 0x04, 0xE9, 0xA1, 0x4C, 0xC7,
    0xB4, 0xA9, 0x8A, 0xD0, 0x02, 0xA9, 0xE6, 0x18, 0x69, 0x1A, 0x9D, 0x00, 0x02, 0xE8, 0x86, 0x1A,
    0x60, 0xA2, 0x05, 0x2C, 0xCA, 0x06, 0x30, 0x08, 0xA5, 0x1B, 0x29, 0x20, 0xD0, 0x02, 0xA2, 0x15,
    0x8E, 0x0F, 0x03, 0x60, 0x2C, 0xAA, 0x03, 0x30, 0x14, 0x38, 0x6E, 0xAA, 0x03, 0xA9, 0xFF, 0x8D,
    0xA9, 0x03, 0xA4, 0x4F, 0xB9, 0x06, 0x84, 0x85, 0xF1, 0xA9, 0x84, 0x85, 0xF2, 0x60, 0xEE, 0xA9,
    0x03, 0xAC, 0xA9, 0x03, 0xB1, 0xF1, 0xC9, 0x2E, 0xD0, 0x03, 0x4E, 0xAA, 0x03, 0x60, 0x84, 0xDE,
    0x85, 0xDF, 0xA9, 0x01, 0x85, 0xE0, 0x8D, 0xAB, 0x03, 0x8D, 0xAA, 0x03, 0x8D, 0xAC, 0x03, 0x8D,
    0xAD, 0x03, 0x8D, 0xAE, 0x03, 0x8D, 0xAF, 0x03, 0x8D, 0xB3, 0x03, 0x60, 0xAE, 0xB2, 0x03, 0xBD,
    0xA4, 0x03, 0xBC, 0xAB, 0x03, 0xC0, 0x80, 0xB0, 0x0B, 0x38, 0x7E, 0xAB, 0x03, 0xA0, 0xFF, 0x8C,
    0xA9, 0x03, 0xD0, 0x2C, 0xC0, 0xC0, 0xB0, 0x13, 0x38, 0x7E, 0xAB, 0x03, 0x8E, 0xA3, 0x03, 0x20,
    0x0D, 0x96, 0x8E, 0xB0, 0x03, 0x8C, 0xB1, 0x03, 0xAE, 0xA3, 0x03, 0xEE, 0xA9, 0x03, 0xAC, 0xA9,
    0x03, 0xC0, 0x02, 0xB0, 0x13, 0xB9, 0xB0, 0x03, 0xC0, 0x01, 0xF0, 0x08, 0xC9, 0x08, 0xD0, 0x04,
    0xA9, 0x03, 0x18, 0x60, 0x18, 0x69, 0x28, 0x60, 0xBC, 0x74, 0x85, 0xBD, 0x78, 0x85, 0xEE, 0xB2,
    0x03, 0x60, 0xA9, 0x1B, 0x85, 0x4C, 0x8D, 0x4A, 0x03, 0xA2, 0x09, 0xA9, 0x00, 0x9D, 0x9E, 0x06,
    0x9D, 0xA8, 0x06, 0xCA, 0x10, 0xF7, 0xA2, 0x56, 0x9D, 0x70, 0x07, 0xCA, 0x10, 0xFA, 0xA2, 0x07,
    0x8A, 0x0A, 0x0A, 0xA8, 0xA9, 0x27, 0x99, 0x70, 0x07, 0xCA, 0x10, 0xF4, 0xA6, 0x4F, 0xBD, 0xE9,
    0x91, 0x30, 0x61, 0x8D, 0x99, 0x06, 0xAA, 0x0A, 0x0A, 0xA8, 0xB9, 0xE1, 0xBA, 0x85, 0x7C, 0xB9,
    0xE2, 0xBA, 0x85, 0x7D, 0xB9, 0xE3, 0xBA, 0x8D, 0x9A, 0x06, 0x18, 0x7D, 0x01, 0xBB, 0x8D, 0xBC,
    0x06, 0xAE, 0x9A, 0x06, 0xAD, 0xFB, 0x05, 0x10, 0x02, 0x49, 0x7F, 0x85, 0x7E, 0x8A, 0x0A, 0x0A,
    0xA8, 0xC8, 0xB1, 0x7C, 0x9D, 0x9E, 0x06, 0xC8, 0xB1, 0x7C, 0x86, 0xA9, 0x29, 0x0F, 0xAA, 0xBD,
    0xB6, 0xB9, 0xA6, 0xA9, 0x9D, 0xB2, 0x06, 0xC8, 0xB1, 0x7C, 0x18, 0x65, 0x7E, 0x99, 0x90, 0x07,
    0xCA, 0x10, 0xDA, 0xE8, 0x8E, 0xBD, 0x06, 0x8E, 0x97, 0x06, 0x8E, 0x98, 0x06, 0x8E, 0xBE, 0x06,
    0x38, 0x6E, 0x9B, 0x06, 0x60, 0x24, 0x33, 0x30, 0x42, 0x2C, 0xBC, 0x06, 0x30, 0x0D, 0x20, 0xA5,
    0xA9, 0x90, 0x08, 0x0A, 0x90, 0x35, 0xA9, 0x00, 0x20, 0x4C, 0xA8, 0x2C, 0x9B, 0x06, 0x10, 0x2B,
    0xAD, 0x99, 0x06, 0x0A, 0x0A, 0xA8, 0xB9, 0xE1, 0xBA, 0x85, 0xA3, 0xB9, 0xE2, 0xBA, 0x85, 0xA4,
    0x20, 0x5C, 0xB6, 0x20, 0xBC, 0xB6, 0x20, 0xFF, 0xB8, 0x2C, 0xBC, 0x06, 0x10, 0x0D, 0xA5, 0x03,
    0x4A, 0x90, 0x08, 0xCE, 0xBD, 0x06, 0xD0, 0x03, 0x4E, 0x9B, 0x06, 0x60, 0xAD, 0xFB, 0x05, 0x10,
    0x07, 0x49, 0x7F, 0x18, 0x69, 0x01, 0x29, 0x7F, 0x85, 0xA5, 0xAE, 0x9A, 0x06, 0x8A, 0x0A, 0x0A,
    0x18, 0x69, 0x03, 0xA8, 0xBD, 0xB2, 0x06, 0x29, 0xDF, 0x9D, 0xB2, 0x06, 0xB1, 0xA3, 0x2C, 0xFB,
    0x05, 0x30, 0x0A, 0x38, 0xE5, 0xA5, 0x99, 0x90, 0x07, 0xB0, 0x1A, 0x90, 0x08, 0x18, 0x65, 0xA5,
    0x99, 0x90, 0x07, 0x90, 0x10, 0x88, 0x88, 0x88, 0x20, 0xD6, 0xBA, 0xBD, 0xB2, 0x06, 0x09, 0x20,
    0x9D, 0xB2, 0x06, 0xD0, 0x13, 0xBD, 0xB2, 0x06, 0xC9, 0xC0, 0xB0, 0x04, 0xC9, 0x40, 0xB0, 0x08,
    0x88, 0x88, 0x88, 0xB1, 0xA3, 0x99, 0x90, 0x07, 0xCA, 0x10, 0xB2, 0x60, 0xAE, 0x51, 0x06, 0xF0,
    0x40, 0xBD, 0x00, 0x06, 0x85, 0xA5, 0xBD, 0x08, 0x06, 0x85, 0xA6, 0xAE, 0x9A, 0x06, 0x20, 0xA1,
    0xB8, 0x90, 0x2A, 0xA9, 0x40, 0x9D, 0xA8, 0x06, 0x86, 0xA9, 0xA2, 0x06, 0xA9, 0x01, 0x20, 0x55,
    0xBE, 0xA2, 0x01, 0xBD, 0x00, 0x01, 0x10, 0x04, 0xC9, 0x82, 0xD0, 0x04, 0x38, 0x20, 0xA3, 0xAF,
    0xA6, 0xA9, 0xDE, 0x9E, 0x06, 0x10, 0x09, 0x20, 0x7C, 0xB7, 0x4C, 0x00, 0xB7, 0xCA, 0x10, 0xCE,
    0x60, 0xAD, 0x7D, 0x06, 0x0D, 0x7E, 0x06, 0xF0, 0x72, 0xA2, 0x01, 0xAD, 0x7D, 0x06, 0xF0, 0x0B,
    0xAD, 0x7E, 0x06, 0xF0, 0x05, 0xCD, 0x7D, 0x06, 0x90, 0x01, 0xCA, 0xBD, 0x79, 0x06, 0x85, 0xA5,
    0xBD, 0x7B, 0x06, 0x85, 0xA6, 0xBD, 0x7D, 0x06, 0x49, 0xFF, 0x4A, 0x4A, 0x4A, 0x4A, 0x85, 0xA7,
    0x8E, 0xC0, 0x06, 0xAE, 0x9A, 0x06, 0x20, 0xA1, 0xB8, 0x90, 0x3D, 0x86, 0xA9, 0xC8, 0xC8, 0xB1,
    0xA3, 0x4A, 0x4A, 0x4A, 0x4A, 0x88, 0x88, 0x38, 0xE5, 0xA7, 0xB0, 0x04, 0x49, 0xFF, 0x69, 0x01,
    0xC9, 0x03, 0xB0, 0x24, 0xA9, 0x40, 0x9D, 0xA8, 0x06, 0xA9, 0xFF, 0x9D, 0x9E, 0x06, 0x20, 0x7C,
    0xB7, 0xAC, 0xC0, 0x06, 0xA9, 0x00, 0x99, 0x4C, 0x05, 0x98, 0x0A, 0xA8, 0xA9, 0x40, 0x99, 0x6D,
    0x00, 0xA9, 0x00, 0x99, 0xEC, 0x04, 0xF0, 0x03, 0xCA, 0x10, 0xBB, 0x60, 0xBD, 0xB2, 0x06, 0xC9,
    0xC0, 0x90, 0x13, 0xC9, 0xC2, 0xD0, 0x0A, 0xA9, 0x02, 0x8D, 0xC3, 0x06, 0xA9, 0x06, 0x85, 0xA2,
    0x60, 0xC9, 0xC4, 0xF0, 0x1E, 0x60, 0xCE, 0xBC, 0x06, 0x10, 0x18, 0x84, 0xA8, 0x20, 0x71, 0xBD,
    0xA2, 0x00, 0xA9, 0x01, 0x20, 0x4C, 0xA8, 0xA9, 0x01, 0x8D, 0xC3, 0x06, 0xA9, 0x90, 0x8D, 0x75,
    0x05, 0xA4, 0xA8, 0x38, 0x20, 0xD4, 0xAF, 0xA2, 0x04, 0xA9, 0x01, 0x20, 0x55, 0xBE, 0xA6, 0xA9,
    0x20, 0xD3, 0xB7, 0xA9, 0x00, 0x99, 0x91, 0x07, 0xA9, 0x40, 0x9D, 0xB2, 0x06, 0xA9, 0xFF, 0x9D,
    0xA8, 0x06, 0x60, 0x2C, 0xBE, 0x06, 0x30, 0x6F, 0xBD, 0xB2, 0x06, 0x29, 0x1F, 0xF0, 0x68, 0xA9,
    0x07, 0x8D, 0xBF, 0x06, 0xA5, 0xC4, 0xC9, 0x02, 0x6E, 0xBE, 0x06, 0x84, 0xA7, 0x86, 0xA8, 0xAD,
    0xFB, 0x05, 0x18, 0x69, 0x80, 0x8D, 0xC2, 0x06, 0xA9, 0x00, 0x99, 0x91, 0x07, 0xB9, 0x93, 0x07,
    0x38, 0xE9, 0x04, 0x85, 0xA5, 0x8D, 0xC1, 0x06, 0xB9, 0x90, 0x07, 0x38, 0xE9, 0x04, 0x85, 0xA6,
    0xA2, 0x00, 0x8A, 0x0A, 0x0A, 0xA8, 0xA5, 0xA5, 0x18, 0x7D, 0x79, 0xB8, 0x99, 0xBB, 0x07, 0xA5,
    0xA6, 0x18, 0x7D, 0x7D, 0xB8, 0x99, 0xB8, 0x07, 0xA9, 0x02, 0x99, 0xBA, 0x07, 0xBD, 0xD2, 0x80,
    0x2C, 0xBE, 0x06, 0x10, 0x03, 0xBD, 0x80, 0x82, 0x99, 0xB9, 0x07, 0xE8, 0xE0, 0x04, 0x90, 0xD2,
    0x6E, 0xBE, 0x06, 0xA4, 0xA7, 0xA6, 0xA8, 0x60, 0x86, 0xA6, 0x84, 0xA7, 0xAD, 0xFB, 0x05, 0x18,
    0x69, 0x80, 0x85, 0xA5, 0xAD, 0xC2, 0x06, 0x38, 0xE5, 0xA5, 0x85, 0xA5, 0xA2, 0x00, 0x8A, 0x0A,
    0x0A, 0xA8, 0xAD, 0xC1, 0x06, 0x18, 0x7D, 0x79, 0xB8, 0x18, 0x65, 0xA5, 0x99, 0xBB, 0x07, 0xE8,
    0xE0, 0x04, 0x90, 0xEA, 0xA6, 0xA6, 0xA4, 0xA7, 0x60, 0x00, 0x08, 0x00, 0x08, 0x00, 0x00, 0x08,
    0x08, 0x4E, 0xBE, 0x06, 0xA9, 0x00, 0x8D, 0xB9, 0x07, 0x8D, 0xBD, 0x07, 0x8D, 0xC1, 0x07, 0x8D,
    0xC5, 0x07, 0xA9, 0xF0, 0x8D, 0xB8, 0x07, 0x8D, 0xBC, 0x07, 0x8D, 0xC0, 0x07, 0x8D, 0xC4, 0x07,
    0x60, 0x86, 0xA9, 0xBD, 0x9E, 0x06, 0x30, 0x3F, 0xBD, 0xB2, 0x06, 0x29, 0x20, 0xD0, 0x38, 0x8A,
    0x0A, 0x0A, 0xA8, 0xBD, 0xB2, 0x06, 0x29, 0x1F, 0xAA, 0xB9, 0x90, 0x07, 0x18, 0x7D, 0xEB, 0xB8,
    0x38, 0xE5, 0xA6, 0xB0, 0x04, 0x49, 0xFF, 0x69, 0x01, 0xDD, 0xF0, 0xB8, 0xB0, 0x19, 0xB9, 0x93,
    0x07, 0x18, 0x7D, 0xF5, 0xB8, 0x38, 0xE5, 0xA5, 0xB0, 0x04, 0x49, 0xFF, 0x69, 0x01, 0xDD, 0xFA,
    0xB8, 0xB0, 0x04, 0xA6, 0xA9, 0x38, 0x60, 0xA6, 0xA9, 0x18, 0x60, 0xFD, 0xFD, 0xFD, 0xFD, 0xFD,
    0x06, 0x06, 0x06, 0x06, 0x06, 0x03, 0x03, 0x03, 0x03, 0x03, 0x06, 0x06, 0x06, 0x06, 0x06, 0xAE,
    0x9A, 0x06, 0x86, 0xA8, 0xA6, 0xA8, 0x8A, 0x0A, 0x0A, 0xA8, 0xBD, 0xB2, 0x06, 0x29, 0xC0, 0xD0,
    0x06, 0x20, 0x42, 0xB9, 0x4C, 0x36, 0xB9, 0xC9, 0x40, 0xD0, 0x0D, 0xBD, 0xB2, 0x06, 0x29, 0x20,
    0xD0, 0x14, 0x20, 0x0C, 0xBA, 0x4C, 0x36, 0xB9, 0xC9, 0x84, 0xB0, 0x0F, 0xBD, 0xB2, 0x06, 0x29,
    0x20, 0xD0, 0x08, 0x20, 0x4E, 0xBA, 0xC6, 0xA8, 0x10, 0xCA, 0x60, 0xA9, 0x00, 0x99, 0x91, 0x07,
    0xF0, 0xF4, 0xBD, 0xA8, 0x06, 0xF0, 0x1A, 0xDE, 0xA8, 0x06, 0xBD, 0xA8, 0x06, 0x10, 0x0B, 0xBD,
    0xA8, 0x06, 0x29, 0x7F, 0x9D, 0xA8, 0x06, 0x4C, 0xB5, 0xB9, 0xA9, 0x00, 0x99, 0x91, 0x07, 0xF0,
    0x54, 0x20, 0x3B, 0xF9, 0xC9, 0x30, 0xB0, 0x4D, 0xBD, 0xB2, 0x06, 0x29, 0x1F, 0xAA, 0x20, 0xBB,
    0xB9, 0x86, 0xA9, 0xE0, 0x01, 0xD0, 0x12, 0xA2, 0x03, 0xBD, 0x00, 0x01, 0x10, 0x04, 0xC9, 0x87,
    0xD0, 0x16, 0x38, 0x20, 0xC6, 0xAF, 0x4C, 0x98, 0xB9, 0xA2, 0x03, 0xBD, 0x00, 0x01, 0x10, 0x04,
    0xC9, 0x03, 0xD0, 0x04, 0x38, 0x20, 0xBF, 0xAF, 0xA6, 0xA8, 0xBD, 0xB2, 0x06, 0x29, 0x20, 0xD0,
    0x14, 0xA6, 0xA9, 0xBD, 0xB6, 0xB9, 0x20, 0xB1, 0xBA, 0x20, 0x3B, 0xF9, 0x29, 0x0F, 0x09, 0x83,
    0xA6, 0xA8, 0x9D, 0xA8, 0x06, 0x60, 0x00, 0x01, 0xC2, 0x83, 0xC4, 0xBD, 0x0A, 0xBA, 0x86, 0xA9,
    0x2C, 0x87, 0x06, 0x30, 0x42, 0xAE, 0x78, 0x06, 0xF0, 0x01, 0x4A, 0x18, 0x6D, 0x97, 0x06, 0x8D,
    0x97, 0x06, 0xA5, 0xA2, 0x08, 0x69, 0x00, 0x85, 0xA2, 0x28, 0x90, 0x0F, 0xC9, 0x05, 0xD0, 0x0B,
    0x38, 0x20, 0xB8, 0xAF, 0xA6, 0xA9, 0xA9, 0xB0, 0x8D, 0x75, 0x05, 0xAD, 0x97, 0x06, 0x38, 0xED,
    0x98, 0x06, 0xB0, 0x04, 0x49, 0xFF, 0x69, 0x01, 0xC9, 0x40, 0x90, 0x0B, 0xA9, 0xFF, 0x8D, 0x10,
    0x05, 0xAD, 0x97, 0x06, 0x8D, 0x98, 0x06, 0xA6, 0xA9, 0x60, 0x02, 0x04, 0xB9, 0x91, 0x07, 0xD0,
    0x10, 0x2C, 0xBE, 0x06, 0x10, 0x0B, 0x20, 0x48, 0xB8, 0xCE, 0xBF, 0x06, 0x10, 0x2B, 0x20, 0x81,
    0xB8, 0xB1, 0xA3, 0x99, 0x90, 0x07, 0xBD, 0xA8, 0x06, 0xF0, 0x19, 0xA5, 0x03, 0x29, 0x01, 0xD0,
    0x03, 0xDE, 0xA8, 0x06, 0xA5, 0x03, 0x4A, 0x4A, 0x29, 0x03, 0xAA, 0xBD, 0x4A, 0xBA, 0x20, 0xB1,
    0xBA, 0x4C, 0x49, 0xBA, 0xA9, 0x80, 0x9D, 0xB2, 0x06, 0x60, 0x02, 0x03, 0x04, 0x05, 0xBD, 0xB2,
    0x06, 0xC9, 0x83, 0x18, 0xD0, 0x01, 0x38, 0x66, 0xA7, 0xDE, 0xA8, 0x06, 0xBD, 0xA8, 0x06, 0x85,
    0xA9, 0x4A, 0x4A, 0x4A, 0x4A, 0x29, 0x03, 0x49, 0x03, 0x86, 0xA6, 0xAA, 0xC9, 0x03, 0xF0, 0x10,
    0xBD, 0xD2, 0xBA, 0x24, 0xA7, 0x10, 0x03, 0xAD, 0xD4, 0xBA, 0x20, 0xB1, 0xBA, 0x4C, 0x95, 0xBA,
    0xA9, 0x00, 0x99, 0x91, 0x07, 0x24, 0xA7, 0x10, 0x0C, 0x2C, 0xBC, 0x06, 0x10, 0x07, 0xA9, 0xC0,
    0xA6, 0xA6, 0x9D, 0xB2, 0x06, 0xA5, 0xA9, 0x4A, 0x4A, 0x29, 0x0F, 0x49, 0x0F, 0x85, 0xA9, 0xB1,
    0xA3, 0x38, 0xE5, 0xA9, 0x99, 0x90, 0x07, 0xC9, 0x28, 0xB0, 0x05, 0xA9, 0x00, 0x99, 0x91, 0x07,
    0x60, 0xAA, 0xA5, 0xC4, 0xC9, 0x02, 0xBD, 0xC5, 0x80, 0x90, 0x03, 0xBD, 0x73, 0x82, 0x99, 0x91,
    0x07, 0xBD, 0xC8, 0xBA, 0x99, 0x92, 0x07, 0x60, 0x02, 0x02, 0x02, 0x02, 0x02, 0x02, 0x00, 0x00,
    0x00, 0x00, 0x06, 0x07, 0x08, 0x09, 0xA9, 0x00, 0x99, 0x91, 0x07, 0xA9, 0xF0, 0x99, 0x90, 0x07,
    0x60, 0x09, 0xBB, 0x05, 0x00, 0x36, 0xC9, 0x07, 0x00, 0x21, 0xBB, 0x08, 0x00, 0x45, 0xBB, 0x06,
    0x00, 0x61, 0xBB, 0x09, 0x00, 0x89, 0xBB, 0x09, 0x00, 0xB1, 0xBB, 0x09, 0x00, 0xD9, 0xBB, 0x09,
    0x00, 0x00, 0x00, 0x00, 0x00, 0xFD, 0xFC, 0xFF, 0x00, 0x4E, 0x05, 0x80, 0x18, 0x4E, 0x05, 0x80,
    0xE8, 0x3C, 0x0A, 0xC1, 0x50, 0x3C, 0x0A, 0xC1, 0xA8, 0x35, 0x0A, 0xC1, 0x50, 0x35, 0x0A, 0xC1,
    0xA8, 0x44, 0x05, 0xD0, 0x18, 0x44, 0x05, 0xD0, 0x62, 0x44, 0x05, 0xD0, 0xB0, 0x44, 0x0A, 0xD1,
    0xC6, 0x42, 0x0A, 0xD1, 0xDE, 0x40, 0x0A, 0xD1, 0x20, 0x40, 0x0A, 0xD1, 0x30, 0x40, 0x0A, 0xD1,
    0x80, 0x40, 0x0A, 0xD1, 0xB8, 0x4B, 0x1E, 0x81, 0x24, 0x4B, 0x1E, 0x81, 0x64, 0x4B, 0x1E, 0x81,
    0xA4, 0x4E, 0x14, 0x81, 0xD4, 0x47, 0x14, 0x81, 0xD4, 0x3F, 0x05, 0x80, 0xD0, 0x3F, 0x05, 0x80,
    0xD8, 0x50, 0x14, 0x81, 0x10, 0x50, 0x14, 0x81, 0x68, 0x50, 0x0A, 0x81, 0xC8, 0x48, 0x0A, 0xD1,
    0xE8, 0x40, 0x05, 0xD2, 0x58, 0x40, 0x05, 0xD2, 0xB8, 0x40, 0x05, 0xD2, 0xD8, 0x38, 0x05, 0xD0,
    0x38, 0x38, 0x05, 0xD0, 0x98, 0x30, 0x0A, 0xD0, 0xB8, 0x4A, 0x14, 0x81, 0x24, 0x4A, 0x14, 0x81,
    0x34, 0x4A, 0x14, 0x81, 0x9C, 0x4A, 0x14, 0x81, 0xAC, 0x38, 0x05, 0xD0, 0x10, 0x38, 0x05, 0xD0,
    0x88, 0x32, 0x00, 0xD3, 0x58, 0x32, 0x00, 0xD3, 0x6C, 0x32, 0x00, 0xD3, 0xD0, 0x32, 0x00, 0xD3,
    0xE4, 0x57, 0x0A, 0x80, 0x3C, 0x57, 0x0A, 0x80, 0x44, 0x57, 0x0A, 0x80, 0x7C, 0x57, 0x0A, 0x80,
    0x84, 0x48, 0x14, 0xA1, 0x0E, 0x48, 0x14, 0xA1, 0x96, 0x48, 0x14, 0xA1, 0xE6, 0x4C, 0x05, 0xA0,
    0xC8, 0x48, 0x05, 0xD4, 0x7C, 0x4A, 0x14, 0xA1, 0x63, 0x3A, 0x14, 0xD1, 0x00, 0x3A, 0x14, 0xD1,
    0xF0, 0x44, 0x1E, 0x81, 0x4A, 0x44, 0x1E, 0x81, 0x9A, 0x44, 0x0A, 0xA0, 0x27, 0x46, 0x0A, 0xC0,
    0x82, 0x45, 0x0A, 0xA0, 0xC0, 0x3C, 0x05, 0xA0, 0x70, 0x50, 0x05, 0x80, 0x10, 0x50, 0x05, 0x80,
    0xB0, 0xA9, 0x00, 0xF0, 0x02, 0xA5, 0x8E, 0x0A, 0x0A, 0x0A, 0x0A, 0x85, 0xA3, 0xA9, 0xFF, 0x38,
    0xE5, 0xA3, 0x8D, 0x09, 0x01, 0x20, 0xEA, 0xAF, 0x60, 0xA2, 0x03, 0x2C, 0x80, 0x05, 0x30, 0x51,
    0xA0, 0x00, 0xAD, 0xE8, 0x04, 0x10, 0x07, 0xAD, 0x6E, 0x04, 0xC9, 0x01, 0xF0, 0x0E, 0xA0, 0x02,
    0xAD, 0xEA, 0x04, 0x10, 0x3C, 0xAD, 0x70, 0x04, 0xC9, 0x01, 0xD0, 0x35, 0xB9, 0x3B, 0x04, 0x85,
    0xA3, 0xB9, 0x3A, 0x04, 0x0A, 0x26, 0xA3, 0xA5, 0xA3, 0x29, 0x03, 0x85, 0xA3, 0xB9, 0x53, 0x04,
    0x85, 0xA4, 0xB9, 0x52, 0x04, 0x0A, 0x26, 0xA4, 0xA5, 0xA4, 0x29, 0x03, 0x38, 0x65, 0xA3, 0x49,
    0x07, 0x8D, 0xC4, 0x06, 0xBD, 0x00, 0x01, 0x10, 0x04, 0xC9, 0x8A, 0xD0, 0x0E, 0x18, 0x4C, 0xDB,
    0xAF, 0xA9, 0x8A, 0xDD, 0x00, 0x01, 0xD0, 0x03, 0x20, 0x5F, 0xBD, 0x60, 0xA9, 0x94, 0x8D, 0x00,
    0x20, 0xA2, 0x07, 0xA9, 0x20, 0x8D, 0x06, 0x20, 0xBD, 0xC9, 0xBC, 0x8D, 0x06, 0x20, 0xBD, 0xD1,
    0xBC, 0xA0, 0x10, 0x8D, 0x07, 0x20, 0x88, 0x10, 0xFA, 0xCA, 0x10, 0xE7, 0xA9, 0x90, 0x8D, 0x00,
    0x20, 0xA2, 0x10, 0x86, 0x7C, 0x8A, 0x0A, 0xA8, 0xB9, 0xDA, 0xBC, 0x8D, 0x06, 0x20, 0xB9, 0xD9,
    0xBC, 0x8D, 0x06, 0x20, 0xBC, 0xFB, 0xBC, 0xA2, 0x05, 0xB9, 0x0C, 0xBD, 0x8D, 0x07, 0x20, 0xC8,
    0xCA, 0x10, 0xF6, 0xA6, 0x7C, 0xCA, 0x10, 0xDB, 0x60, 0xA0, 0xA1, 0xA8, 0xA9, 0xBC, 0xBD, 0xBE,
    0xBF, 0x00, 0x00, 0xCE, 0xCE, 0xD1, 0xD1, 0x00, 0x00, 0xA2, 0x20, 0xC2, 0x20, 0x02, 0x21, 0x22,
    0x21, 0x62, 0x21, 0x82, 0x21, 0xC2, 0x21, 0x22, 0x22, 0x42, 0x22, 0xA2, 0x22, 0xE2, 0x20, 0x42,
    0x21, 0x02, 0x22, 0xA2, 0x21, 0xE2, 0x21, 0x62, 0x22, 0x82, 0x22, 0x00, 0x00, 0x00, 0x00, 0x00,
    0x00, 0x00, 0x00, 0x00, 0x00, 0x06, 0x0C, 0x0C, 0x12, 0x18, 0x1E, 0x24, 0xCD, 0xC3, 0xC3, 0xC3,
    0xC3, 0xC3, 0xCD, 0xD2, 0xD3, 0xD4, 0xD5, 0xD6, 0xD7, 0xD8, 0xD8, 0xD8, 0xD8, 0xD8, 0xCD, 0xD9,
    0xDA, 0xDB, 0xDC, 0xDD, 0xCD, 0xC3, 0xC3, 0xC3, 0xDE, 0xC3, 0xDF, 0xE0, 0xE1, 0xE2, 0xE3, 0xE4,
    0xCD, 0xC3, 0xE5, 0xE6, 0xE7, 0xC3, 0x20, 0x5E, 0xBD, 0x20, 0x5E, 0xBD, 0x20, 0x5E, 0xBD, 0x20,
    0x5E, 0xBD, 0x20, 0x5E, 0xBD, 0x4C, 0x48, 0xBD, 0x4C, 0x4B, 0xBD, 0x4C, 0x4E, 0xBD, 0xA8, 0xB9,
    0x56, 0xBD, 0x99, 0x56, 0xBD, 0x60, 0x00, 0x01, 0x02, 0x03, 0x04, 0x05, 0x06, 0x07, 0x60, 0x20,
    0x8C, 0xBD, 0xAD, 0x15, 0x40, 0x3D, 0x96, 0xBD, 0x8D, 0x15, 0x40, 0x5E, 0x00, 0x01, 0x4C, 0x7F,
    0xBD, 0x20, 0x8C, 0xBD, 0xA2, 0x03, 0x20, 0x5F, 0xBD, 0xCA, 0x10, 0xFA, 0x4C, 0x7F, 0xBD, 0xAD,
    0x40, 0x01, 0xAE, 0x41, 0x01, 0xAC, 0x42, 0x01, 0x60, 0x6E, 0x49, 0x01, 0x8D, 0x40, 0x01, 0x8E,
    0x41, 0x01, 0x8C, 0x42, 0x01, 0x60, 0xFE, 0xFD, 0xFB, 0xF7, 0xEF, 0x01, 0x02, 0x04, 0x08, 0x10,
    0xF8, 0xFC, 0x00, 0x04, 0x08, 0x0C, 0x10, 0x14, 0x18, 0x1C, 0x20, 0x24, 0x28, 0x2C, 0x30, 0x34,
    0x38, 0x3C, 0x40, 0x44, 0x48, 0x4C, 0x50, 0x54, 0x58, 0x5C, 0x60, 0x64, 0x68, 0x6C, 0x70, 0x74,
    0x78, 0x7C, 0x80, 0x84, 0x88, 0x8C, 0x90, 0x94, 0x98, 0x9C, 0xA0, 0xA4, 0xA8, 0xAC, 0xB0, 0xB4,
    0xB8, 0xBC, 0xC0, 0xC4, 0xC8, 0xCC, 0xD0, 0xD4, 0xD8, 0xDC, 0xE0, 0xE4, 0xE8, 0xEC, 0xF0, 0xF4,
    0xF8, 0xFC, 0x07, 0x0F, 0x08, 0x18, 0x07, 0x0F, 0x03, 0x1B, 0x0F, 0x0F, 0x29, 0x1B, 0x0F, 0x12,
    0x22, 0x1B, 0x0A, 0xBE, 0x0F, 0xBE, 0x14, 0xBE, 0x19, 0xBE, 0x1E, 0xBE, 0x23, 0xBE, 0x2B, 0xBE,
    0x33, 0xBE, 0x3B, 0xBE, 0x43, 0xBE, 0x4B, 0xBE, 0x50, 0xBE, 0x01, 0x01, 0x01, 0x03, 0x01, 0x01,
    0x01, 0x01, 0x01, 0xA7, 0x01, 0x01, 0x01, 0x02, 0xA8, 0x01, 0x01, 0x01, 0x02, 0xA9, 0x01, 0x01,
    0x01, 0x02, 0xAA, 0x02, 0x02, 0x04, 0x02, 0xAB, 0xAC, 0xAD, 0xAE, 0x02, 0x02, 0x04, 0x02, 0xAF,
    0xB0, 0xB1, 0xB2, 0x02, 0x02, 0x04, 0x02, 0xB3, 0xB4, 0xB5, 0xB6, 0x02, 0x02, 0x04, 0x02, 0xB7,
    0xB8, 0xB9, 0xBA, 0x02, 0x02, 0x04, 0x02, 0xBB, 0xBC, 0xBD, 0xBE, 0x01, 0x01, 0x01, 0x02, 0xBF,
    0x01, 0x01, 0x01, 0x02, 0xC0, 0x4C, 0x5A, 0xBE, 0xA9, 0x00, 0x18, 0x7D, 0x4B, 0x03, 0xC9, 0x0A,
    0x90, 0x05, 0xE9, 0x0A, 0xFE, 0x4A, 0x03, 0x9D, 0x4B, 0x03, 0xCA, 0xD0, 0xEB, 0x60, 0xA2, 0x07,
    0xA9, 0x00, 0x9D, 0x4B, 0x03, 0xCA, 0x10, 0xF8, 0x60, 0xA5, 0x03, 0xC5, 0x03, 0xF0, 0xFC, 0x60,
    0xA2, 0x00, 0xA9, 0xF0, 0x9D, 0x00, 0x07, 0xE8, 0xE8, 0xE8, 0xE8, 0xD0, 0xF5, 0x60, 0xA0, 0x00,
    0xA9, 0xFF, 0x99, 0xB7, 0x03, 0xC8, 0xC8, 0xC8, 0xC8, 0xCC, 0x98, 0x03, 0x90, 0xF4, 0x60, 0xA0,
    0x0F, 0xB1, 0x22, 0x99, 0x10, 0x03, 0x88, 0xD0, 0xF8, 0x60, 0xA9, 0x01, 0x8D, 0x16, 0x40, 0xA9,
    0x00, 0x8D, 0x16, 0x40, 0xA0, 0x08, 0xAD, 0x16, 0x40, 0x4A, 0x2E, 0x20, 0x03, 0xAD, 0x17, 0x40,
    0x4A, 0x2E, 0x22, 0x03, 0x88, 0xD0, 0xEF, 0xA9, 0x01, 0x8D, 0x16, 0x40, 0xA9, 0x00, 0x8D, 0x16,
    0x40, 0xA0, 0x08, 0xAD, 0x16, 0x40, 0x4A, 0x2E, 0x21, 0x03, 0xAD, 0x17, 0x40, 0x4A, 0x2E, 0x23,
    0x03, 0x88, 0xD0, 0xEF, 0xAE, 0x20, 0x03, 0xEC, 0x21, 0x03, 0xD0, 0x31, 0xA9, 0x01, 0x8D, 0x16,
    0x40, 0xA9, 0x00, 0x8D, 0x16, 0x40, 0xA0, 0x08, 0xAD, 0x16, 0x40, 0x4A, 0x2E, 0x20, 0x03, 0xAD,
    0x17, 0x40, 0x4A, 0x2E, 0x22, 0x03, 0x88, 0xD0, 0xEF, 0xAE, 0x20, 0x03, 0xEC, 0x21, 0x03, 0xD0,
    0x0C, 0xAC, 0x22, 0x03, 0xCC, 0x23, 0x03, 0xD0, 0x04, 0x86, 0x49, 0x84, 0x4A, 0x60, 0x38, 0x6E,
    0x9C, 0x03, 0x0A, 0xA8, 0xC9, 0x00, 0xF0, 0x01, 0x18, 0x66, 0x7C, 0xA5, 0x02, 0x29, 0xFB, 0x8D,
    0x00, 0x20, 0xA2, 0x40, 0xA9, 0x21, 0x8D, 0x06, 0x20, 0xA9, 0x00, 0x8D, 0x06, 0x20, 0x86, 0x7D,
    0xB9, 0x65, 0xBF, 0x85, 0x7E, 0xB9, 0x66, 0xBF, 0x85, 0x7F, 0x06, 0x7C, 0xA0, 0x00, 0xB1, 0x7E,
    0x90, 0x02, 0xA9, 0x01, 0x8D, 0x07, 0x20, 0xC8, 0xC4, 0x7D, 0xD0, 0xF2, 0xA5, 0x02, 0x8D, 0x00,
    0x20, 0x4E, 0x9C, 0x03, 0x60, 0xB6, 0xD1, 0xF6, 0xD1, 0x36, 0xD2, 0x76, 0xD2, 0xF6, 0xD2, 0x76,
    0xD3, 0xF6, 0xD3, 0x36, 0xD5, 0xB6, 0xD5, 0x36, 0xD6, 0xB6, 0xD6, 0x8B, 0xBF, 0x93, 0xBF, 0x8B,
    0xBF, 0x9D, 0xBF, 0x9B, 0xBF, 0x9B, 0xBF, 0x9B, 0xBF, 0x8B, 0xBF, 0xFF, 0xFF, 0xFF, 0xFF, 0xFF,
    0xFF, 0xFF, 0xFF, 0x0F, 0x5F, 0x0F, 0x1F, 0x4F, 0x0F, 0x1F, 0x0F, 0x5F, 0x5F, 0x5F, 0x5F, 0x5F,
    0x5F, 0x5F, 0x5F, 0xDF, 0x5F, 0x0F, 0x00, 0x25, 0x09, 0x19, 0x0F, 0x09, 0x19, 0x09, 0x00, 0x0F,
    0x09, 0x19, 0x01, 0x11, 0x0F, 0x19, 0x00, 0x0F, 0x12, 0x0F, 0x00, 0x10, 0x0F, 0x00, 0x0F, 0x00,
    0x10, 0x0F, 0x00, 0x0F, 0x19, 0x29, 0x0F, 0x19, 0x0F, 0x00, 0x20, 0x0F, 0x00, 0x00, 0x00, 0x20,
    0x20, 0x00, 0x00, 0x20, 0x00, 0xFF, 0xFF, 0xFF, 0xFF, 0xFF, 0xFF, 0xFF, 0xFF, 0xFF, 0xFF, 0xFF,
    0xFF, 0xFF, 0xFF, 0xFF, 0xFF, 0xFF, 0xFF, 0xFF, 0xFF, 0xFF, 0xFF, 0xFF, 0xFF, 0xFF, 0xFF, 0xFF,
    0xFF, 0xFF, 0xFF, 0xFF, 0xFF, 0xFF, 0xFF, 0xFF, 0xFF, 0xFF, 0xFF, 0xFF, 0xFF, 0xFF, 0xFF, 0xFF,
    0x4C, 0x68, 0xF5, 0x4C, 0x0B, 0xE0, 0x05, 0x0F, 0x00, 0x10, 0x05, 0x05, 0x00, 0x15, 0x05, 0x1B,
    0x00, 0x29, 0x05, 0x11, 0x14, 0x2C, 0x17, 0x0F, 0x08, 0x18, 0x07, 0x0F, 0x03, 0x1B, 0x0F, 0x0F,
    0x29, 0x1B, 0x0F, 0x12, 0x22, 0x1B, 0x0F, 0x09, 0x00, 0x10, 0x0F, 0x0F, 0x00, 0x15, 0x0F, 0x0F,
    0x19, 0x29, 0x0F, 0x0F, 0x00, 0x15, 0x0F, 0x00, 0x10, 0x2B, 0x0F, 0x09, 0x07, 0x17, 0x15, 0x09,
    0x19, 0x29, 0x2A, 0x09, 0x19, 0x07, 0x0F, 0x06, 0x16, 0x28, 0x0F, 0x10, 0x0F, 0x20, 0x0F, 0x0F,
    0x0F, 0x0F, 0x05, 0x15, 0x19, 0x2B, 0x01, 0x01, 0x63, 0x64, 0x02, 0x02, 0x02, 0x02, 0x07, 0x07,
    0x07, 0x65, 0x66, 0x66, 0x66, 0x66, 0x66, 0x66, 0x66, 0x66, 0x67, 0x07, 0x07, 0x07, 0x02, 0x02,
    0x02, 0x02, 0x68, 0x69, 0x01, 0x01, 0x6A, 0x01, 0x01, 0x6B, 0x6C, 0x02, 0x02, 0x02, 0x07, 0x6D,
    0x6E, 0x6E, 0x6E, 0x6E, 0x6E, 0x6E, 0x6E, 0x6E, 0x6E, 0x6E, 0x6E, 0x6E, 0x6F, 0x07, 0x02, 0x02,
    0x02, 0x70, 0x71, 0x01, 0x01, 0x72, 0x73, 0x74, 0x75, 0x01, 0x76, 0x77, 0x78, 0x78, 0x79, 0x7A,
    0x1A, 0x2D, 0x15, 0x2D, 0x02, 0x02, 0x02, 0x02, 0x02, 0x02, 0x02, 0x02, 0x7B, 0x79, 0x79, 0x79,
    0x7C, 0x7D, 0x01, 0x7E, 0x7F, 0x73, 0x73, 0x73, 0x80, 0x81, 0x82, 0x83, 0x84, 0x84, 0x85, 0x86,
    0x23, 0x12, 0x1F, 0x18, 0x16, 0x02, 0x02, 0x02, 0x02, 0x02, 0x02, 0x02, 0x87, 0x88, 0x02, 0x89,
    0x8A, 0x8B, 0x8C, 0x8D, 0x73, 0x73, 0x8E, 0x8E, 0x8E, 0x8E, 0x8F, 0x90, 0x33, 0x33, 0x91, 0x86,
    0x18, 0x26, 0x1F, 0x02, 0x02, 0x02, 0x02, 0x02, 0x02, 0x02, 0x02, 0x92, 0x87, 0x93, 0x02, 0x89,
    0x94, 0x95, 0x8E, 0x8E, 0x8E, 0x8E, 0x96, 0x96, 0x96, 0x96, 0x96, 0x97, 0x98, 0x99, 0x9A, 0x9B,
    0x9C, 0x9C, 0x9C, 0x9C, 0x9C, 0x9C, 0x9C, 0x9C, 0x9C, 0x9C, 0x9C, 0x9C, 0x9D, 0x9E, 0x9E, 0x9F,
    0xA0, 0x96, 0x96, 0x96, 0x96, 0x96, 0x00, 0x00, 0x00, 0x00, 0x00, 0x00, 0x00, 0x00, 0x00, 0x00,
    0x00, 0x00, 0x00, 0x00, 0x00, 0x00, 0x00, 0x00, 0x00, 0x00, 0x00, 0x00, 0x00, 0x00, 0x00, 0x00,
    0x00, 0x00, 0x00, 0x00, 0x00, 0x00, 0x00, 0x00, 0x00, 0x00, 0x00, 0x00, 0x00, 0x00, 0x00, 0x00,
    0x00, 0x00, 0x00, 0x00, 0x00, 0x00, 0x00, 0x00, 0x00, 0x00, 0x00, 0x00, 0x00, 0x00, 0x00, 0x00,
    0x00, 0x00, 0x00, 0x00, 0x00, 0x00, 0x00, 0x00, 0x00, 0x00, 0x00, 0x00, 0x00, 0x00, 0x00, 0x00,
    0x00, 0x00, 0x00, 0x00, 0x00, 0x00, 0x00, 0x00, 0x00, 0x00, 0x00, 0x00, 0x00, 0x00, 0x00, 0x00,
    0x00, 0x00, 0x00, 0x00, 0x00, 0x00, 0x00, 0x00, 0x00, 0x00, 0x00, 0x00, 0x00, 0x00, 0x00, 0x01,
    0x01, 0x01, 0x01, 0x01, 0x01, 0x01, 0x01, 0x01, 0x01, 0x01, 0x01, 0x01, 0x01, 0x01, 0x01, 0x01,
    0x01, 0x01, 0x01, 0x01, 0x01, 0x01, 0x01, 0x01, 0x01, 0x01, 0x01, 0x01, 0x01, 0x01, 0x01, 0x01,
    0x01, 0x01, 0x01, 0x01, 0x01, 0x01, 0x01, 0x01, 0x01, 0x01, 0x01, 0x01, 0x01, 0x01, 0x01, 0x01,
    0x01, 0x01, 0x01, 0x01, 0x01, 0x01, 0x01, 0x01, 0x01, 0x01, 0x01, 0x01, 0x01, 0x01, 0x01, 0x01,
    0x01, 0x01, 0x01, 0x01, 0x01, 0x01, 0x01, 0x02, 0x02, 0x02, 0x02, 0x02, 0x02, 0x02, 0x02, 0x02,
    0x02, 0x02, 0x02, 0x02, 0x02, 0x02, 0x02, 0x02, 0x02, 0x02, 0x02, 0x02, 0x02, 0x02, 0x02, 0x02,
    0x02, 0x03, 0x03, 0x03, 0x03, 0x03, 0x03, 0x03, 0x03, 0x03, 0x03, 0x03, 0x03, 0x03, 0x04, 0x04,
    0x04, 0x04, 0x04, 0x04, 0x04, 0x04, 0x05, 0x05, 0x05, 0x05, 0x05, 0x06, 0x06, 0x06, 0x06, 0x07,
    0x07, 0x07, 0x08, 0x08, 0x09, 0x09, 0x0A, 0x0A, 0x0B, 0x0C, 0x0D, 0x0E, 0x10, 0x12, 0x14, 0x17,
    0x1B, 0x20, 0x28, 0x36, 0x51, 0xA2, 0x00, 0xFC, 0xF8, 0xF4, 0xF0, 0xEC, 0xE8, 0xE4, 0xE0, 0xDC,
    0xD8, 0xD4, 0xD0, 0xCC, 0xC8, 0xC4, 0xC0, 0xBC, 0xB8, 0xB4, 0xB0, 0xAC, 0xA8, 0xA4, 0x00, 0x00,
    0x00, 0x00, 0x00, 0x00, 0x00, 0x00, 0x00, 0x00, 0x00, 0x00, 0x00, 0x00, 0x00, 0x00, 0x00, 0xA1,
    0xA2, 0xA3, 0xA2, 0xA4, 0x00, 0x00, 0x00, 0x00, 0xA1, 0xA2, 0xA5, 0xA2, 0xA4, 0x00, 0x00, 0x00,
    0x00, 0x00, 0x00, 0x00, 0x00, 0x00, 0xA6, 0xA6, 0xA6, 0xA6, 0xA6, 0xA6, 0xA6, 0xA6, 0xA6, 0xA6,
    0xA6, 0xA6, 0xA6, 0xA6, 0xA6, 0xA6, 0xA6, 0xA6, 0xA6, 0xA6, 0xA6, 0xA6, 0xA6, 0xA6, 0xA6, 0xA6,
    0xA6, 0xA6, 0xA6, 0xA6, 0xA6, 0xA6, 0xA7, 0xA7, 0xA7, 0xA7, 0xA7, 0xA7, 0xA7, 0xA7, 0xA7, 0xA7,
    0xA8, 0xA9, 0xAA, 0xAA, 0xAA, 0xAA, 0xAA, 0xAB, 0xAA, 0xAA, 0xAA, 0xAA, 0xAA, 0xAA, 0xAA, 0xAA,
    0xAA, 0xAA, 0xAA, 0xAC, 0xA7, 0xA7, 0xAD, 0x02, 0xAE, 0xAF, 0xB0, 0xAD, 0xB1, 0xB2, 0xB3, 0xAD,
    0xB4, 0xB5, 0xB6, 0xB6, 0xB6, 0xB6, 0xB6, 0xB7, 0xB8, 0xB9, 0xB9, 0xB9, 0xB9, 0xB9, 0xB9, 0xBA,
    0xBB, 0xBB, 0xBB, 0xBC, 0xAD, 0x02, 0x02, 0xBD, 0xBE, 0xBF, 0xC0, 0xC1, 0xC2, 0xC3, 0xC4, 0xC5,
    0xC6, 0xC7, 0x02, 0x02, 0x02, 0x02, 0x02, 0xC0, 0xC8, 0x02, 0x09, 0x0D, 0x08, 0xC9, 0xCA, 0x89,
    0x02, 0x02, 0x02, 0xCB, 0x02, 0x02, 0x02, 0x02, 0xBE, 0xBF, 0xC0, 0xCC, 0xCD, 0xCE, 0xCF, 0xD0,
    0xD1, 0xD2, 0x02, 0x02, 0x02, 0x02, 0x02, 0xC0, 0xC8, 0x02, 0x28, 0x1A, 0x23, 0x16, 0x02, 0x89,
    0x02, 0x02, 0x02, 0xCB, 0xAD, 0x02, 0x02, 0x02, 0xBE, 0xBF, 0xC0, 0xD3, 0xD4, 0xD5, 0xD6, 0xD7,
    0xD8, 0xC7, 0x02, 0x02, 0x02, 0x02, 0x02, 0xC0, 0xC8, 0x02, 0x24, 0x1E, 0x20, 0x1C, 0x16, 0x89,
    0x02, 0x02, 0x02, 0xCB, 0x02, 0x02, 0x02, 0x02, 0xBE, 0xBF, 0xC0, 0xD9, 0xDA, 0x02, 0xDB, 0xDC,
    0xDD, 0xD2, 0x02, 0x02, 0x02, 0x02, 0x02, 0xC0, 0xC8, 0x02, 0x2D, 0x0D, 0x08, 0xDE, 0xDF, 0x89,
    0x02, 0x02, 0x02, 0xCB, 0xAD, 0x02, 0x02, 0xE0, 0xBE, 0xBF, 0xC0, 0xE1, 0xE2, 0xE3, 0xE4, 0xE5,
    0xE6, 0xC7, 0x02, 0x02, 0x02, 0x02, 0x02, 0xC0, 0xE7, 0xE8, 0xE8, 0xE8, 0xE8, 0xE8, 0xE8, 0xE9,
    0xEA, 0xEA, 0xEA, 0xEB, 0x02, 0x02, 0x02, 0x02, 0xEC, 0xED, 0xEE, 0xAD, 0x02, 0x02, 0x02, 0xAD,
    0x02, 0xEF, 0xF0, 0xF0, 0xF0, 0xF0, 0xF0, 0xF1, 0x02, 0x02, 0x02, 0x02, 0x02, 0x02, 0x02, 0x02,
    0x08, 0x02, 0xAD, 0x02, 0xAD, 0x02, 0x02, 0xAD, 0xAE, 0xAF, 0xAF, 0xAF, 0xF2, 0xAF, 0xAF, 0xAF,
    0xB0, 0xAD, 0xAE, 0xAF, 0xAF, 0xAF, 0xAF, 0xAF, 0xAF, 0xAF, 0xAF, 0xAF, 0xAF, 0xAF, 0xAF, 0xAF,
    0xAF, 0xAF, 0xAF, 0xB0, 0x02, 0x02, 0x02, 0x02, 0xF3, 0x02, 0x02, 0x02, 0x02, 0x02, 0x02, 0x02,
    0xC0, 0x02, 0xF3, 0x02, 0x02, 0x02, 0x02, 0x02, 0x02, 0x02, 0x02, 0x02, 0x02, 0x02, 0x02, 0x02,
    0x02, 0x02, 0x02, 0xF4, 0xAD, 0x02, 0x02, 0xAD, 0xF5, 0xF6, 0xF6, 0xF6, 0xF6, 0xF6, 0xF6, 0xF6,
    0xEE, 0xAD, 0xF7, 0xF6, 0xF6, 0xF6, 0xF6, 0xF6, 0xF6, 0xF6, 0xF6, 0xF6, 0xF6, 0xF6, 0xF6, 0xF6,
    0xF6, 0xF6, 0xF6, 0xF8, 0x02, 0x02, 0x02, 0x02, 0xAD, 0x02, 0x02, 0x02, 0xAD, 0x02, 0x02, 0x02,
    0xAD, 0x02, 0xAD, 0x02, 0x02, 0x02, 0xAD, 0x02, 0x02, 0x02, 0xAD, 0x02, 0x02, 0x02, 0xAD, 0x02,
    0x02, 0x02, 0xAD, 0x02, 0xAD, 0x02, 0x02, 0x02, 0x02, 0x02, 0x02, 0x02, 0x02, 0x02, 0x02, 0x02,
    0x02, 0x02, 0x02, 0x02, 0x02, 0x02, 0x02, 0x02, 0x02, 0x02, 0x02, 0x02, 0x02, 0x02, 0x02, 0x02,
    0x02, 0x02, 0x02, 0x02, 0x02, 0x02, 0x00, 0x00, 0xAA, 0xAA, 0xAA, 0xAA, 0x20, 0x00, 0xF0, 0xF0,
    0xFA, 0xFA, 0xFA, 0xFA, 0xF2, 0xF0, 0x0F, 0x0F, 0x0F, 0x0F, 0x0F, 0x0F, 0x0F, 0x0F, 0x00, 0x00,
    0x00, 0x00, 0x00, 0x00, 0x00, 0x00, 0x00, 0x00, 0x00, 0x00, 0x00, 0x00, 0x80, 0x20, 0x00, 0x00,
    0x00, 0x00, 0x00, 0x00, 0x88, 0x22, 0x80, 0xA0, 0x20, 0xA0, 0xA0, 0xA0, 0xA0, 0x20, 0x00, 0x00,
    0x00, 0x00, 0x00, 0x00, 0x00, 0x00, 0x00, 0x4C, 0x00, 0x00, 0x4C, 0x00, 0x00, 0x4C, 0x00, 0x00,
    0x4C, 0x00, 0x00, 0x4C, 0x00, 0x00, 0x4C, 0x00, 0x00, 0x4C, 0x00, 0x00, 0x4C, 0x00, 0x00, 0x4C,
    0x00, 0x00, 0x4C, 0x00, 0x00, 0x4C, 0x00, 0x4A, 0x4B, 0x00, 0x4A, 0x4B, 0x00, 0x4A, 0x4B, 0x00,
    0x4A, 0x4B, 0x00, 0x4A, 0x4B, 0x00, 0x4A, 0x4B, 0x00, 0x4A, 0x4B, 0x00, 0x4A, 0x4B, 0x00, 0x4A,
    0x4B, 0x00, 0x4A, 0x4B, 0x00, 0x00, 0x00, 0x44, 0x45, 0x46, 0x00, 0x00, 0x44, 0x45, 0x46, 0x00,
    0x00, 0x44, 0x45, 0x46, 0x00, 0x00, 0x44, 0x45, 0x46, 0x00, 0x00, 0x44, 0x45, 0x46, 0x00, 0x00,
    0x44, 0x45, 0x46, 0x00, 0x00, 0x00, 0x00, 0x47, 0x48, 0x49, 0x00, 0x00, 0x47, 0x48, 0x49, 0x00,
    0x00, 0x47, 0x48, 0x49, 0x00, 0x00, 0x47, 0x48, 0x49, 0x00, 0x00, 0x47, 0x48, 0x49, 0x00, 0x00,
    0x47, 0x48, 0x49, 0x00, 0x00, 0x00, 0x00, 0x3C, 0x3D, 0x3E, 0x3F, 0x00, 0x00, 0x00, 0x00, 0x3C,
    0x3D, 0x3E, 0x3F, 0x00, 0x00, 0x00, 0x00, 0x3C, 0x3D, 0x3E, 0x3F, 0x00, 0x00, 0x00, 0x00, 0x3C,
    0x3D, 0x3E, 0x3F, 0x00, 0x00, 0x00, 0x00, 0x40, 0x41, 0x42, 0x43, 0x00, 0x00, 0x00, 0x00, 0x40,
    0x41, 0x42, 0x43, 0x00, 0x00, 0x00, 0x00, 0x40, 0x41, 0x42, 0x43, 0x00, 0x00, 0x00, 0x00, 0x40,
    0x41, 0x42, 0x43, 0x00, 0x00, 0x00, 0x00, 0x00, 0x00, 0x00, 0x00, 0x00, 0x00, 0x00, 0x00, 0x00,
    0x00, 0x00, 0x00, 0x00, 0x00, 0x00, 0x00, 0x00, 0x00, 0x00, 0x00, 0x00, 0x00, 0x00, 0x00, 0x00,
    0x00, 0x00, 0x00, 0x00, 0x00, 0x00, 0x00, 0x31, 0x32, 0x33, 0x34, 0x35, 0x36, 0x00, 0x00, 0x31,
    0x32, 0x33, 0x34, 0x35, 0x36, 0x00, 0x00, 0x31, 0x32, 0x33, 0x34, 0x35, 0x36, 0x00, 0x00, 0x31,
    0x32, 0x33, 0x34, 0x35, 0x36, 0x00, 0x00, 0x37, 0x38, 0x39, 0x3A, 0x3B, 0x00, 0x00, 0x00, 0x37,
    0x38, 0x39, 0x3A, 0x3B, 0x00, 0x00, 0x00, 0x37, 0x38, 0x39, 0x3A, 0x3B, 0x00, 0x00, 0x00, 0x37,
    0x38, 0x39, 0x3A, 0x3B, 0x00, 0x00, 0x00, 0x00, 0x00, 0x00, 0x00, 0x00, 0x00, 0x00, 0x00, 0x00,
    0x00, 0x00, 0x00, 0x00, 0x00, 0x00, 0x00, 0x00, 0x00, 0x00, 0x00, 0x00, 0x00, 0x00, 0x00, 0x00,
    0x00, 0x00, 0x00, 0x00, 0x00, 0x00, 0x00, 0x00, 0x21, 0x22, 0x23, 0x24, 0x25, 0x00, 0x00, 0x00,
    0x00, 0x00, 0x00, 0x21, 0x22, 0x23, 0x24, 0x25, 0x00, 0x00, 0x00, 0x00, 0x00, 0x00, 0x21, 0x22,
    0x23, 0x24, 0x25, 0x00, 0x00, 0x00, 0x00, 0x26, 0x27, 0x28, 0x29, 0x2A, 0x2B, 0x00, 0x00, 0x00,
    0x00, 0x00, 0x26, 0x27, 0x28, 0x29, 0x2A, 0x2B, 0x00, 0x00, 0x00, 0x00, 0x00, 0x26, 0x27, 0x28,
    0x29, 0x2A, 0x2B, 0x00, 0x00, 0x00, 0x00, 0x2C, 0x2D, 0x2E, 0x2F, 0x30, 0x00, 0x00, 0x00, 0x00,
    0x00, 0x00, 0x2C, 0x2D, 0x2E, 0x2F, 0x30, 0x00, 0x00, 0x00, 0x00, 0x00, 0x00, 0x2C, 0x2D, 0x2E,
    0x2F, 0x30, 0x00, 0x00, 0x00, 0x00, 0x00, 0x00, 0x00, 0x00, 0x00, 0x00, 0x00, 0x00, 0x00, 0x00,
    0x00, 0x00, 0x00, 0x00, 0x00, 0x00, 0x00, 0x00, 0x00, 0x00, 0x00, 0x00, 0x00, 0x00, 0x00, 0x00,
    0x00, 0x00, 0x00, 0x00, 0x00, 0x00, 0x00, 0x00, 0x00, 0x00, 0x00, 0x00, 0x00, 0x00, 0x00, 0x00,
    0x00, 0x00, 0x00, 0x00, 0x00, 0x00, 0x00, 0x00, 0x00, 0x00, 0x00, 0x00, 0x00, 0x00, 0x00, 0x00,
    0x00, 0x00, 0x00, 0x00, 0x00, 0x00, 0x00, 0x00, 0x00, 0x00, 0x4D, 0x4E, 0x4F, 0x50, 0x51, 0x00,
    0x00, 0x00, 0x00, 0x00, 0x00, 0x00, 0x00, 0x00, 0x00, 0x00, 0x4D, 0x4E, 0x4F, 0x50, 0x51, 0x00,
    0x00, 0x00, 0x00, 0x00, 0x00, 0x00, 0x00, 0x52, 0x53, 0x54, 0x55, 0x56, 0x57, 0x58, 0x59, 0x5A,
    0x5B, 0x5C, 0x5D, 0x5E, 0x5F, 0x00, 0x00, 0x52, 0x53, 0x54, 0x55, 0x56, 0x57, 0x58, 0x59, 0x5A,
    0x5B, 0x5C, 0x5D, 0x5E, 0x5F, 0x00, 0x00, 0x60, 0x61, 0x62, 0x63, 0x64, 0x65, 0x66, 0x67, 0x68,
    0x69, 0x6A, 0x00, 0x00, 0x00, 0x00, 0x00, 0x60, 0x61, 0x62, 0x63, 0x64, 0x65, 0x66, 0x67, 0x68,
    0x69, 0x6A, 0x00, 0x00, 0x00, 0x00, 0x00, 0x6B, 0x6C, 0x6D, 0x6E, 0x6F, 0x70, 0x71, 0x72, 0x73,
    0x74, 0x75, 0x00, 0x00, 0x00, 0x00, 0x00, 0x6B, 0x6C, 0x6D, 0x6E, 0x6F, 0x70, 0x71, 0x72, 0x73,
    0x74, 0x75, 0x00, 0x00, 0x00, 0x00, 0x00, 0x76, 0x77, 0x78, 0x79, 0x7A, 0x7B, 0x7C, 0x7A, 0x7D,
    0x7E, 0x00, 0x00, 0x00, 0x00, 0x00, 0x00, 0x76, 0x77, 0x78, 0x79, 0x7A, 0x7B, 0x7C, 0x7A, 0x7D,
    0x7E, 0x00, 0x00, 0x00, 0x00, 0x00, 0x00, 0x00, 0x00, 0x00, 0x00, 0x00, 0x00, 0x00, 0xC1, 0xC2,
    0xC3, 0xC3, 0xC3, 0xC3, 0xC3, 0xC3, 0xC3, 0xC3, 0xC3, 0xC3, 0xC3, 0xC3, 0xC3, 0xC3, 0xC3, 0xC3,
    0xC3, 0xC3, 0xC4, 0xC5, 0x00, 0x00, 0x00, 0x00, 0xC6, 0xC7, 0xC8, 0xC8, 0xC8, 0xC9, 0xCA, 0xCB,
    0xCB, 0xCB, 0xCB, 0xCB, 0xCB, 0xCB, 0xCB, 0xCB, 0xCB, 0xCB, 0xCB, 0xCB, 0xCB, 0xCB, 0xCB, 0xCB,
    0xCB, 0xCB, 0xCB, 0xCC, 0x00, 0x00, 0x00, 0x00, 0xCD, 0xC3, 0xC3, 0xC3, 0xC3, 0xC3, 0xCE, 0xCF,
    0xD0, 0xCB, 0xCB, 0xCB, 0xD0, 0xCB, 0xCB, 0xCB, 0xCB, 0xCB, 0xCB, 0xCB, 0xCB, 0xD0, 0xCB, 0xCB,
    0xCB, 0xD0, 0xCC, 0xD1, 0x00, 0x00, 0x00, 0x00, 0x00, 0x00, 0x00, 0x00, 0x00, 0x00, 0x00, 0x00,
    0x00, 0x00, 0x00, 0x00, 0x00, 0x00, 0x00, 0x00, 0x00, 0x00, 0x00, 0x00, 0x0B, 0x0C, 0x0C, 0x0C,
    0x0C, 0x0D, 0x00, 0x00, 0x00, 0x00, 0x00, 0x00, 0x00, 0x7F, 0x80, 0x81, 0x82, 0x00, 0x00, 0x00,
    0x00, 0x00, 0x00, 0x00, 0x00, 0x00, 0x00, 0x00, 0x00, 0x00, 0x00, 0x0E, 0x0F, 0x10, 0x10, 0x10,
    0x10, 0x11, 0x12, 0x00, 0x00, 0x00, 0x00, 0x83, 0x84, 0x85, 0x86, 0x87, 0x88, 0x89, 0x00, 0x8A,
    0x8B, 0x8C, 0x8D, 0x00, 0x00, 0x00, 0x00, 0x00, 0x00, 0x00, 0x0E, 0x02, 0x02, 0x13, 0x10, 0x10,
    0x10, 0x10, 0x11, 0x12, 0x00, 0x00, 0x00, 0x8E, 0x8F, 0x90, 0x91, 0x92, 0x93, 0x94, 0x95, 0x96,
    0x97, 0x98, 0x99, 0x9A, 0x9B, 0x00, 0x00, 0x00, 0x14, 0x15, 0x16, 0x17, 0x18, 0x19, 0x1A, 0x1B,
    0x1C, 0x1D, 0x1E, 0x1F, 0x00, 0x00, 0x00, 0x00, 0x00, 0x00, 0x00, 0x00, 0x9C, 0x9D, 0x9E, 0x9F,
    0xA0, 0xA1, 0xA2, 0xA3, 0xA4, 0xA5, 0x00, 0x20, 0x21, 0x22, 0x23, 0x24, 0x25, 0x26, 0x27, 0x28,
    0x29, 0x2A, 0x2B, 0x2C, 0x00, 0x00, 0x00, 0x00, 0x00, 0x00, 0x00, 0x00, 0xA6, 0xA7, 0xA8, 0xA9,
    0xAA, 0xAB, 0xAC, 0xAA, 0xAB, 0xAD, 0x00, 0x2D, 0x2E, 0x2F, 0x30, 0x31, 0x32, 0x33, 0x34, 0x35,
    0x36, 0x37, 0x38, 0x39, 0x00, 0x00, 0x00, 0x00, 0x00, 0x00, 0x00, 0x00, 0x00, 0x00, 0xAE, 0xAF,
    0xB0, 0xB1, 0xB2, 0xB0, 0xB1, 0xB3, 0x00, 0x3A, 0x3B, 0x3C, 0x3D, 0x3E, 0x3F, 0x40, 0x41, 0x42,
    0x43, 0x44, 0x45, 0x46, 0x00, 0x00, 0x00, 0x00, 0x00, 0x4D, 0x4E, 0x4F, 0x50, 0x51, 0x00, 0x00,
    0x00, 0x00, 0x00, 0x00, 0x00, 0x00, 0x00, 0x00, 0x00, 0x00, 0x00, 0x00, 0x00, 0x00, 0x00, 0x00,
    0x00, 0x00, 0x00, 0x00, 0x00, 0x00, 0x52, 0x53, 0x54, 0x55, 0x56, 0x57, 0x58, 0x59, 0x5A, 0x5B,
    0x5C, 0x5D, 0x5E, 0x5F, 0x00, 0x00, 0x00, 0x00, 0x00, 0x00, 0x00, 0x00, 0x00, 0x00, 0x00, 0x00,
    0x00, 0x00, 0x00, 0x00, 0x00, 0x00, 0x60, 0x61, 0x62, 0x63, 0x64, 0x65, 0x66, 0x67, 0x68, 0x69,
    0x6A, 0x00, 0x00, 0x00, 0x00, 0x00, 0x00, 0x00, 0x00, 0x00, 0x00, 0x00, 0x00, 0x00, 0x00, 0x00,
    0x00, 0x00, 0x00, 0x00, 0x00, 0x00, 0x6B, 0x6C, 0x6D, 0x6E, 0x6F, 0x70, 0x71, 0x72, 0x73, 0x74,
    0x75, 0x00, 0x00, 0x00, 0x00, 0x00, 0x00, 0x00, 0x00, 0x00, 0x00, 0x00, 0x00, 0x00, 0x00, 0x00,
    0x00, 0x00, 0x00, 0x00, 0x00, 0x00, 0x76, 0x77, 0x78, 0x79, 0x7A, 0x7B, 0x7C, 0x7A, 0x7D, 0x7E,
    0x00, 0x00, 0x00, 0x00, 0x00, 0x00, 0x00, 0x00, 0x00, 0x00, 0x00, 0x00, 0x00, 0x00, 0x00, 0x00,
    0x00, 0x00, 0x00, 0x00, 0x00, 0x00, 0x00, 0x00, 0x00, 0x00, 0x00, 0x00, 0x00, 0x00, 0x00, 0x00,
    0x80, 0xA0, 0xA0, 0xA0, 0xA0, 0x00, 0x00, 0x00, 0x88, 0xAA, 0xAA, 0xAA, 0xAA, 0x00, 0x00, 0x40,
    0x88, 0xAA, 0xAA, 0xAA, 0xAA, 0x00, 0x00, 0x00, 0x88, 0xAA, 0xAA, 0xAA, 0xAA, 0x00, 0x00, 0xC0,
    0x08, 0x0A, 0x0A, 0x0A, 0x0A, 0x00, 0x00, 0x00, 0x00, 0x00, 0x00, 0x00, 0x00, 0x00, 0x00, 0x00,
    0x00, 0x00, 0x00, 0x00, 0x00, 0x00, 0xAA, 0xAA, 0xAA, 0xAA, 0xAA, 0xAA, 0xAA, 0xAA, 0xAA, 0xAA,
    0xAA, 0xAA, 0xAA, 0xAA, 0xAA, 0xAA, 0x0F, 0x0F, 0x0F, 0x0F, 0x0F, 0x0F, 0x0F, 0x0F, 0x54, 0x55,
    0x50, 0x50, 0x00, 0x55, 0x55, 0x11, 0x00, 0x04, 0x55, 0x55, 0x00, 0x55, 0x55, 0x11, 0x00, 0x00,
    0x00, 0x00, 0x00, 0x00, 0x00, 0x00, 0x00, 0x00, 0x00, 0x00, 0x00, 0x00, 0x00, 0x00, 0x00, 0x00,
    0x00, 0x00, 0x00, 0x00, 0x00, 0x00, 0x4B, 0x1E, 0x61, 0x2C, 0x4B, 0x1E, 0x61, 0x64, 0x4B, 0x1E,
    0x61, 0x94, 0x4B, 0x1E, 0x61, 0xC4, 0x3C, 0x05, 0xD0, 0xA0, 0x34, 0x0A, 0xA1, 0x78, 0x36, 0x05,
    0xD0, 0xA0, 0x34, 0x0A, 0xA1, 0xE8, 0x00, 0x00, 0xCD, 0xC3, 0xC3, 0xC3, 0xDE, 0xC3, 0xCE, 0xCE,
    0xE8, 0xE9, 0xE9, 0xE9, 0xE8, 0xE9, 0xE9, 0xE9, 0xE9, 0xE9, 0xE9, 0xE9, 0xE9, 0xE8, 0xE9, 0xE9,
    0xE9, 0xE8, 0xD1, 0xD1, 0x00, 0x00, 0x00, 0x00, 0xCD, 0xC3, 0xC3, 0xC3, 0xC3, 0xC3, 0xCE, 0xEA,
    0xEB, 0xEC, 0xEC, 0xEC, 0xEB, 0xEC, 0xEC, 0xEC, 0xEC, 0xEC, 0xEC, 0xEC, 0xEC, 0xEB, 0xEC, 0xEC,
    0xEC, 0xEB, 0xED, 0xD1, 0x00, 0x00, 0x00, 0x00, 0x00, 0x00, 0x00, 0x00, 0x00, 0x00, 0xEE, 0xEF,
    0xEF, 0xEF, 0xEF, 0xEF, 0xEF, 0xEF, 0xEF, 0xEF, 0xEF, 0xEF, 0xEF, 0xEF, 0xEF, 0xEF, 0xEF, 0xEF,
    0xEF, 0xEF, 0xEF, 0xF0, 0x00, 0x00, 0x48, 0x49, 0x48, 0x4A, 0x49, 0x48, 0x4A, 0x49, 0x48, 0x4A,
    0x49, 0x48, 0x4A, 0x49, 0x48, 0x4A, 0x49, 0x48, 0x4A, 0x49, 0x48, 0x4A, 0x49, 0x48, 0x4A, 0x49,
    0x48, 0x4A, 0x49, 0x48, 0x4A, 0x49, 0x48, 0x49, 0x48, 0x4A, 0x49, 0x48, 0x4A, 0x49, 0x48, 0x4A,
    0x49, 0x48, 0x4A, 0x49, 0x48, 0x4A, 0x49, 0x48, 0x4A, 0x49, 0x48, 0x4A, 0x49, 0x48, 0x4A, 0x49,
    0x48, 0x4A, 0x49, 0x48, 0x4A, 0x49, 0x49, 0x48, 0x4B, 0x49, 0x48, 0x4B, 0x49, 0x48, 0x4B, 0x49,
    0x48, 0x4B, 0x49, 0x48, 0x4B, 0x49, 0x48, 0x4B, 0x49, 0x48, 0x4B, 0x49, 0x48, 0x4B, 0x49, 0x48,
    0x4B, 0x49, 0x48, 0x4B, 0x49, 0x48, 0x00, 0x00, 0x00, 0x00, 0x00, 0x00, 0x00, 0x00, 0x00, 0x00,
    0x00, 0x00, 0x00, 0x00, 0x00, 0x00, 0x00, 0x00, 0x00, 0x00, 0x00, 0x00, 0x00, 0x00, 0x00, 0x00,
    0x00, 0x00, 0x00, 0x00, 0x00, 0x00, 0x00, 0x00, 0x00, 0x00, 0x00, 0x00, 0x00, 0x00, 0x00, 0x4C,
    0x4D, 0x4D, 0x4D, 0x4D, 0x4D, 0x4D, 0x4D, 0x4D, 0x4D, 0x4D, 0x4D, 0x4D, 0x4D, 0x4D, 0x4D, 0x4D,
    0x4D, 0x4D, 0x4E, 0x00, 0x00, 0x00, 0x00, 0x00, 0x00, 0x00, 0x00, 0x00, 0x00, 0x00, 0x00, 0x00,
    0x4F, 0x4F, 0x4F, 0x4F, 0x4F, 0x4F, 0x4F, 0x4F, 0x50, 0x51, 0x4F, 0x4F, 0x4F, 0x4F, 0x4F, 0x4F,
    0x4F, 0x4F, 0x00, 0x00, 0x00, 0x00, 0x80, 0x81, 0x82, 0x83, 0x83, 0x84, 0x85, 0x86, 0x87, 0x87,
    0x88, 0x89, 0x8A, 0x8B, 0x8C, 0x8C, 0x8D, 0x8E, 0x8F, 0x90, 0x91, 0x92, 0x93, 0x94, 0x95, 0x95,
    0x96, 0x97, 0x98, 0x99, 0x9A, 0x9B, 0x9C, 0x9D, 0x9E, 0x9F, 0xA0, 0xA1, 0xA2, 0xA3, 0xA4, 0xA5,
    0xA6, 0xA7, 0xA8, 0xA9, 0xAB, 0xAC, 0xAD, 0xAE, 0xAF, 0xB0, 0xB1, 0xB2, 0xB4, 0xB5, 0xB6, 0xB7,
    0xB8, 0xB9, 0xBB, 0xBC, 0xBD, 0xBE, 0xC0, 0xC1, 0xC2, 0xC4, 0xC5, 0xC6, 0xC8, 0xC9, 0xCA, 0xCC,
    0xCD, 0xCE, 0xD0, 0xD1, 0xD3, 0xD4, 0xD6, 0xD7, 0xD9, 0xDA, 0xDC, 0xDD, 0xDF, 0xE0, 0xE2, 0xE4,
    0xE5, 0xE7, 0xE9, 0xEA, 0xEC, 0xEE, 0xF0, 0xF1, 0xF3, 0xF5, 0xF7, 0xF9, 0xFB, 0xFD, 0xFE, 0x00,
    0x02, 0x04, 0x06, 0x08, 0x0B, 0x0D, 0x0F, 0x11, 0x13, 0x15, 0x18, 0x1A, 0x1C, 0x1F, 0x21, 0x23,
    0x26, 0x28, 0x2B, 0x2D, 0x30, 0x32, 0x35, 0x38, 0x3B, 0x3D, 0x40, 0x43, 0x46, 0x49, 0x4C, 0x4F,
    0x52, 0x55, 0x58, 0x5C, 0x5F, 0x62, 0x66, 0x69, 0x6D, 0x71, 0x74, 0x78, 0x7C, 0x80, 0x84, 0x88,
    0x8C, 0x90, 0x94, 0x99, 0x9D, 0xA1, 0xA6, 0xAB, 0xB0, 0xB5, 0xBA, 0xBF, 0xC4, 0xC9, 0xCF, 0xD4,
    0xDA, 0xE0, 0xE6, 0xEC, 0xF2, 0xF9, 0xFF, 0x06, 0x0D, 0x14, 0x1B, 0x23, 0x2A, 0x32, 0x3A, 0x42,
    0x4B, 0x54, 0x5D, 0x66, 0x70, 0x79, 0x84, 0x8E, 0x99, 0xA4, 0xB0, 0xBC, 0xC8, 0xD5, 0xE2, 0xEF,
    0xFE, 0x0C, 0x1C, 0x2C, 0x3C, 0x4D, 0x5F, 0x72, 0x85, 0x99, 0xAF, 0xC5, 0xDC, 0xF4, 0x0E, 0x29,
    0x45, 0x63, 0x82, 0xA4, 0xC7, 0xEC, 0x14, 0x3E, 0x6B, 0x9B, 0xCF, 0x06, 0x41, 0x82, 0xC7, 0x13,
    0x66, 0xC0, 0x24, 0x92, 0x0C, 0x94, 0x2E, 0xDC, 0xA2, 0x88, 0x93, 0xD0, 0x4B, 0x1B, 0x5E, 0x47,
    0x29, 0x98, 0xBE, 0x53, 0x7C, 0xF9, 0xAA, 0xAA, 0xAA, 0xAA, 0xAA, 0xAA, 0xAA, 0xAA, 0xAA, 0xAA,
    0xAA, 0xAA, 0xAA, 0xAA, 0xAA, 0xAA, 0x0F, 0x0F, 0x0F, 0x0F, 0x0F, 0x0F, 0x0F, 0x0F, 0x00, 0x00,
    0x00, 0x00, 0x00, 0x00, 0x00, 0x00, 0x00, 0x00, 0x00, 0x00, 0x00, 0x00, 0x00, 0x00, 0x00, 0x00,
    0x00, 0x00, 0x00, 0x00, 0x00, 0x00, 0x00, 0x00, 0x00, 0x00, 0x00, 0x00, 0x00, 0x00, 0x00, 0x00,
    0x00, 0x00, 0x00, 0x00, 0x00, 0x00, 0x00, 0x00, 0x00, 0x00, 0x00, 0x00, 0x00, 0x00, 0x00, 0x00,
    0x00, 0x00, 0x00, 0x00, 0x00, 0x00, 0x00, 0x00, 0x52, 0x00, 0x00, 0x00, 0x00, 0x00, 0x00, 0x00,
    0x00, 0x00, 0x00, 0x00, 0x00, 0x00, 0x00, 0x53, 0x54, 0x55, 0x56, 0x57, 0x58, 0x59, 0x5A, 0x00,
    0x00, 0x00, 0x00, 0x00, 0x00, 0x00, 0x00, 0x00, 0x52, 0x00, 0x00, 0x00, 0x00, 0x00, 0x00, 0x00,
    0x00, 0x00, 0x00, 0x00, 0x00, 0x00, 0x00, 0x5B, 0x5C, 0x5D, 0x5E, 0x5F, 0x60, 0x61, 0x62, 0x00,
    0x00, 0x00, 0x00, 0x00, 0x00, 0x00, 0x00, 0x00, 0x52, 0x00, 0x00, 0x00, 0x00, 0x00, 0x00, 0x00,
    0x00, 0x00, 0x00, 0x00, 0x00, 0x00, 0x00, 0x63, 0x64, 0x65, 0x66, 0x67, 0x68, 0x69, 0x6A, 0x00,
    0x00, 0x00, 0x00, 0x00, 0x00, 0x00, 0x00, 0x00, 0x52, 0x00, 0x00, 0x00, 0x00, 0x00, 0x00, 0x00,
    0x00, 0x00, 0x00, 0x00, 0x00, 0x00, 0x00, 0x6B, 0x6C, 0x6D, 0x00, 0x6E, 0x6F, 0x70, 0x71, 0x00,
    0x00, 0x00, 0x00, 0x00, 0x00, 0x00, 0x00, 0x00, 0x52, 0x00, 0x00, 0x00, 0x00, 0x00, 0x00, 0x00,
    0x00, 0x00, 0x00, 0x00, 0x00, 0x00, 0x72, 0x73, 0x74, 0x75, 0x76, 0x77, 0x78, 0x79, 0x7A, 0x7B,
    0x7B, 0x72, 0x00, 0x7B, 0x72, 0x00, 0x7B, 0x7B, 0x52, 0x00, 0x7B, 0x72, 0x00, 0x7B, 0x72, 0x00,
    0x00, 0x7B, 0x7B, 0x72, 0x00, 0x00, 0x7C, 0x7D, 0x7E, 0x7F, 0x80, 0x81, 0x82, 0x83, 0x7C, 0x02,
    0x83, 0x83, 0x02, 0x84, 0x7C, 0x83, 0x02, 0x83, 0x85, 0x02, 0x7C, 0x7D, 0x86, 0x87, 0x88, 0x89,
    0x8A, 0x8B, 0x7C, 0x02, 0x83, 0x83, 0x7C, 0x8C, 0x8D, 0x8E, 0x8F, 0x90, 0x91, 0x83, 0x83, 0x7C,
    0x83, 0x7C, 0x83, 0x7C, 0x02, 0x83, 0x83, 0x7C, 0x83, 0x7C, 0x7C, 0x8C, 0x8D, 0x92, 0x93, 0x94,
    0x95, 0x96, 0x97, 0x7C, 0x83, 0x7C, 0x98, 0x99, 0x9A, 0x9B, 0x9C, 0x9D, 0x9E, 0x9F, 0xA0, 0xA1,
    0xA2, 0x83, 0x7C, 0x02, 0x83, 0x7C, 0x02, 0x83, 0x7C, 0xA0, 0x98, 0x99, 0x9A, 0x9B, 0xA3, 0x00,
    0x00, 0x00, 0xA0, 0xA1, 0xA2, 0x83, 0xA4, 0xA5, 0xA6, 0xA7, 0xA8, 0xA9, 0xAA, 0xAB, 0xAC, 0xAD,
    0xAE, 0x00, 0x00, 0x00, 0x00, 0x00, 0x00, 0x00, 0xAB, 0xAC, 0xA4, 0xA5, 0xA6, 0xA7, 0xA8, 0xA1,
    0xA2, 0xAB, 0xAC, 0xAD, 0xAE, 0x00, 0xAF, 0xB0, 0xB1, 0xB2, 0xAC, 0xAD, 0xAE, 0xB3, 0xB4, 0xAF,
    0xB0, 0xB5, 0x00, 0xB6, 0xA1, 0xA2, 0x00, 0x00, 0xB3, 0xB4, 0xAF, 0xB0, 0xB1, 0xB2, 0xAC, 0xAD,
    0xAE, 0xB3, 0xB4, 0xAF, 0xB0, 0xB5, 0xB7, 0xB8, 0xB9, 0xBA, 0xB4, 0xAF, 0xB0, 0xBB, 0xBC, 0xB7,
    0xB8, 0xBD, 0xAB, 0xAC, 0xAD, 0xAE, 0x00, 0x00, 0xBE, 0xBC, 0xB7, 0xB8, 0xB9, 0xBA, 0xB4, 0xAF,
    0xB0, 0xBB, 0xBC, 0xB7, 0xB8, 0xBD, 0xBF, 0xC0, 0xC1, 0xC2, 0xBC, 0xB7, 0xB8, 0xC3, 0xC4, 0xBF,
    0xC5, 0xC6, 0xB3, 0xB4, 0xAF, 0xB0, 0xB5, 0x00, 0xC7, 0xC8, 0xBF, 0xC0, 0xC1, 0xC2, 0xBC, 0xB7,
    0xB8, 0xC3, 0xC4, 0xBF, 0xC5, 0xC6, 0xC9, 0xCA, 0xCB, 0xCC, 0xC4, 0xBF, 0xC5, 0xCD, 0xCE, 0xC9,
    0xCA, 0xCB, 0xCF, 0xBC, 0xB7, 0xB8, 0xBD, 0xD0, 0xD1, 0xD2, 0xC9, 0xCA, 0xCB, 0xCC, 0xC4, 0xBF,
    0xC5, 0xCD, 0xCE, 0xC9, 0xCA, 0xCB, 0x00, 0x00, 0x00, 0x00, 0x00, 0x00, 0x00, 0x00, 0x00, 0x00,
    0x00, 0x00, 0x00, 0x00, 0x00, 0x00, 0x00, 0x00, 0x00, 0x00, 0x00, 0x00, 0x00, 0x00, 0x00, 0x00,
    0x00, 0x00, 0x00, 0x00, 0x00, 0x00, 0x9A, 0xAA, 0x11, 0x00, 0x00, 0x00, 0x00, 0x00, 0xF9, 0xFA,
    0xF5, 0xF5, 0xF1, 0xF5, 0xF5, 0xF1, 0xAA, 0xAF, 0xAE, 0xAF, 0x8F, 0xAA, 0xAA, 0xAE, 0x0A, 0x0A,
    0x0A, 0x0A, 0x0A, 0x0A, 0x0A, 0x0A, 0x00, 0x03, 0x04, 0x05, 0x06, 0x07, 0x08, 0x09, 0x0A, 0x0B,
    0x0C, 0x0C, 0x0C, 0x0C, 0x0C, 0x0C, 0x0C, 0x0C, 0x0C, 0x0C, 0x0C, 0x0C, 0x0C, 0x0C, 0x0C, 0x0C,
    0x0C, 0x0C, 0x0C, 0x0C, 0x0C, 0x0C, 0x00, 0x0D, 0x0E, 0x0F, 0x10, 0x11, 0x12, 0x13, 0x11, 0x14,
    0x0C, 0x0C, 0x0C, 0x0C, 0x0C, 0x0C, 0x0C, 0x0C, 0x0C, 0x0C, 0x0C, 0x0C, 0x0C, 0x0C, 0x0C, 0x0C,
    0x0C, 0x0C, 0x0C, 0x0C, 0x0C, 0x0C, 0x00, 0x05, 0x06, 0x0A, 0x0B, 0x0C, 0x0C, 0x15, 0x16, 0x17,
    0x18, 0x19, 0x0C, 0x1A, 0x1B, 0x1C, 0x0A, 0x1D, 0x0C, 0x0C, 0x0C, 0x0C, 0x0C, 0x0C, 0x0C, 0x0C,
    0x0C, 0x0C, 0x0C, 0x0C, 0x0C, 0x0C, 0x00, 0x0F, 0x10, 0x11, 0x14, 0x0C, 0x0C, 0x0C, 0x0C, 0x0C,
    0x0C, 0x0C, 0x1E, 0x1F, 0x20, 0x21, 0x22, 0x23, 0x0A, 0x1D, 0x1A, 0x1B, 0x1C, 0x1C, 0x0A, 0x24,
    0x25, 0x26, 0x27, 0x0B, 0x0C, 0x0C, 0x00, 0x0C, 0x15, 0x16, 0x17, 0x18, 0x0C, 0x0C, 0x0C, 0x0C,
    0x0C, 0x0C, 0x28, 0x03, 0x04, 0x05, 0x06, 0x07, 0x08, 0x1E, 0x1F, 0x20, 0x21, 0x29, 0x2A, 0x2B,
    0x2C, 0x2D, 0x2E, 0x14, 0x0C, 0x0C, 0x00, 0x0C, 0x0C, 0x0C, 0x0C, 0x0C, 0x19, 0x0C, 0x0C, 0x0C,
    0x0C, 0x0C, 0x2F, 0x0D, 0x0E, 0x0F, 0x10, 0x11, 0x12, 0x28, 0x03, 0x04, 0x05, 0x06, 0x07, 0x08,
    0x30, 0x31, 0x32, 0x33, 0x06, 0x0A, 0x00, 0x0C, 0x0C, 0x0C, 0x0C, 0x0C, 0x0C, 0x0C, 0x0C, 0x0C,
    0x0C, 0x0C, 0x0C, 0x0C, 0x0C, 0x0C, 0x0C, 0x0C, 0x0C, 0x2F, 0x0D, 0x0E, 0x0F, 0x10, 0x11, 0x12,
    0x0C, 0x30, 0x31, 0x34, 0x29, 0x35, 0x00, 0x0C, 0x0C, 0x0C, 0x0C, 0x0C, 0x0C, 0x0C, 0x0C, 0x0C,
    0x0C, 0x0C, 0x0C, 0x0C, 0x0C, 0x0C, 0x0C, 0x0C, 0x0C, 0x0C, 0x0C, 0x0C, 0x0C, 0x0C, 0x0C, 0x0C,
    0x0C, 0x36, 0x37, 0x38, 0x39, 0x3A, 0x00, 0x0C, 0x3B, 0x0C, 0x0C, 0x0C, 0x0C, 0x0C, 0x0C, 0x0C,
    0x0C, 0x0C, 0x0C, 0x0C, 0x0C, 0x0C, 0x0C, 0x0C, 0x0C, 0x0C, 0x0C, 0x0C, 0x0C, 0x0C, 0x0C, 0x0C,
    0x0C, 0x0C, 0x0C, 0x3C, 0x3D, 0x3E, 0x00, 0x3F, 0x40, 0x0C, 0x0C, 0x0C, 0x0C, 0x0C, 0x0C, 0x0C,
    0x0C, 0x0C, 0x0C, 0x0C, 0x0C, 0x0C, 0x0C, 0x0C, 0x0C, 0x0C, 0x0C, 0x0C, 0x0C, 0x0C, 0x41, 0x42,
    0x0C, 0x0C, 0x0C, 0x0C, 0x0C, 0x0C, 0x00, 0x43, 0x44, 0x45, 0x0C, 0x0C, 0x0C, 0x0C, 0x0C, 0x0C,
    0x0C, 0x0C, 0x0C, 0x0C, 0x0C, 0x0C, 0x0C, 0x0C, 0x0C, 0x0C, 0x0C, 0x0C, 0x0C, 0x0C, 0x46, 0x47,
    0x0C, 0x0C, 0x0C, 0x0C, 0x0C, 0x0C, 0x00, 0x48, 0x49, 0x0C, 0x0C, 0x0C, 0x0C, 0x0C, 0x0C, 0x0C,
    0x0C, 0x0C, 0x0C, 0x0C, 0x0C, 0x0C, 0x0C, 0x0C, 0x0C, 0x0C, 0x0C, 0x0C, 0x0C, 0x0C, 0x4A, 0x4B,
    0x4C, 0x0C, 0x0C, 0x0C, 0x0C, 0x0C, 0x00, 0x4D, 0x4E, 0x4F, 0x0C, 0x0C, 0x0C, 0x0C, 0x0C, 0x0C,
    0x0C, 0x0C, 0x0C, 0x0C, 0x0C, 0x0C, 0x0C, 0x0C, 0x0C, 0x0C, 0x0C, 0x0C, 0x0C, 0x0C, 0x50, 0x00,
    0x51, 0x52, 0x0C, 0x0C, 0x0C, 0x0C, 0x00, 0x53, 0x54, 0x55, 0x56, 0x57, 0x58, 0x0C, 0x0C, 0x0C,
    0x0C, 0x0C, 0x0C, 0x0C, 0x0C, 0x0C, 0x0C, 0x0C, 0x0C, 0x0C, 0x0C, 0x0C, 0x0C, 0x0C, 0x59, 0x00,
    0x5A, 0x5B, 0x0C, 0x0C, 0x0C, 0x0C, 0x00, 0x00, 0x5C, 0x5D, 0x5E, 0x5F, 0x60, 0x0C, 0x0C, 0x0C,
    0x0C, 0x0C, 0x0C, 0x0C, 0x0C, 0x0C, 0x0C, 0x0C, 0x0C, 0x0C, 0x0C, 0x0C, 0x0C, 0x0C, 0x61, 0x00,
    0x62, 0x63, 0x0C, 0x0C, 0x0C, 0x0C, 0x00, 0x00, 0x00, 0x00, 0x00, 0x64, 0x65, 0x66, 0x67, 0x68,
    0x69, 0x6A, 0x6B, 0x6B, 0x6C, 0x6D, 0x0C, 0x0C, 0x0C, 0x0C, 0x0C, 0x0C, 0x0C, 0x6E, 0x6F, 0x00,
    0x70, 0x71, 0x0C, 0x0C, 0x0C, 0x0C, 0x00, 0x00, 0x00, 0x00, 0x00, 0x72, 0x73, 0x74, 0x75, 0x76,
    0x77, 0x78, 0x0C, 0x0C, 0x0C, 0x0C, 0x0C, 0x0C, 0x0C, 0x0C, 0x0C, 0x0C, 0x0C, 0x79, 0x7A, 0x00,
    0x7B, 0x7C, 0x0C, 0x0C, 0x0C, 0x0C, 0x00, 0x7D, 0x7E, 0x7F, 0x80, 0x81, 0x82, 0x83, 0x84, 0x85,
    0x86, 0x87, 0x88, 0x89, 0x8A, 0x8B, 0x8C, 0x8D, 0x8E, 0x8F, 0x90, 0x91, 0x87, 0x92, 0x93, 0x94,
    0x95, 0x8C, 0x8D, 0x8E, 0x8F, 0x90, 0x00, 0x96, 0x97, 0x98, 0x99, 0x9A, 0x9B, 0x9C, 0x9D, 0x00,
    0x9E, 0x9F, 0xA0, 0xA1, 0x01, 0x01, 0x01, 0x01, 0x01, 0x01, 0x01, 0x01, 0x01, 0x01, 0xA2, 0xA3,
    0xA4, 0x01, 0x01, 0x01, 0x01, 0x01, 0x00, 0x00, 0x00, 0x00, 0x00, 0xA5, 0xA6, 0xA7, 0x01, 0xA8,
    0xA9, 0x00, 0x00, 0x00, 0xAA, 0xAB, 0xAC, 0xAD, 0xAE, 0xAF, 0xB0, 0xB1, 0xB2, 0xB3, 0xB4, 0xB5,
    0xB6, 0xB7, 0xAC, 0xAD, 0xAE, 0xAF, 0x00, 0x00, 0x00, 0x00, 0x00, 0x00, 0x00, 0xB8, 0x00, 0x00,
    0x00, 0x00, 0x00, 0x00, 0xB9, 0x0C, 0x0C, 0x0C, 0x0C, 0x0C, 0xBA, 0xBB, 0xBC, 0xBD, 0xBE, 0x51,
    0xBF, 0xC0, 0xC1, 0xC2, 0xC3, 0xC4, 0x00, 0x00, 0x00, 0x00, 0x00, 0x00, 0x00, 0x00, 0x00, 0x00,
    0x00, 0x00, 0x00, 0x00, 0xC5, 0x0C, 0xC6, 0xC7, 0xC8, 0xC9, 0xCA, 0xCB, 0xCC, 0x00, 0x00, 0x00,
    0x00, 0x00, 0x00, 0x00, 0x00, 0x00, 0x00, 0x00, 0x00, 0x00, 0x00, 0x00, 0x00, 0x00, 0x00, 0x00,
    0xCD, 0xCE, 0x00, 0xCF, 0xD0, 0xD1, 0xD2, 0xD3, 0x00, 0x00, 0x00, 0x00, 0x00, 0x00, 0x00, 0x00,
    0x00, 0x00, 0x00, 0x00, 0x00, 0x00, 0x00, 0x00, 0x00, 0x00, 0x00, 0x00, 0x00, 0x00, 0x00, 0x00,
    0xD4, 0xD5, 0xD6, 0xD7, 0xD8, 0xD9, 0x00, 0x00, 0x00, 0x00, 0x00, 0x00, 0x00, 0x00, 0x00, 0x00,
    0x00, 0x00, 0x00, 0x00, 0x00, 0x00, 0x00, 0x00, 0x00, 0x00, 0x00, 0x00, 0x00, 0x00, 0x00, 0x00,
    0x00, 0xDA, 0xDB, 0xDC, 0xDD, 0x00, 0x00, 0x00, 0x00, 0x00, 0x00, 0x00, 0x00, 0x00, 0x00, 0x00,
    0x00, 0x00, 0x00, 0x00, 0x00, 0x00, 0x00, 0x01, 0x01, 0x01, 0x01, 0x01, 0xDE, 0xDF, 0xE0, 0xE1,
    0xE2, 0xE3, 0xE2, 0xE3, 0xE4, 0xE5, 0xE6, 0xE7, 0xE2, 0xE3, 0xE0, 0xE1, 0xE8, 0xE9, 0xEA, 0xEB,
    0xEC, 0xED, 0x01, 0x01, 0x01, 0x01, 0x00, 0x01, 0x01, 0x01, 0x01, 0x01, 0xEE, 0xEF, 0xF0, 0xF1,
    0xF2, 0xF3, 0xF2, 0xF3, 0xF4, 0xF5, 0xF6, 0xF7, 0xF2, 0xF3, 0xF0, 0xF1, 0xF8, 0xF9, 0xFA, 0xFB,
    0x01, 0x01, 0x01, 0x01, 0x01, 0x01, 0x00, 0x00, 0x00, 0x00, 0x00, 0x00, 0x00, 0x00, 0x00, 0x00,
    0x00, 0x00, 0x00, 0x00, 0x00, 0x00, 0x00, 0x00, 0x00, 0x00, 0x00, 0x00, 0x00, 0x00, 0x00, 0x00,
    0x00, 0x00, 0x00, 0x00, 0x00, 0x00, 0x00, 0x00, 0x00, 0x00, 0x00, 0x00, 0x00, 0x00, 0x00, 0x00,
    0x00, 0x00, 0x00, 0x00, 0x00, 0x00, 0x00, 0x00, 0x00, 0x00, 0x00, 0x00, 0x00, 0x00, 0x00, 0x00,
    0x00, 0x00, 0x00, 0x00, 0x00, 0x00, 0x00, 0x00, 0x00, 0x00, 0x00, 0x00, 0x00, 0x00, 0x00, 0x00,
    0x00, 0x00, 0x00, 0x00, 0x00, 0x00, 0x00, 0x00, 0x00, 0x00, 0x00, 0x00, 0x00, 0x00, 0x00, 0x00,
    0x00, 0x00, 0x00, 0x00, 0x00, 0x00, 0x00, 0x00, 0x00, 0x00, 0x00, 0x00, 0x00, 0x00, 0x00, 0x00,
    0x00, 0x00, 0x00, 0x00, 0x00, 0x00, 0x00, 0x00, 0x00, 0x00, 0x00, 0x00, 0x00, 0x00, 0x00, 0x00,
    0x00, 0x00, 0x00, 0x00, 0x00, 0x00, 0x00, 0x00, 0x00, 0x00, 0x00, 0x00, 0x00, 0x00, 0x00, 0x00,
    0x00, 0x00, 0x00, 0x00, 0x00, 0x00, 0x55, 0x55, 0x51, 0x50, 0x55, 0x55, 0x55, 0x55, 0x00, 0x00,
    0x00, 0x00, 0x00, 0x00, 0x00, 0x00, 0x00, 0x01, 0x01, 0x01, 0x01, 0x01, 0x01, 0x01, 0x01, 0x01,
    0x07, 0x01, 0x01, 0x01, 0x01, 0x01, 0x01, 0x01, 0x01, 0x01, 0x01, 0x01, 0x01, 0x01, 0x01, 0x01,
    0x07, 0x01, 0x01, 0x01, 0x01, 0x01, 0x08, 0x09, 0x0A, 0x0B, 0x0C, 0x0D, 0x0E, 0x0B, 0x0F, 0x10,
    0x11, 0x12, 0x13, 0x0C, 0x0D, 0x0A, 0x14, 0x0D, 0x0A, 0x0B, 0x0C, 0x0D, 0x0E, 0x0B, 0x0F, 0x10,
    0x11, 0x12, 0x13, 0x0C, 0x0D, 0x15, 0x01, 0x01, 0x01, 0x01, 0x01, 0x01, 0x16, 0x17, 0x01, 0x16,
    0x18, 0x19, 0x1A, 0x1B, 0x01, 0x01, 0x01, 0x01, 0x01, 0x01, 0x01, 0x01, 0x16, 0x01, 0x01, 0x16,
    0x18, 0x19, 0x1A, 0x1B, 0x17, 0x1C, 0x18, 0x19, 0x1A, 0x1B, 0x17, 0x1D, 0x1E, 0x1F, 0x1D, 0x1E,
    0x20, 0x21, 0x22, 0x23, 0x1F, 0x24, 0x18, 0x19, 0x1A, 0x1B, 0x17, 0x1D, 0x1E, 0x1F, 0x1D, 0x1E,
    0x20, 0x21, 0x22, 0x23, 0x1F, 0x24, 0x01, 0x01, 0x01, 0x01, 0x01, 0x01, 0x01, 0x01, 0x01, 0x01,
    0x01, 0x01, 0x01, 0x01, 0x01, 0x01, 0x01, 0x01, 0x01, 0x01, 0x01, 0x01, 0x01, 0x01, 0x01, 0x01,
    0x01, 0x01, 0x01, 0x01, 0x01, 0x01, 0x25, 0x26, 0x27, 0x28, 0x29, 0x2A, 0x2B, 0x2C, 0x2D, 0x2E,
    0x2F, 0x30, 0x31, 0x32, 0x33, 0x34, 0x25, 0x26, 0x27, 0x28, 0x29, 0x2A, 0x2B, 0x2C, 0x2D, 0x2E,
    0x2F, 0x30, 0x31, 0x32, 0x33, 0x34, 0x01, 0x01, 0x01, 0x01, 0x01, 0x01, 0x01, 0x35, 0x36, 0x37,
    0x38, 0x37, 0x36, 0x37, 0x36, 0x37, 0x36, 0x37, 0x36, 0x37, 0x36, 0x38, 0x37, 0x36, 0x39, 0x01,
    0x01, 0x01, 0x01, 0x01, 0x01, 0x01, 0x01, 0x01, 0x01, 0x01, 0x01, 0x35, 0x3A, 0x3B, 0x3C, 0x3D,
    0x3E, 0x3D, 0x3C, 0x3D, 0x3C, 0x3D, 0x3C, 0x3D, 0x3C, 0x3D, 0x3C, 0x3E, 0x3D, 0x3C, 0x3F, 0x40,
    0x39, 0x01, 0x01, 0x01, 0x01, 0x01, 0x41, 0x42, 0x43, 0x44, 0x45, 0x46, 0x47, 0x48, 0x49, 0x4A,
    0x4B, 0x4C, 0x4D, 0x4E, 0x49, 0x4A, 0x4F, 0x50, 0x4D, 0x4E, 0x49, 0x4B, 0x4D, 0x4E, 0x51, 0x52,
    0x53, 0x54, 0x55, 0x56, 0x57, 0x58, 0x59, 0x5A, 0x5B, 0x5C, 0x5D, 0x5E, 0x5F, 0x60, 0x61, 0x62,
    0x63, 0x64, 0x65, 0x66, 0x67, 0x68, 0x69, 0x6A, 0x65, 0x66, 0x67, 0x63, 0x65, 0x66, 0x6B, 0x60,
    0x6C, 0x6D, 0x6E, 0x6F, 0x70, 0x71, 0x01, 0x01, 0x01, 0x01, 0x01, 0x01, 0x01, 0x01, 0x01, 0x01,
    0x01, 0x01, 0x01, 0x01, 0x01, 0x72, 0x01, 0x01, 0x73, 0x74, 0x75, 0x76, 0x77, 0x78, 0x79, 0x7A,
    0x7B, 0x7C, 0x01, 0x72, 0x01, 0x01, 0x7D, 0x77, 0x78, 0x79, 0x7A, 0x7B, 0x7C, 0x7E, 0x77, 0x78,
    0x79, 0x7A, 0x7B, 0x7C, 0x77, 0x7F, 0x80, 0x81, 0x82, 0x83, 0x84, 0x85, 0x86, 0x87, 0x88, 0x89,
    0x8A, 0x8B, 0x8C, 0x7F, 0x01, 0x01, 0x8D, 0x86, 0x87, 0x88, 0x89, 0x8A, 0x8E, 0x8F, 0x86, 0x87,
    0x88, 0x89, 0x8A, 0x8E, 0x90, 0x91, 0x92, 0x93, 0x94, 0x95, 0x96, 0x97, 0x98, 0x02, 0x02, 0x99,
    0x9A, 0x9B, 0x90, 0x91, 0x9C, 0x9D, 0x00, 0x00, 0x00, 0x00, 0x00, 0x9E, 0x9F, 0x00, 0x00, 0x00,
    0x00, 0x00, 0x9E, 0x9F, 0x00, 0x00, 0x00, 0x00, 0x9E, 0x9F, 0x00, 0x00, 0x00, 0x00, 0x9E, 0x9F,
    0x00, 0x00, 0x00, 0x00, 0x00, 0x00, 0x01, 0x01, 0x01, 0xA0, 0xA1, 0xA2, 0xA3, 0xA4, 0x01, 0x01,
    0x01, 0x01, 0x01, 0x01, 0xA5, 0xA6, 0xA7, 0x01, 0x01, 0x01, 0x01, 0x01, 0x01, 0xA8, 0xA9, 0x01,
    0x01, 0x01, 0x01, 0x01, 0x01, 0x01, 0x01, 0x01, 0xAA, 0xAB, 0xAC, 0xAD, 0xAE, 0xAF, 0xB0, 0x01,
    0x01, 0x01, 0xB1, 0xB2, 0xB3, 0xB4, 0xB5, 0xB6, 0x01, 0x01, 0xB7, 0xB8, 0xB9, 0xBA, 0xBB, 0xBC,
    0xBD, 0xBE, 0xBF, 0x01, 0x01, 0x01, 0xC0, 0xC1, 0xC2, 0xC3, 0xC4, 0xC5, 0xC6, 0xC7, 0xC8, 0xC9,
    0xC9, 0xCA, 0xCB, 0xC3, 0xC4, 0xC5, 0xC6, 0xC7, 0xC9, 0xCA, 0xCC, 0xC1, 0xC2, 0xC3, 0xC4, 0xC5,
    0xC6, 0xC7, 0xC8, 0xC9, 0xCA, 0xCD, 0x00, 0x00, 0x00, 0x00, 0x00, 0x00, 0x00, 0x00, 0x00, 0x00,
    0x00, 0x00, 0x00, 0x00, 0x00, 0x00, 0x00, 0x00, 0x00, 0x00, 0x00, 0x00, 0x00, 0x00, 0x00, 0x00,
    0x00, 0x00, 0x00, 0x00, 0x00, 0x00, 0x01, 0x01, 0x01, 0x01, 0x01, 0x01, 0xCE, 0xCF, 0xCF, 0xD0,
    0x01, 0x01, 0x01, 0x01, 0x01, 0x01, 0x01, 0x01, 0x01, 0x01, 0x01, 0x01, 0x01, 0x01, 0x01, 0xD1,
    0xD2, 0xD3, 0xD4, 0x01, 0x01, 0x01, 0x01, 0xD5, 0xD6, 0xD7, 0xD8, 0xD9, 0xDA, 0xDB, 0xDB, 0xDC,
    0xDD, 0xDE, 0xDF, 0xE0, 0xE1, 0xE2, 0xE3, 0xE4, 0xE3, 0xE4, 0xE5, 0xE6, 0xE7, 0xE8, 0xE9, 0xEA,
    0xEB, 0xEC, 0xED, 0xD7, 0xD8, 0x01, 0xEE, 0xEF, 0xF0, 0xF0, 0xF1, 0xF2, 0xF0, 0xF0, 0xF0, 0xF0,
    0xF0, 0xF0, 0xF1, 0xF2, 0xF0, 0xF0, 0xF0, 0xF0, 0xF0, 0xF0, 0xF1, 0xF2, 0xF0, 0xF0, 0xF0, 0xF0,
    0xF3, 0xF4, 0xF0, 0xF0, 0xF5, 0xF6, 0xF7, 0xF8, 0xF9, 0xFA, 0xFA, 0xFA, 0xFA, 0xFA, 0xFA, 0xFA,
    0xFA, 0xFA, 0xFA, 0xFA, 0xFA, 0xFA, 0xFA, 0xFA, 0xFA, 0xFA, 0xFA, 0xFA, 0xFA, 0xFA, 0xFA, 0xFA,
    0xFB, 0xFC, 0xFA, 0xFD, 0xFE, 0xFF, 0x00, 0x10, 0x20, 0x30, 0x50, 0x60, 0x80, 0xA0, 0xC0, 0xD0,
    0xE0, 0xFF, 0xFF, 0x7F, 0xC0, 0x40, 0x7F, 0x28, 0x28, 0x28, 0x28, 0x00, 0x02, 0x04, 0x05, 0x07,
    0x09, 0x0B, 0x0C, 0x0E, 0x10, 0x12, 0x13, 0x15, 0x17, 0x18, 0x1A, 0x1C, 0x1D, 0x1F, 0x21, 0x22,
    0x24, 0x26, 0x27, 0x29, 0x2A, 0x2C, 0x2D, 0x2F, 0x31, 0x32, 0x34, 0x35, 0x37, 0x38, 0x39, 0x3B,
    0x3C, 0x3E, 0x3F, 0x40, 0x42, 0x43, 0x44, 0x46, 0x47, 0x48, 0x49, 0x4A, 0x4C, 0x4D, 0x4E, 0x4F,
    0x50, 0x51, 0x52, 0x53, 0x54, 0x55, 0x56, 0x57, 0x58, 0x58, 0x59, 0x5A, 0x5B, 0x5B, 0x5C, 0x5D,
    0x5D, 0x5E, 0x5F, 0x5F, 0x60, 0x60, 0x61, 0x61, 0x61, 0x62, 0x62, 0x63, 0x63, 0x63, 0x63, 0x64,
    0x64, 0x64, 0x64, 0x64, 0x64, 0x64, 0x00, 0x01, 0x03, 0x04, 0x06, 0x07, 0x09, 0x0A, 0x0B, 0x0D,
    0x0E, 0x10, 0x11, 0x13, 0x14, 0x15, 0x17, 0x18, 0x1A, 0x1B, 0x1D, 0x1E, 0x1F, 0x21, 0x22, 0x24,
    0x25, 0x27, 0x28, 0x29, 0x2B, 0x2C, 0x2E, 0x2F, 0x31, 0x32, 0x33, 0x35, 0x36, 0x38, 0x39, 0x3B,
    0x3C, 0x3D, 0x3F, 0x40, 0x42, 0x43, 0x45, 0x46, 0x47, 0x49, 0x4A, 0x4C, 0x4D, 0x4F, 0x50, 0x51,
    0x53, 0x54, 0x56, 0x57, 0x59, 0x5A, 0x00, 0x01, 0x03, 0x07, 0x15, 0x31, 0x63, 0x27, 0x55, 0x11,
    0x23, 0x47, 0x95, 0x91, 0x83, 0x67, 0x01, 0x35, 0x36, 0x37, 0x38, 0x39, 0x3A, 0x3B, 0x01, 0x01,
    0x3C, 0x3D, 0x3E, 0x35, 0x36, 0x37, 0x38, 0x39, 0x3A, 0x3B, 0x01, 0x01, 0x3C, 0x3D, 0x3E, 0x01,
    0x3C, 0x3D, 0x3E, 0x01, 0x01, 0x01, 0x01, 0x3F, 0x40, 0x41, 0x42, 0x43, 0x44, 0x45, 0x46, 0x47,
    0x48, 0x49, 0x4A, 0x3F, 0x40, 0x41, 0x42, 0x43, 0x44, 0x45, 0x46, 0x47, 0x48, 0x49, 0x4A, 0x01,
    0x48, 0x49, 0x4A, 0x01, 0x01, 0x01, 0x01, 0x4B, 0x4C, 0x4D, 0x4E, 0x4F, 0x50, 0x51, 0x52, 0x53,
    0x54, 0x55, 0x56, 0x57, 0x4C, 0x4D, 0x4E, 0x4F, 0x50, 0x51, 0x52, 0x53, 0x54, 0x55, 0x56, 0x58,
    0x54, 0x55, 0x56, 0x59, 0x5A, 0x01, 0x5B, 0x5C, 0x5D, 0x5E, 0x5F, 0x60, 0x5B, 0x61, 0x62, 0x63,
    0x64, 0x65, 0x66, 0x5C, 0x5D, 0x5E, 0x5F, 0x60, 0x5B, 0x61, 0x62, 0x63, 0x64, 0x65, 0x66, 0x67,
    0x64, 0x65, 0x66, 0x5B, 0x5B, 0x5B, 0x01, 0x68, 0x69, 0x6A, 0x01, 0x01, 0x01, 0x01, 0x01, 0x01,
    0x01, 0x6B, 0x01, 0x01, 0x6C, 0x01, 0x68, 0x69, 0x6A, 0x01, 0x01, 0x01, 0x01, 0x01, 0x01, 0x01,
    0x6B, 0x01, 0x01, 0x6C, 0x01, 0x01, 0x6D, 0x6E, 0x6F, 0x70, 0x71, 0x01, 0x72, 0x73, 0x74, 0x75,
    0x76, 0x77, 0x78, 0x79, 0x7A, 0x6D, 0x6E, 0x6F, 0x70, 0x71, 0x01, 0x72, 0x73, 0x74, 0x75, 0x76,
    0x77, 0x78, 0x79, 0x7A, 0x71, 0x01, 0x7B, 0x7C, 0x7D, 0x7E, 0x7F, 0x80, 0x81, 0x82, 0x83, 0x84,
    0x85, 0x86, 0x87, 0x88, 0x89, 0x7B, 0x7C, 0x7D, 0x7E, 0x7F, 0x80, 0x81, 0x82, 0x83, 0x84, 0x85,
    0x86, 0x87, 0x88, 0x89, 0x7F, 0x80, 0x8A, 0x8B, 0x8C, 0x8D, 0x8E, 0x8F, 0x90, 0x8F, 0x91, 0x92,
    0x93, 0x94, 0x5D, 0x95, 0x96, 0x8A, 0x8B, 0x8C, 0x8D, 0x8E, 0x8F, 0x90, 0x8F, 0x91, 0x92, 0x93,
    0x94, 0x5D, 0x95, 0x96, 0x8E, 0x8F, 0x01, 0x01, 0x01, 0x01, 0x01, 0x97, 0x01, 0x01, 0x98, 0x38,
    0x99, 0x01, 0x9A, 0x9B, 0x9C, 0x01, 0x01, 0x01, 0x01, 0x01, 0x01, 0x98, 0x38, 0x99, 0x01, 0x97,
    0x01, 0x01, 0x01, 0x01, 0x01, 0x01, 0x01, 0x9D, 0x9E, 0x01, 0x9F, 0xA0, 0xA1, 0x01, 0xA2, 0xA3,
    0xA4, 0x01, 0xA5, 0xA6, 0xA7, 0xA8, 0xA9, 0x01, 0x9D, 0x9E, 0x01, 0xA2, 0xA3, 0xA4, 0x9F, 0xA0,
    0xA1, 0x01, 0x9D, 0x9E, 0x01, 0x01, 0xAA, 0xAB, 0xAC, 0xAD, 0xAE, 0xAF, 0xB0, 0xAA, 0xB1, 0xB2,
    0xB3, 0xAA, 0xB4, 0xB5, 0xB6, 0xB7, 0xB8, 0xB9, 0xAB, 0xAC, 0xAD, 0xB1, 0xB2, 0xB3, 0xAE, 0xAF,
    0xB0, 0xAA, 0xAB, 0xAC, 0xAD, 0xBA, 0x00, 0xBB, 0xBC, 0xBD, 0x00, 0x00, 0x00, 0xBE, 0xBF, 0xC0,
    0x00, 0x00, 0xC1, 0xC2, 0xC3, 0xBE, 0xBF, 0xC0, 0xBB, 0xBC, 0xBD, 0x00, 0x00, 0x00, 0x00, 0x00,
    0x00, 0x00, 0xBB, 0xBC, 0xBD, 0xC4, 0xC5, 0x01, 0x01, 0xC6, 0xC7, 0xC7, 0xC7, 0xC7, 0xC7, 0xC7,
    0xC7, 0xC8, 0xC9, 0xC6, 0xC7, 0xC7, 0xC7, 0xC7, 0xC7, 0xC7, 0xC7, 0xC8, 0xC9, 0xC6, 0xC7, 0xC7,
    0xC7, 0xC7, 0xC8, 0xC9, 0xC5, 0x01, 0xCA, 0x01, 0xCB, 0xCC, 0xCD, 0xCE, 0xCF, 0xD0, 0xD1, 0xD2,
    0xD3, 0xD4, 0xD5, 0xCC, 0xCD, 0xCE, 0xCF, 0xD0, 0xD1, 0xD2, 0xD3, 0xD4, 0xD5, 0xCC, 0xCD, 0xCE,
    0xCF, 0xD0, 0xD4, 0xD6, 0xCA, 0x01, 0xD7, 0x01, 0xD8, 0xD9, 0xDA, 0xDB, 0xDC, 0xDD, 0xDE, 0xDF,
    0xE0, 0xE1, 0xD8, 0xD9, 0xDA, 0xDB, 0xDC, 0xDD, 0xDE, 0xDF, 0xE0, 0xE1, 0xD8, 0xD9, 0xDA, 0xDB,
    0xDC, 0xDD, 0xE1, 0xE2, 0xD7, 0x01, 0xE3, 0xE4, 0xE5, 0xE6, 0xE7, 0xE8, 0xE9, 0xEA, 0xEB, 0xEC,
    0xED, 0xEE, 0xE5, 0xE6, 0xE7, 0xE8, 0xE9, 0xEA, 0xEB, 0xEC, 0xED, 0xEE, 0xE5, 0xE6, 0xE7, 0xE8,
    0xE9, 0xEF, 0xF0, 0xF1, 0xF2, 0x00, 0x8A, 0xA2, 0x15, 0xCA, 0xD0, 0xFD, 0x88, 0xD0, 0xF8, 0xAA,
    0x60, 0xF0, 0x21, 0x8A, 0xA2, 0x15, 0xEA, 0xCA, 0xD0, 0xFD, 0x88, 0xF0, 0x17, 0xA2, 0x15, 0xEA,
    0xEA, 0xCA, 0xD0, 0xFD, 0x88, 0xF0, 0x0D, 0xA2, 0x15, 0xEA, 0xCA, 0xD0, 0xFD, 0x88, 0xF0, 0x03,
    0x4C, 0x44, 0xD7, 0xEA, 0xAA, 0x60, 0x20, 0x79, 0xBE, 0x20, 0x01, 0xBC, 0xA0, 0x0A, 0x20, 0x36,
    0xD7, 0x2C, 0x02, 0x20, 0x50, 0xFB, 0xA2, 0x12, 0xCA, 0xD0, 0xFD, 0xA5, 0x02, 0x09, 0x18, 0x8D,
    0x00, 0x20, 0xA9, 0x01, 0x20, 0x36, 0xBD, 0xAD, 0xEB, 0x06, 0x8D, 0x05, 0x20, 0xA9, 0x00, 0x8D,
    0x05, 0x20, 0xA5, 0xDD, 0xF0, 0x2B, 0xA0, 0x1A, 0x20, 0x36, 0xD7, 0xAD, 0x3F, 0x07, 0x49, 0xFF,
    0x18, 0x6D, 0xED, 0x06, 0x8D, 0x05, 0x20, 0xA9, 0x00, 0x8D, 0x05, 0x20, 0xA9, 0x03, 0x20, 0x36,
    0xBD, 0xA0, 0x23, 0x20, 0x36, 0xD7, 0xAD, 0x23, 0x07, 0x8D, 0xC5, 0x06, 0xA2, 0x00, 0x4C, 0xDE,
    0xD7, 0xA2, 0x06, 0xBC, 0xB6, 0xD9, 0x20, 0x36, 0xD7, 0xBD, 0xC5, 0x06, 0x8D, 0x05, 0x20, 0xA9,
    0x00, 0x8D, 0x05, 0x20, 0xA5, 0x02, 0x29, 0xE7, 0x8D, 0x00, 0x20, 0x4C, 0xEF, 0xD7, 0xBC, 0xB6,
    0xD9, 0x20, 0x36, 0xD7, 0xBD, 0xC5, 0x06, 0x8D, 0x05, 0x20, 0xA9, 0x00, 0x8D, 0x05, 0x20, 0xCA,
    0x10, 0xEC, 0xA9, 0x03, 0x20, 0x36, 0xBD, 0xA5, 0x02, 0x09, 0x18, 0x8D, 0x00, 0x20, 0xA2, 0x06,
    0xBD, 0xBD, 0xD9, 0x18, 0x7D, 0xCD, 0x06, 0x9D, 0xCD, 0x06, 0x90, 0x03, 0xDE, 0xC5, 0x06, 0xCA,
    0x10, 0xEE, 0xA5, 0xDD, 0xF0, 0x1C, 0xAD, 0xE8, 0x06, 0xF0, 0x17, 0xAD, 0xE9, 0x06, 0xF0, 0x05,
    0xCE, 0xE9, 0x06, 0xD0, 0x0D, 0xAD, 0xE8, 0x06, 0x38, 0xE9, 0x04, 0xB0, 0x02, 0xA9, 0x00, 0x8D,
    0xE8, 0x06, 0xAD, 0xE8, 0x06, 0x48, 0xA0, 0x11, 0xA2, 0x00, 0x68, 0x38, 0xE9, 0x0E, 0xB0, 0x02,
    0xA9, 0x00, 0x48, 0x18, 0x79, 0xD5, 0x06, 0x99, 0xD5, 0x06, 0x90, 0x03, 0xDE, 0x07, 0x07, 0xE8,
    0xE8, 0xE8, 0xE8, 0x88, 0x10, 0xE4, 0x68, 0xAD, 0x3F, 0x07, 0x49, 0xFF, 0x8D, 0xEB, 0x06, 0xA5,
    0x49, 0x25, 0x35, 0xD0, 0x1C, 0x85, 0x35, 0xA5, 0x49, 0x29, 0x90, 0xF0, 0x14, 0xA5, 0x4D, 0xD0,
    0x06, 0xA5, 0xE7, 0xC9, 0x0F, 0x90, 0x0A, 0x20, 0x31, 0xDD, 0xA9, 0xFF, 0x85, 0x35, 0x8D, 0x4B,
    0x05, 0x2C, 0xEA, 0x06, 0x30, 0x29, 0xAE, 0x8F, 0x07, 0xE8, 0xF0, 0x23, 0xE8, 0xF0, 0x20, 0x8A,
    0x8D, 0x8F, 0x07, 0x8D, 0x9B, 0x07, 0x18, 0x69, 0x08, 0x8D, 0x93, 0x07, 0x8D, 0x9F, 0x07, 0x18,
    0x69, 0x08, 0x8D, 0x97, 0x07, 0x8D, 0xA3, 0x07, 0x29, 0x07, 0xD0, 0x03, 0x20, 0xC4, 0xD9, 0x20,
    0x0F, 0xDA, 0xAD, 0xEC, 0x06, 0xF0, 0x03, 0x20, 0x06, 0xDD, 0xC6, 0xE6, 0xD0, 0x16, 0xA4, 0xE7,
    0xB1, 0xE8, 0x85, 0xE4, 0xC8, 0xB1, 0xE8, 0x85, 0xE5, 0xC8, 0xB1, 0xE8, 0x85, 0xE6, 0xC8, 0x84,
    0xE7, 0x6C, 0xE4, 0x00, 0x60, 0x37, 0xD9, 0x1E, 0xBA, 0xDC, 0xF0, 0xF3, 0xDC, 0x3C, 0xBA, 0xDC,
    0xFF, 0xEF, 0xDC, 0x3C, 0x57, 0xD9, 0x05, 0x60, 0xD9, 0x05, 0x72, 0xD9, 0x1E, 0xD4, 0xDC, 0xFA,
    0xF3, 0xDC, 0x3C, 0xBA, 0xDC, 0xB4, 0x36, 0xD9, 0xB4, 0xF3, 0xDC, 0x3C, 0xBA, 0xDC, 0xB4, 0xF3,
    0xDC, 0x3C, 0xBA, 0xDC, 0xC8, 0xF3, 0xDC, 0x78, 0xBA, 0xDC, 0xFA, 0xF3, 0xDC, 0xFA, 0x60, 0xD9,
    0x05, 0x57, 0xD9, 0x02, 0x2A, 0xD9, 0x03, 0xF3, 0xDC, 0xFA, 0xBA, 0xDC, 0xFA, 0xF3, 0xDC, 0x3C,
    0x31, 0xDD, 0x02, 0xC6, 0xE7, 0xC6, 0xE7, 0xC6, 0xE7, 0x60, 0xA9, 0x00, 0x85, 0xE7, 0xA9, 0xDB,
    0x85, 0xDF, 0xA9, 0x72, 0x85, 0xDE, 0x60, 0xA9, 0x20, 0x8D, 0xEE, 0x06, 0xA9, 0x03, 0x8D, 0x0E,
    0x03, 0xA9, 0x0F, 0x8D, 0x10, 0x03, 0x8D, 0x1E, 0x03, 0x8D, 0x01, 0x03, 0x8D, 0x02, 0x03, 0x8D,
    0x03, 0x03, 0x8D, 0x0D, 0x03, 0xD0, 0x40, 0xA9, 0x13, 0x8D, 0x0E, 0x03, 0xA9, 0x03, 0xD0, 0x37,
    0xA9, 0x23, 0x8D, 0x0E, 0x03, 0xA9, 0x08, 0x8D, 0x10, 0x03, 0x8D, 0x1E, 0x03, 0x8D, 0x03, 0x03,
    0xD0, 0x28, 0xA2, 0x02, 0x8E, 0xEE, 0x06, 0xCA, 0x8E, 0x0D, 0x03, 0xA9, 0x21, 0x8D, 0x0E, 0x03,
    0xA9, 0x18, 0x8D, 0x10, 0x03, 0x8D, 0x03, 0x03, 0xA9, 0x0F, 0x8D, 0x01, 0x03, 0xA9, 0x08, 0x8D,
    0x02, 0x03, 0x8D, 0x1E, 0x03, 0xA9, 0x11, 0x8D, 0x0F, 0x03, 0xAD, 0x0E, 0x03, 0x8D, 0x07, 0x03,
    0x8D, 0x09, 0x03, 0x8D, 0x0A, 0x03, 0x8D, 0x0B, 0x03, 0x8D, 0x19, 0x03, 0x8D, 0x1A, 0x03, 0x8D,
    0x1B, 0x03, 0x8D, 0x11, 0x03, 0x60, 0x1D, 0x18, 0x14, 0x0E, 0x0B, 0x07, 0x11, 0x70, 0x60, 0x50,
    0x40, 0x30, 0x20, 0x10, 0xAE, 0xEA, 0x06, 0xE8, 0xE0, 0x19, 0x90, 0x0A, 0xA2, 0x00, 0xA9, 0xDA,
    0x85, 0x13, 0xA9, 0xD0, 0x85, 0x14, 0x8E, 0xEA, 0x06, 0xA6, 0x1A, 0xA9, 0x60, 0x9D, 0x00, 0x02,
    0xE8, 0xAD, 0xEA, 0x06, 0x18, 0x69, 0x84, 0x9D, 0x00, 0x02, 0xE8, 0xA9, 0x02, 0x9D, 0x00, 0x02,
    0xE8, 0xA0, 0x00, 0xB1, 0x13, 0x9D, 0x00, 0x02, 0xE8, 0xA0, 0x20, 0xB1, 0x13, 0x9D, 0x00, 0x02,
    0xE8, 0x86, 0x1A, 0xA5, 0x13, 0x18, 0x69, 0x01, 0x85, 0x13, 0x90, 0x02, 0xE6, 0x14, 0x60, 0x24,
    0xE0, 0x30, 0xFB, 0xA5, 0x03, 0x25, 0xE3, 0xD0, 0xF5, 0xA8, 0xC6, 0xE0, 0xD0, 0x14, 0xB1, 0xDE,
    0x85, 0xE0, 0x10, 0x03, 0x4C, 0x4A, 0xDB, 0xC8, 0xB1, 0xDE, 0xC8, 0x85, 0xE2, 0xB1, 0xDE, 0xC8,
    0x85, 0xE1, 0xA6, 0x1A, 0xA5, 0xE2, 0x9D, 0x00, 0x02, 0xE8, 0xA5, 0xE1, 0x9D, 0x00, 0x02, 0xE8,
    0xA9, 0x01, 0x9D, 0x00, 0x02, 0xE8, 0xB1, 0xDE, 0x8C, 0xA1, 0x03, 0x8E, 0xA2, 0x03, 0xC9, 0x20,
    0xD0, 0x05, 0xA9, 0x01, 0x4C, 0x3B, 0xDB, 0xC9, 0x21, 0xD0, 0x2B, 0x20, 0x2C, 0xB5, 0x90, 0x1C,
    0xAE, 0xB2, 0x03, 0xE0, 0x01, 0xD0, 0x12, 0x8A, 0xA6, 0x4F, 0xE0, 0x09, 0xB0, 0x02, 0xE6, 0xE1,
    0xE6, 0xE0, 0xE6, 0xE0, 0xE6, 0xDE, 0x4C, 0x16, 0xB5, 0x4C, 0x0E, 0xB5, 0xC9, 0x03, 0xD0, 0x03,
    0x4C, 0x0F, 0xDB, 0x4C, 0x31, 0xDB, 0xC9, 0x40, 0xF0, 0xD1, 0xC9, 0x23, 0xF0, 0xCD, 0xC9, 0x24,
    0xF0, 0xC9, 0xC9, 0x2A, 0xD0, 0x13, 0xA6, 0x4F, 0xE0, 0x09, 0xB0, 0x07, 0x2C, 0xAB, 0x03, 0x30,
    0x02, 0xC6, 0xE1, 0xE8, 0x8E, 0xA4, 0x03, 0xD0, 0xB2, 0xC9, 0x25, 0xD0, 0x4B, 0x2C, 0xB3, 0x03,
    0x30, 0x0A, 0xA9, 0xC0, 0x8D, 0xB3, 0x03, 0xA9, 0xFF, 0x8D, 0xA9, 0x03, 0xEE, 0xA9, 0x03, 0xAC,
    0xA9, 0x03, 0xC0, 0x08, 0x90, 0x1B, 0x2C, 0xD5, 0x03, 0x10, 0x10, 0xA5, 0x51, 0xF0, 0x06, 0xA0,
    0x00, 0xA9, 0xFE, 0xD0, 0xA4, 0xA0, 0xDD, 0xA9, 0xFD, 0xD0, 0x9E, 0xA0, 0x8A, 0xA9, 0xFC, 0xD0,
    0x98, 0xB9, 0x4B, 0x03, 0xD0, 0x09, 0x2C, 0xB4, 0x03, 0x30, 0x04, 0xC0, 0x07, 0x90, 0x20, 0x38,
    0x6E, 0xB4, 0x03, 0x18, 0x69, 0x30, 0xD0, 0x39, 0xC9, 0x5E, 0xD0, 0x35, 0xA5, 0x4F, 0xC9, 0x02,
    0xB0, 0x05, 0xA9, 0xFF, 0x85, 0xE0, 0x60, 0x2C, 0xAA, 0x03, 0x30, 0x07, 0x20, 0xE4, 0xB4, 0xA9,
    0x01, 0xD0, 0x28, 0x38, 0x6E, 0xAA, 0x03, 0x20, 0xFE, 0xB4, 0x2C, 0xAA, 0x03, 0x30, 0x12, 0xAD,
    0xC3, 0x06, 0xF0, 0x07, 0xA0, 0xFD, 0xA9, 0xFC, 0x4C, 0x0E, 0xB5, 0xA0, 0xF2, 0xA9, 0xFC, 0xD0,
    0xF7, 0xC9, 0x41, 0x90, 0x03, 0x38, 0xE9, 0x07, 0x18, 0x65, 0xEA, 0xAE, 0xA2, 0x03, 0x9D, 0x00,
    0x02, 0xE8, 0x86, 0x1A, 0xE6, 0xE1, 0xD0, 0x02, 0xE6, 0xE2, 0xAD, 0xAA, 0x03, 0x0D, 0xAC, 0x03,
    0x0D, 0xAD, 0x03, 0x0D, 0xAE, 0x03, 0x0D, 0xAF, 0x03, 0x0D, 0xB3, 0x03, 0x0D, 0xAB, 0x03, 0x29,
    0x40, 0xD0, 0x0E, 0xAC, 0xA1, 0x03, 0xC8, 0x98, 0x18, 0x65, 0xDE, 0x85, 0xDE, 0x90, 0x02, 0xE6,
    0xDF, 0x60, 0x17, 0x20, 0x85, 0x43, 0x4F, 0x50, 0x59, 0x52, 0x49, 0x47, 0x48, 0x54, 0x20, 0x31,
    0x39, 0x39, 0x30, 0x20, 0x41, 0x42, 0x53, 0x4F, 0x4C, 0x55, 0x54, 0x45, 0x12, 0x20, 0xC7, 0x45,
    0x4E, 0x54, 0x45, 0x52, 0x54, 0x41, 0x49, 0x4E, 0x4D, 0x45, 0x4E, 0x54, 0x20, 0x49, 0x4E, 0x43,
    0x5C, 0xFF, 0x0B, 0x20, 0x8A, 0x4C, 0x49, 0x43, 0x45, 0x4E, 0x53, 0x45, 0x44, 0x20, 0x42, 0x59,
    0x18, 0x20, 0xC4, 0x4E, 0x49, 0x4E, 0x54, 0x45, 0x4E, 0x44, 0x4F, 0x20, 0x4F, 0x46, 0x20, 0x41,
    0x4D, 0x45, 0x52, 0x49, 0x43, 0x41, 0x20, 0x49, 0x4E, 0x43, 0x5C, 0xFF, 0x19, 0x20, 0x63, 0x44,
    0x45, 0x53, 0x49, 0x47, 0x4E, 0x45, 0x44, 0x20, 0x42, 0x59, 0x20, 0x47, 0x41, 0x52, 0x52, 0x59,
    0x20, 0x4B, 0x49, 0x54, 0x43, 0x48, 0x45, 0x4E, 0x04, 0x20, 0x8D, 0x57, 0x49, 0x54, 0x48, 0x18,
    0x20, 0xA3, 0x20, 0x41, 0x4C, 0x45, 0x58, 0x20, 0x44, 0x45, 0x4D, 0x45, 0x4F, 0x20, 0x20, 0x20,
    0x52, 0x4F, 0x42, 0x20, 0x48, 0x41, 0x52, 0x52, 0x49, 0x53, 0x0B, 0x20, 0xCA, 0x44, 0x41, 0x4E,
    0x20, 0x4B, 0x49, 0x54, 0x43, 0x48, 0x45, 0x4E, 0xFF, 0x0B, 0x20, 0x8A, 0x47, 0x52, 0x41, 0x50,
    0x48, 0x49, 0x43, 0x53, 0x20, 0x42, 0x59, 0x0C, 0x20, 0xCA, 0x4A, 0x45, 0x53, 0x53, 0x45, 0x20,
    0x4B, 0x41, 0x50, 0x49, 0x4C, 0x49, 0xFF, 0x11, 0x20, 0x88, 0x4F, 0x52, 0x49, 0x47, 0x49, 0x4E,
    0x41, 0x4C, 0x20, 0x4D, 0x55, 0x53, 0x49, 0x43, 0x20, 0x42, 0x59, 0x0E, 0x20, 0xC9, 0x4D, 0x41,
    0x52, 0x4B, 0x20, 0x56, 0x41, 0x4E, 0x20, 0x48, 0x45, 0x43, 0x4B, 0x45, 0xFF, 0x14, 0x20, 0xA6,
    0x50, 0x52, 0x45, 0x53, 0x53, 0x20, 0x53, 0x54, 0x41, 0x52, 0x54, 0x20, 0x54, 0x4F, 0x20, 0x42,
    0x45, 0x47, 0x49, 0x4E, 0xFF, 0x1A, 0x20, 0x83, 0x54, 0x41, 0x4E, 0x4B, 0x20, 0x52, 0x45, 0x50,
    0x41, 0x49, 0x52, 0x45, 0x44, 0x20, 0x41, 0x4E, 0x44, 0x20, 0x52, 0x45, 0x46, 0x55, 0x45, 0x4C,
    0x45, 0x44, 0x0B, 0x20, 0xCA, 0x41, 0x52, 0x4D, 0x53, 0x20, 0x4C, 0x4F, 0x41, 0x44, 0x45, 0x44,
    0xFF, 0x15, 0x20, 0xA5, 0x4E, 0x4F, 0x20, 0x53, 0x55, 0x50, 0x50, 0x4C, 0x49, 0x45, 0x53, 0x20,
    0x41, 0x56, 0x41, 0x49, 0x4C, 0x41, 0x42, 0x4C, 0x45, 0xFE, 0xAD, 0xEE, 0x06, 0x8D, 0x0B, 0x03,
    0xAD, 0x0E, 0x03, 0x8D, 0x0A, 0x03, 0xA0, 0x01, 0x84, 0xE0, 0x88, 0x84, 0x17, 0xA5, 0x47, 0x09,
    0x18, 0x85, 0x47, 0x60, 0xA9, 0x0B, 0x8D, 0x0B, 0x03, 0xA9, 0x19, 0x8D, 0xEA, 0x06, 0xAD, 0x2F,
    0xDF, 0x8D, 0x8F, 0x07, 0xA9, 0x03, 0x85, 0x17, 0xA5, 0x47, 0x29, 0xEF, 0x85, 0x47, 0x60, 0xA9,
    0x01, 0x85, 0x4D, 0xA5, 0xDD, 0xD0, 0x09, 0xAD, 0x07, 0x03, 0x8D, 0x0B, 0x03, 0x8D, 0x0A, 0x03,
    0xA9, 0x80, 0x8D, 0xEC, 0x06, 0x60, 0xA6, 0x1A, 0xA9, 0x20, 0x9D, 0x00, 0x02, 0xE8, 0xAD, 0xEC,
    0x06, 0x38, 0xE9, 0x20, 0x8D, 0xEC, 0x06, 0x18, 0x69, 0x60, 0x9D, 0x00, 0x02, 0xE8, 0xA9, 0x20,
    0x9D, 0x00, 0x02, 0xE8, 0xA8, 0xA9, 0x01, 0x9D, 0x00, 0x02, 0xE8, 0x88, 0xD0, 0xF9, 0x86, 0x1A,
    0x60, 0xA5, 0xDD, 0xC9, 0x01, 0xB0, 0x08, 0x85, 0xF3, 0xA9, 0x4A, 0xA2, 0xDF, 0xD0, 0x04, 0xA9,
    0xD8, 0xA2, 0xAC, 0x85, 0x3B, 0x86, 0x3C, 0xA2, 0xFF, 0x86, 0xE0, 0xE8, 0x8E, 0xAA, 0x03, 0x8E,
    0xAC, 0x03, 0x8E, 0xAD, 0x03, 0x8E, 0xAE, 0x03, 0xA5, 0x18, 0x09, 0x01, 0x85, 0x18, 0x60, 0xA9,
    0x66, 0x85, 0x3D, 0xA9, 0xD7, 0x85, 0x3E, 0x38, 0x6E, 0x9C, 0x03, 0xA9, 0x00, 0x85, 0x19, 0x85,
    0x1A, 0x4E, 0x9C, 0x03, 0xA9, 0x04, 0x85, 0x34, 0xA9, 0x32, 0x85, 0x4B, 0xA9, 0x3F, 0x85, 0x4C,
    0xA9, 0x04, 0x8D, 0x9A, 0x03, 0xA9, 0xFF, 0x8D, 0x9B, 0x03, 0xA9, 0x20, 0x8D, 0x98, 0x03, 0xA5,
    0x10, 0x29, 0xE7, 0x85, 0x10, 0xA9, 0x00, 0x85, 0x3F, 0xA2, 0x03, 0xA5, 0xDD, 0xD0, 0x04, 0x85,
    0x4E, 0xA2, 0x01, 0xA9, 0x00, 0x20, 0xA6, 0xF9, 0xA9, 0x03, 0x85, 0x17, 0xA5, 0xDD, 0xD0, 0x08,
    0xA9, 0x00, 0x20, 0x1E, 0xBF, 0x4C, 0xBB, 0xDD, 0x20, 0xA5, 0x90, 0xA9, 0xD8, 0x85, 0xEA, 0xA5,
    0x10, 0x29, 0xFC, 0x09, 0x18, 0x85, 0x10, 0xA9, 0x00, 0x85, 0x01, 0x85, 0x00, 0xA5, 0xDD, 0xD0,
    0x0C, 0xA9, 0x01, 0xCD, 0x04, 0x01, 0xF0, 0x05, 0xA2, 0x00, 0x20, 0x4C, 0xA8, 0xA2, 0x06, 0xA9,
    0x00, 0x9D, 0xCD, 0x06, 0x9D, 0xC5, 0x06, 0xCA, 0x10, 0xF7, 0xA9, 0xFF, 0x8D, 0xEA, 0x06, 0xA9,
    0x80, 0x8D, 0xE9, 0x06, 0xA9, 0xFF, 0x8D, 0xE8, 0x06, 0x85, 0xE0, 0xA5, 0xDD, 0x29, 0x03, 0x0A,
    0xAA, 0xBD, 0x45, 0xDF, 0x85, 0xDF, 0xBD, 0x44, 0xDF, 0x85, 0xDE, 0xA9, 0x42, 0x85, 0xE7, 0xA9,
    0x02, 0x85, 0xE6, 0xA9, 0xD5, 0x85, 0xE8, 0xA9, 0xD8, 0x85, 0xE9, 0xA9, 0x00, 0x8D, 0xEC, 0x06,
    0xA9, 0x03, 0x85, 0xE3, 0xA9, 0x68, 0x85, 0x1B, 0xA9, 0x3D, 0xA6, 0xDD, 0xD0, 0x02, 0xA9, 0x3C,
    0x8D, 0x00, 0x07, 0xA9, 0x01, 0x8D, 0x01, 0x07, 0xA9, 0x20, 0x8D, 0x02, 0x07, 0xA9, 0x01, 0x8D,
    0x03, 0x07, 0xA2, 0x44, 0xA9, 0x60, 0x48, 0x68, 0x9D, 0x04, 0x07, 0x69, 0x08, 0x48, 0x20, 0x3B,
    0xF9, 0x9D, 0x07, 0x07, 0x8A, 0x4A, 0x4A, 0x4A, 0x4A, 0x4A, 0x29, 0x03, 0x49, 0x03, 0x18, 0x69,
    0x03, 0x9D, 0x05, 0x07, 0xA9, 0x23, 0x9D, 0x06, 0x07, 0xCA, 0xCA, 0xCA, 0xCA, 0x10, 0xD8, 0x68,
    0xA9, 0x00, 0x8D, 0x23, 0x07, 0x8D, 0x3F, 0x07, 0xA9, 0x0F, 0x8D, 0x1E, 0x03, 0xA5, 0x47, 0x09,
    0x18, 0x85, 0x47, 0xA5, 0x48, 0x29, 0xF9, 0x85, 0x48, 0xA4, 0xDD, 0xF0, 0x43, 0xA9, 0x00, 0x8D,
    0xED, 0x06, 0x48, 0xA2, 0x0F, 0xA9, 0x04, 0x05, 0x02, 0x8D, 0x00, 0x20, 0xA9, 0x21, 0x8D, 0x06,
    0x20, 0x68, 0x18, 0x69, 0x01, 0x48, 0x29, 0x1F, 0x09, 0x80, 0x8D, 0x06, 0x20, 0xA9, 0x00, 0x8D,
    0x07, 0x20, 0x8D, 0x07, 0x20, 0x8D, 0x07, 0x20, 0x8D, 0x07, 0x20, 0x8D, 0x07, 0x20, 0x8D, 0x07,
    0x20, 0x8D, 0x07, 0x20, 0xCA, 0x10, 0xD5, 0x68, 0xA5, 0x02, 0x8D, 0x00, 0x20, 0x4C, 0xE2, 0xDE,
    0x20, 0x37, 0xD9, 0xA9, 0x00, 0x85, 0xE7, 0xA2, 0x17, 0xBD, 0x2C, 0xDF, 0x9D, 0x8C, 0x07, 0xCA,
    0x10, 0xF7, 0x20, 0x9A, 0xD9, 0xA5, 0xDD, 0xD0, 0x03, 0x4C, 0x2B, 0xDF, 0xA9, 0x00, 0xA2, 0x10,
    0x8D, 0x06, 0x03, 0x8E, 0x07, 0x03, 0x20, 0xB1, 0x90, 0x8C, 0x10, 0x03, 0x8D, 0x1E, 0x03, 0xAD,
    0x0E, 0x03, 0x8D, 0x09, 0x03, 0xA9, 0x30, 0x8D, 0xEE, 0x06, 0xC0, 0x09, 0xF0, 0x1D, 0xC0, 0x1A,
    0xF0, 0x19, 0xA9, 0x09, 0x8D, 0x02, 0x03, 0xA9, 0x19, 0x8D, 0x03, 0x03, 0xA5, 0x4F, 0xC9, 0x04,
    0xF0, 0x04, 0xC9, 0x09, 0xD0, 0x05, 0xA9, 0x20, 0x8D, 0x07, 0x03, 0x60, 0x20, 0x09, 0x02, 0x10,
    0x20, 0x07, 0x02, 0x18, 0x20, 0x01, 0x02, 0x20, 0x28, 0x09, 0x82, 0x10, 0x28, 0x07, 0x82, 0x18,
    0x28, 0x01, 0x82, 0x20, 0x72, 0xDB, 0x75, 0xDC, 0xA1, 0xDC, 0xA9, 0x0C, 0x85, 0x3D, 0xA9, 0xB1,
    0x85, 0x3E, 0xA9, 0x04, 0x85, 0x34, 0xA9, 0x09, 0x85, 0x4B, 0xA9, 0x27, 0x85, 0x4C, 0xA9, 0x04,
    0x8D, 0x9A, 0x03, 0xA2, 0xFF, 0x8E, 0x9B, 0x03, 0xA9, 0x20, 0x8D, 0x98, 0x03, 0xA9, 0x07, 0x8D,
    0x99, 0x03, 0xA5, 0x10, 0x29, 0xE7, 0x85, 0x10, 0xE8, 0x86, 0x3F, 0x8A, 0xA2, 0x02, 0x20, 0xA6,
    0xF9, 0x38, 0x6E, 0x9C, 0x03, 0x20, 0x7C, 0xBC, 0x4E, 0x9C, 0x03, 0xA9, 0x03, 0x85, 0x17, 0xA9,
    0xF2, 0x85, 0x20, 0xA9, 0xBD, 0x85, 0x21, 0xA9, 0xE2, 0x85, 0x22, 0xA9, 0xBD, 0x85, 0x23, 0x20,
    0x9F, 0xBE, 0x20, 0x8E, 0xBE, 0xA5, 0x10, 0x29, 0xFC, 0x09, 0x18, 0x85, 0x10, 0xA9, 0x00, 0x85,
    0x01, 0x85, 0x00, 0xAA, 0x20, 0x4C, 0xA8, 0xA2, 0x06, 0xA9, 0x00, 0x9D, 0xCD, 0x06, 0x9D, 0xC5,
    0x06, 0xCA, 0x10, 0xF7, 0xA9, 0x05, 0x8D, 0x07, 0x03, 0xA9, 0x05, 0x8D, 0x0F, 0x03, 0xA9, 0x0F,
    0x8D, 0x0A, 0x03, 0xA2, 0x10, 0xBD, 0xA1, 0x83, 0x9D, 0xC5, 0x06, 0xCA, 0x10, 0xF7, 0xA2, 0x05,
    0xBD, 0x7D, 0x85, 0x95, 0xEB, 0xCA, 0x10, 0xF8, 0xE8, 0x8E, 0xA9, 0x03, 0x8E, 0xAA, 0x03, 0xA5,
    0x47, 0x09, 0x18, 0x85, 0x47, 0xA2, 0x0F, 0xBD, 0xD8, 0x83, 0x9D, 0x10, 0x03, 0xCA, 0x10, 0xF7,
    0xA5, 0xF3, 0xF0, 0x06, 0x8E, 0xA8, 0x05, 0x8E, 0x80, 0x05, 0x60, 0x48, 0x8A, 0x48, 0x98, 0x48,
    0x2C, 0x9C, 0x03, 0x10, 0x03, 0x4C, 0x4E, 0xF5, 0xA6, 0x19, 0xE4, 0x1A, 0xF0, 0x32, 0xBD, 0x00,
    0x02, 0x29, 0x40, 0x4A, 0x4A, 0x4A, 0x4A, 0x05, 0x02, 0x8D, 0x00, 0x20, 0xBD, 0x00, 0x02, 0x29,
    0x3F, 0xE8, 0x8D, 0x06, 0x20, 0xBD, 0x00, 0x02, 0xE8, 0x8D, 0x06, 0x20, 0xBC, 0x00, 0x02, 0xE8,
    0xBD, 0x00, 0x02, 0xE8, 0x8D, 0x07, 0x20, 0x88, 0xD0, 0xF6, 0xE4, 0x1A, 0xD0, 0xD0, 0x86, 0x19,
    0xA5, 0x3D, 0xC9, 0xF4, 0xD0, 0x3C, 0xA5, 0x3E, 0xC9, 0x85, 0xD0, 0x36, 0xA9, 0xFB, 0x25, 0x02,
    0x8D, 0x00, 0x20, 0xA9, 0x21, 0x8D, 0x06, 0x20, 0xA9, 0xE2, 0x8D, 0x06, 0x20, 0xA2, 0x05, 0xBD,
    0x5A, 0x06, 0x8D, 0x07, 0x20, 0xCA, 0x10, 0xF7, 0xA9, 0x21, 0x8D, 0x06, 0x20, 0xA9, 0xF8, 0x8D,
    0x06, 0x20, 0xA2, 0x05, 0xBD, 0x54, 0x06, 0x8D, 0x07, 0x20, 0xCA, 0x10, 0xF7, 0x2C, 0x61, 0x06,
    0x30, 0x03, 0x4C, 0xEF, 0xE0, 0xAD, 0x88, 0x06, 0x30, 0x14, 0x8D, 0x06, 0x20, 0xAD, 0x89, 0x06,
    0x8D, 0x06, 0x20, 0xAD, 0x8C, 0x06, 0x8D, 0x07, 0x20, 0xA9, 0xFF, 0x8D, 0x88, 0x06, 0xAD, 0x8A,
    0x06, 0x30, 0x3C, 0x8D, 0x06, 0x20, 0xAD, 0x8B, 0x06, 0x8D, 0x06, 0x20, 0xA9, 0x94, 0x8D, 0x00,
    0x20, 0xAD, 0x8D, 0x06, 0x8D, 0x07, 0x20, 0xAD, 0x8E, 0x06, 0xC9, 0xFF, 0xF0, 0x17, 0x8D, 0x07,
    0x20, 0xAD, 0x8F, 0x06, 0xC9, 0xFF, 0xF0, 0x0D, 0x8D, 0x07, 0x20, 0xAD, 0x90, 0x06, 0xC9, 0xFF,
    0xF0, 0x03, 0x8D, 0x07, 0x20, 0xA9, 0xFF, 0x8D, 0x8A, 0x06, 0xA9, 0x90, 0x8D, 0x00, 0x20, 0xA5,
    0x11, 0x29, 0x04, 0xD0, 0x2F, 0xA5, 0x02, 0x8D, 0x00, 0x20, 0xA9, 0x3F, 0x8D, 0x06, 0x20, 0xA9,
    0x00, 0x8D, 0x06, 0x20, 0x24, 0x34, 0x30, 0x0F, 0xA2, 0x00, 0xA9, 0x0F, 0x8D, 0x07, 0x20, 0xE8,
    0xE0, 0x20, 0xD0, 0xF6, 0x4C, 0x24, 0xE1, 0xA2, 0x00, 0xBD, 0x00, 0x03, 0x8D, 0x07, 0x20, 0xE8,
    0xE0, 0x20, 0xD0, 0xF5, 0xA5, 0x17, 0x20, 0x36, 0xBD, 0xA9, 0x00, 0x8D, 0x06, 0x20, 0x8D, 0x06,
    0x20, 0xA9, 0x07, 0x8D, 0x14, 0x40, 0xA5, 0x01, 0x8D, 0x05, 0x20, 0xA5, 0x00, 0x8D, 0x05, 0x20,
    0xA5, 0x10, 0x29, 0x07, 0x05, 0x47, 0x8D, 0x00, 0x20, 0x85, 0x02, 0xA5, 0x10, 0x29, 0x18, 0x05,
    0x48, 0x8D, 0x01, 0x20, 0xA5, 0x10, 0x29, 0x07, 0x85, 0x0E, 0xA5, 0x10, 0x29, 0x18, 0x85, 0x0F,
    0xA5, 0x11, 0x29, 0xE0, 0x05, 0x0E, 0x05, 0x0F, 0x85, 0x11, 0x20, 0x3B, 0xF9, 0x24, 0x3F, 0x10,
    0x03, 0x4C, 0x4E, 0xF5, 0xAD, 0xA8, 0x05, 0x30, 0x03, 0x4C, 0x4E, 0xF5, 0xA5, 0x33, 0x0D, 0xD5,
    0x03, 0x30, 0x0B, 0xAD, 0x04, 0x01, 0xD0, 0x06, 0x20, 0x05, 0xBC, 0x20, 0x19, 0xBC, 0xA5, 0x49,
    0xAE, 0x61, 0x06, 0x10, 0x13, 0xE0, 0x83, 0xD0, 0x06, 0x29, 0xEF, 0x85, 0x49, 0xB0, 0x09, 0x29,
    0x2C, 0x09, 0x01, 0x85, 0x49, 0x20, 0xA5, 0xA9, 0xAD, 0x0B, 0x05, 0x29, 0x7F, 0xF0, 0x1F, 0xCE,
    0x0B, 0x05, 0xA9, 0x00, 0x2C, 0x80, 0x05, 0x30, 0x03, 0x20, 0xA4, 0xA2, 0x29, 0x07, 0x2C, 0x0B,
    0x05, 0x30, 0x02, 0x29, 0x03, 0x24, 0x50, 0x30, 0x05, 0x49, 0xFF, 0x18, 0x69, 0x01, 0x85, 0x01,
    0x49, 0xFF, 0x18, 0x69, 0x01, 0x85, 0xC3, 0xA5, 0x8B, 0x2C, 0x80, 0x05, 0x10, 0x02, 0xA9, 0x0F,
    0xAE, 0x10, 0x05, 0x10, 0x1A, 0x2C, 0x61, 0x06, 0x30, 0x05, 0xA9, 0x90, 0x8D, 0x0B, 0x05, 0xEE,
    0x10, 0x05, 0xAD, 0x61, 0x06, 0xC9, 0x83, 0xF0, 0x04, 0x38, 0x20, 0xCD, 0xAF, 0xA9, 0x30, 0x8D,
    0x10, 0x03, 0xAC, 0x80, 0x05, 0x10, 0x03, 0x4C, 0x66, 0xE9, 0xA5, 0x10, 0x29, 0x10, 0xF0, 0xF7,
    0x24, 0x33, 0x30, 0x17, 0xAD, 0x78, 0x06, 0xD0, 0x12, 0xAD, 0x17, 0x03, 0xAC, 0x15, 0x03, 0x8D,
    0x15, 0x03, 0xAD, 0x16, 0x03, 0x8C, 0x16, 0x03, 0x8D, 0x17, 0x03, 0xAD, 0x78, 0x06, 0x0D, 0x61,
    0x06, 0xD0, 0x21, 0xAD, 0x4F, 0x06, 0xF0, 0x1C, 0xC9, 0x01, 0xD0, 0x08, 0x20, 0xB1, 0x90, 0x84,
    0x8B, 0x4C, 0x51, 0xE2, 0xA9, 0x30, 0x8D, 0x0D, 0x03, 0x8D, 0x0E, 0x03, 0x8D, 0x0F, 0x03, 0x85,
    0x8B, 0x8D, 0x1E, 0x03, 0x24, 0x33, 0x10, 0x03, 0x4C, 0xE1, 0xE2, 0xA9, 0x00, 0x8D, 0x51, 0x06,
    0xA2, 0x07, 0xBD, 0x41, 0x06, 0x10, 0x77, 0xBD, 0x11, 0x06, 0x0A, 0x26, 0xA3, 0x0A, 0x26, 0xA3,
    0x0A, 0x26, 0xA3, 0x38, 0x7D, 0x39, 0x06, 0x9D, 0x39, 0x06, 0xA5, 0xA3, 0x29, 0x07, 0x69, 0x00,
    0xF0, 0x5C, 0xA8, 0xBD, 0x19, 0x06, 0x0A, 0xB0, 0x0D, 0x7D, 0x29, 0x06, 0x9D, 0x29, 0x06, 0x90,
    0x11, 0xFE, 0x01, 0x06, 0xB0, 0x0C, 0x18, 0x7D, 0x29, 0x06, 0x9D, 0x29, 0x06, 0x90, 0x03, 0xDE,
    0x01, 0x06, 0xBD, 0x21, 0x06, 0x0A, 0xB0, 0x0D, 0x7D, 0x31, 0x06, 0x9D, 0x31, 0x06, 0x90, 0x11,
    0xFE, 0x09, 0x06, 0xB0, 0x0C, 0x18, 0x7D, 0x31, 0x06, 0x9D, 0x31, 0x06, 0x90, 0x03, 0xDE, 0x09,
    0x06, 0xBD, 0x11, 0x06, 0x38, 0xE9, 0x02, 0xC9, 0x30, 0xB0, 0x0D, 0x8A, 0x69, 0x01, 0x8D, 0x51,
    0x06, 0xA9, 0x00, 0x9D, 0x41, 0x06, 0xA9, 0x04, 0x9D, 0x11, 0x06, 0x88, 0xD0, 0xA5, 0xCA, 0x10,
    0x81, 0x24, 0x33, 0x30, 0x08, 0xA2, 0x00, 0xA5, 0x50, 0x29, 0x10, 0xD0, 0x07, 0xA5, 0xA2, 0x0A,
    0x18, 0x65, 0xA2, 0xAA, 0xBD, 0x35, 0x92, 0x8D, 0x3D, 0x07, 0xBD, 0x36, 0x92, 0x8D, 0x41, 0x07,
    0xBD, 0x37, 0x92, 0x8D, 0x45, 0x07, 0xA9, 0x30, 0x18, 0x65, 0xC3, 0x8D, 0x3F, 0x07, 0x69, 0x08,
    0x8D, 0x43, 0x07, 0x69, 0x08, 0x8D, 0x47, 0x07, 0xA6, 0x8E, 0x2C, 0x66, 0x06, 0x10, 0x02, 0xA2,
    0x0D, 0xBD, 0x7E, 0x92, 0x8D, 0x06, 0x07, 0x8D, 0x0A, 0x07, 0xBD, 0x8C, 0x92, 0x8D, 0x05, 0x07,
    0x8D, 0x09, 0x07, 0xBD, 0x9A, 0x92, 0x18, 0x65, 0xC3, 0x8D, 0x07, 0x07, 0xBD, 0xB6, 0x92, 0x8D,
    0x04, 0x07, 0xBD, 0xA8, 0x92, 0x18, 0x65, 0xC3, 0x8D, 0x0B, 0x07, 0xBD, 0xC4, 0x92, 0x8D, 0x08,
    0x07, 0xAD, 0x63, 0x06, 0x4A, 0x4A, 0xC9, 0x30, 0xB0, 0x04, 0x4A, 0x18, 0x69, 0x18, 0x85, 0xA3,
    0xA9, 0xD2, 0x38, 0xE5, 0xA3, 0x8D, 0x38, 0x07, 0xC9, 0xB2, 0xA9, 0x1F, 0xB0, 0x02, 0xA9, 0x1E,
    0x8D, 0x39, 0x07, 0xA9, 0x16, 0x18, 0x65, 0xC3, 0x8D, 0x3B, 0x07, 0xA5, 0x50, 0x29, 0x01, 0x85,
    0xA3, 0xA9, 0x00, 0x24, 0x33, 0x30, 0x04, 0xA5, 0x50, 0x29, 0x08, 0x85, 0xA4, 0xA5, 0xA1, 0x2C,
    0x00, 0x06, 0x10, 0x0B, 0xC9, 0x02, 0xD0, 0x04, 0xA6, 0xA4, 0xF0, 0x03, 0x18, 0x69, 0x05, 0xA8,
    0xB9, 0x21, 0xF5, 0x18, 0x65, 0xA3, 0xAA, 0xBD, 0x22, 0x9D, 0x8D, 0x0E, 0x07, 0xBD, 0x2C, 0x9D,
    0x18, 0x69, 0x6E, 0x65, 0xC3, 0x8D, 0x0F, 0x07, 0xBD, 0x36, 0x9D, 0x18, 0x6D, 0xFF, 0x05, 0x8D,
    0x0C, 0x07, 0xBD, 0x40, 0x9D, 0x8D, 0x0D, 0x07, 0xBD, 0x4A, 0x9D, 0x8D, 0x12, 0x07, 0xBD, 0x54,
    0x9D, 0x18, 0x69, 0x6E, 0x65, 0xC3, 0x8D, 0x13, 0x07, 0xBD, 0x5E, 0x9D, 0x18, 0x6D, 0xFF, 0x05,
    0x8D, 0x10, 0x07, 0xBD, 0x40, 0x9D, 0x8D, 0x11, 0x07, 0xA6, 0xA1, 0x18, 0xA5, 0x50, 0x29, 0x10,
    0xF0, 0x05, 0xBD, 0x43, 0x05, 0xC9, 0x01, 0xA9, 0x90, 0x90, 0x04, 0xA9, 0x00, 0xF0, 0x03, 0x18,
    0x65, 0xC3, 0x8D, 0x37, 0x07, 0xBD, 0xE7, 0xA2, 0x90, 0x02, 0xA9, 0xF0, 0x8D, 0x34, 0x07, 0xA0,
    0x1D, 0xBD, 0x43, 0x05, 0xD0, 0x07, 0xBD, 0x3E, 0x05, 0xF0, 0x02, 0xA0, 0x1C, 0x98, 0x8D, 0x35,
    0x07, 0xA9, 0x02, 0x8D, 0x36, 0x07, 0x24, 0x33, 0x30, 0x41, 0xA4, 0x8E, 0xD0, 0x40, 0xA5, 0x50,
    0x29, 0x03, 0xD0, 0x37, 0xA5, 0x49, 0x29, 0x03, 0xF0, 0x31, 0x4A, 0xA9, 0xFF, 0xA0, 0x01, 0x90,
    0x03, 0x98, 0xA0, 0xFF, 0x18, 0x6D, 0xFC, 0x05, 0xC9, 0x03, 0xD0, 0x02, 0xA9, 0x00, 0xC9, 0xFF,
    0xD0, 0x02, 0xA9, 0x02, 0x8D, 0xFC, 0x05, 0x98, 0x18, 0x6D, 0xFD, 0x05, 0xC9, 0x03, 0xD0, 0x02,
    0xA9, 0x00, 0xC9, 0xFF, 0xD0, 0x02, 0xA9, 0x02, 0x8D, 0xFD, 0x05, 0x4C, 0xB1, 0xE4, 0x98, 0x0A,
    0x0A, 0x0A, 0x18, 0x6D, 0x53, 0x06, 0x8D, 0x53, 0x06, 0x90, 0x36, 0xAD, 0xFC, 0x05, 0x2C, 0x66,
    0x06, 0x10, 0x07, 0x38, 0xE9, 0x01, 0xB0, 0x0B, 0xA9, 0x01, 0x18, 0x69, 0x01, 0xC9, 0x03, 0x90,
    0x02, 0xA9, 0x00, 0x8D, 0xFC, 0x05, 0xAD, 0xFD, 0x05, 0x2C, 0x66, 0x06, 0x10, 0x07, 0x38, 0xE9,
    0x01, 0xB0, 0x0B, 0xA9, 0x01, 0x18, 0x69, 0x01, 0xC9, 0x03, 0x90, 0x02, 0xA9, 0x00, 0x8D, 0xFD,
    0x05, 0xA2, 0x01, 0xBD, 0xFC, 0x05, 0xF0, 0x08, 0xC9, 0x02, 0xA9, 0x06, 0x90, 0x02, 0xA9, 0x0C,
    0x18, 0x7D, 0x7A, 0x92, 0x85, 0xA3, 0xBD, 0x7C, 0x92, 0x69, 0x00, 0x85, 0xA4, 0xA0, 0x05, 0xB1,
    0xA3, 0xE0, 0x00, 0xF0, 0x05, 0x99, 0x54, 0x06, 0xD0, 0x03, 0x99, 0x5A, 0x06, 0x88, 0x10, 0xEF,
    0xCA, 0x10, 0xD0, 0x20, 0x65, 0x8B, 0xAD, 0x03, 0x07, 0xCD, 0x9F, 0x9C, 0xD0, 0x38, 0xAD, 0x00,
    0x07, 0xCD, 0x9C, 0x9C, 0xD0, 0x30, 0xAE, 0xFB, 0x05, 0xA0, 0x00, 0xA5, 0xC4, 0x2C, 0x02, 0x20,
    0x50, 0xFB, 0x8E, 0x05, 0x20, 0x8C, 0x05, 0x20, 0x20, 0x36, 0xBD, 0xA2, 0x04, 0xA0, 0x80, 0xEA,
    0x88, 0xD0, 0xFC, 0xCA, 0xD0, 0xF9, 0xA5, 0x01, 0x8D, 0x05, 0x20, 0xA9, 0x00, 0x8D, 0x05, 0x20,
    0xA0, 0x80, 0xEA, 0x88, 0xD0, 0xFC, 0xA9, 0x00, 0x20, 0x36, 0xBD, 0x2C, 0x80, 0x05, 0x10, 0x03,
    0x4C, 0x66, 0xE9, 0x24, 0x33, 0x10, 0x06, 0xA5, 0x49, 0x29, 0xC0, 0x85, 0x49, 0xAD, 0x61, 0x06,
    0xC9, 0x83, 0xD0, 0x06, 0x20, 0x15, 0xB6, 0x4C, 0xE9, 0xE6, 0xA5, 0xA1, 0xC9, 0x04, 0xF0, 0x03,
    0x4C, 0xF7, 0xE5, 0xAD, 0x51, 0x06, 0xF0, 0x4E, 0xA4, 0x8A, 0xD0, 0x4D, 0xAC, 0x86, 0x06, 0xD0,
    0x45, 0x38, 0xE9, 0x01, 0xAA, 0xA0, 0x09, 0xB9, 0xFE, 0x03, 0xC9, 0x18, 0xD0, 0x35, 0xBD, 0x09,
    0x06, 0xF9, 0xE0, 0x03, 0xB0, 0x04, 0x49, 0xFF, 0x69, 0x01, 0xC9, 0x06, 0xB0, 0x25, 0xBD, 0x01,
    0x06, 0x38, 0xF9, 0xD6, 0x03, 0xB0, 0x04, 0x49, 0xFF, 0x69, 0x01, 0xC9, 0x04, 0xB0, 0x14, 0x98,
    0x09, 0x80, 0x8D, 0x86, 0x06, 0xA9, 0x03, 0x99, 0xFE, 0x03, 0x20, 0x69, 0xA1, 0x38, 0x20, 0xD4,
    0xAF, 0xA0, 0xFF, 0x88, 0x10, 0xC1, 0x4C, 0xE9, 0xE6, 0x88, 0xB9, 0x30, 0x04, 0xD0, 0xF7, 0xB9,
    0xE8, 0x04, 0xF0, 0xF2, 0xA9, 0xFF, 0x99, 0x1C, 0x04, 0x20, 0x69, 0xA1, 0xB9, 0x82, 0x04, 0x38,
    0xE9, 0x01, 0x99, 0x82, 0x04, 0x30, 0x10, 0xA2, 0x01, 0xBD, 0x00, 0x01, 0xC9, 0x85, 0xF0, 0x04,
    0x38, 0x20, 0xA3, 0xAF, 0x4C, 0xF4, 0xE5, 0xC0, 0x08, 0xD0, 0x06, 0x20, 0x42, 0xF2, 0x4C, 0xF4,
    0xE5, 0xA9, 0xFF, 0x99, 0x30, 0x04, 0xA9, 0x00, 0x99, 0x78, 0x04, 0x99, 0x1C, 0x04, 0xB9, 0x6E,
    0x04, 0x20, 0x3A, 0xA1, 0x4C, 0xE9, 0xE6, 0xA0, 0x16, 0xA5, 0x50, 0x4A, 0x90, 0x02, 0xA0, 0x14,
    0xB9, 0x38, 0x05, 0xF0, 0x72, 0xB9, 0x5E, 0x04, 0xC9, 0x07, 0xF0, 0x6B, 0x84, 0xA7, 0xA2, 0x16,
    0x86, 0xA5, 0xBD, 0xD4, 0x04, 0x10, 0x56, 0xA4, 0xA7, 0xB9, 0x62, 0x00, 0x85, 0xBE, 0xB5, 0x5E,
    0x38, 0x20, 0x1D, 0xA2, 0x85, 0xA3, 0xB9, 0x63, 0x00, 0x85, 0xBE, 0xB5, 0x5F, 0x20, 0x1D, 0xA2,
    0x85, 0xA4, 0xB0, 0x15, 0xA5, 0xA3, 0x85, 0xBE, 0xA9, 0x99, 0x38, 0x20, 0x1D, 0xA2, 0x85, 0xA3,
    0xA5, 0xA4, 0x85, 0xBE, 0xA9, 0x99, 0x20, 0x1D, 0xA2, 0xC9, 0x40, 0x90, 0x16, 0x85, 0xA4, 0xA5,
    0xA3, 0x85, 0xBE, 0xA9, 0x00, 0x20, 0x1D, 0xA2, 0x85, 0xA3, 0xA5, 0xA4, 0x85, 0xBE, 0xA9, 0x80,
    0x20, 0x1D, 0xA2, 0xC9, 0x01, 0xB0, 0x06, 0xA5, 0xA3, 0xC9, 0x15, 0x90, 0x0D, 0xA6, 0xA5, 0xCA,
    0xCA, 0x86, 0xA5, 0xE0, 0x14, 0xB0, 0x9B, 0x4C, 0xE9, 0xE6, 0x98, 0x38, 0xE9, 0x0A, 0xA8, 0x8A,
    0x38, 0xE9, 0x0A, 0xAA, 0xB0, 0x93, 0xA6, 0xA5, 0xBD, 0x1C, 0x04, 0xD0, 0x5C, 0xA9, 0xFA, 0x9D,
    0x08, 0x04, 0x8D, 0x51, 0x06, 0x8D, 0x96, 0x06, 0xA4, 0xA7, 0xA9, 0x40, 0x99, 0x59, 0x00, 0xB9,
    0x5E, 0x04, 0xC9, 0x04, 0x08, 0xA9, 0x00, 0x99, 0x38, 0x05, 0x99, 0xD8, 0x04, 0xA9, 0x05, 0x99,
    0x5E, 0x04, 0x20, 0x73, 0xA1, 0xBD, 0x6E, 0x04, 0x28, 0xD0, 0x02, 0xE9, 0x64, 0x38, 0xE9, 0x14,
    0x9D, 0x6E, 0x04, 0x30, 0x07, 0x38, 0x20, 0xB1, 0xAF, 0x4C, 0xE9, 0xE6, 0xE0, 0x1C, 0xD0, 0x06,
    0x20, 0x42, 0xF2, 0x4C, 0xE9, 0xE6, 0xA9, 0xFF, 0x9D, 0x1C, 0x04, 0xA9, 0x00, 0x9D, 0x64, 0x04,
    0x9D, 0x08, 0x04, 0xBD, 0x5A, 0x04, 0x20, 0x3A, 0xA1, 0xAD, 0x4C, 0x05, 0xF0, 0x03, 0xCE, 0x4C,
    0x05, 0xAD, 0x4E, 0x05, 0xF0, 0x03, 0xCE, 0x4E, 0x05, 0x24, 0x33, 0x30, 0x25, 0xA5, 0x50, 0x29,
    0x0F, 0xD0, 0x10, 0xA2, 0x04, 0xBD, 0x43, 0x05, 0xF0, 0x06, 0x38, 0xE9, 0x01, 0x9D, 0x43, 0x05,
    0xCA, 0x10, 0xF2, 0xA5, 0x49, 0x0A, 0x30, 0x0A, 0xB0, 0x0B, 0x4E, 0x4B, 0x05, 0xA9, 0x00, 0x8D,
    0x48, 0x05, 0x4C, 0x66, 0xE9, 0xA6, 0xA1, 0xE0, 0x04, 0xF0, 0x08, 0xA9, 0x00, 0x8D, 0x48, 0x05,
    0x4C, 0xF1, 0xE7, 0xBD, 0x43, 0x05, 0xD0, 0xEA, 0xA5, 0x50, 0x29, 0x03, 0xD0, 0xE4, 0xAD, 0x42,
    0x05, 0xF0, 0xDF, 0xEE, 0x69, 0x06, 0xAD, 0x69, 0x06, 0x29, 0x03, 0xD0, 0x17, 0xCE, 0x42, 0x05,
    0xEE, 0x48, 0x05, 0xAD, 0x48, 0x05, 0xC9, 0x0A, 0x90, 0x0A, 0xA9, 0x0A, 0x8D, 0x47, 0x05, 0xA9,
    0x00, 0x8D, 0x48, 0x05, 0xA2, 0x07, 0xBD, 0x41, 0x06, 0xF0, 0x05, 0xCA, 0x10, 0xF8, 0x30, 0xB2,
    0x8A, 0x4A, 0xAD, 0x49, 0x06, 0x90, 0x07, 0x9D, 0x19, 0x06, 0xA9, 0x5D, 0xB0, 0x07, 0x09, 0x80,
    0x9D, 0x19, 0x06, 0xA9, 0x9D, 0x9D, 0x01, 0x06, 0xA9, 0x73, 0x9D, 0x09, 0x06, 0xA9, 0xFE, 0x38,
    0xED, 0x49, 0x06, 0x9D, 0x21, 0x06, 0xA9, 0x00, 0x9D, 0x29, 0x06, 0x9D, 0x31, 0x06, 0x9D, 0x39,
    0x06, 0xAD, 0x49, 0x06, 0x38, 0xE9, 0x38, 0xB0, 0x04, 0x49, 0xFF, 0x69, 0x01, 0x85, 0xA3, 0x0A,
    0x18, 0x65, 0xA3, 0x48, 0xAD, 0x49, 0x06, 0xC9, 0x38, 0x68, 0x90, 0x04, 0x49, 0xFF, 0x69, 0x01,
    0x18, 0x69, 0xC8, 0x9D, 0x11, 0x06, 0xA9, 0xFF, 0x9D, 0x41, 0x06, 0xAD, 0x30, 0x04, 0x0D, 0x32,
    0x04, 0xD0, 0x1B, 0xA2, 0x03, 0xBD, 0x00, 0x01, 0x10, 0x10, 0xC9, 0x87, 0xF0, 0x0C, 0xC9, 0x86,
    0xF0, 0x08, 0xC9, 0x8A, 0xF0, 0x04, 0xC9, 0x80, 0xD0, 0x04, 0x18, 0x20, 0x95, 0xAF, 0x4C, 0x66,
    0xE9, 0x2C, 0x4B, 0x05, 0x30, 0xF8, 0x38, 0x6E, 0x4B, 0x05, 0xBD, 0x43, 0x05, 0xD0, 0xEF, 0xBD,
    0x49, 0xF5, 0x9D, 0x43, 0x05, 0xAD, 0x4A, 0x05, 0x49, 0x02, 0xA8, 0xE0, 0x02, 0x90, 0x07, 0xA0,
    0x02, 0x8C, 0x4A, 0x05, 0xA0, 0x00, 0xB9, 0x4C, 0x05, 0xD0, 0xD3, 0xBD, 0x3E, 0x05, 0xF0, 0xCE,
    0xDE, 0x3E, 0x05, 0x84, 0xA4, 0xA9, 0x00, 0x99, 0xC4, 0x04, 0x99, 0xCE, 0x04, 0x99, 0xD8, 0x04,
    0xA9, 0x05, 0xE0, 0x02, 0xD0, 0x02, 0xA9, 0x04, 0xE0, 0x03, 0xD0, 0x02, 0xA9, 0x07, 0x99, 0x72,
    0x04, 0xA9, 0xFF, 0x99, 0xEC, 0x04, 0x8D, 0x96, 0x06, 0x86, 0xA9, 0xE0, 0x03, 0xF0, 0x04, 0x38,
    0x20, 0xAA, 0xAF, 0xA6, 0xA9, 0xA4, 0xA4, 0xAD, 0xFE, 0x05, 0x18, 0x69, 0x14, 0xE0, 0x02, 0xD0,
    0x02, 0xA9, 0x03, 0xE0, 0x03, 0xD0, 0x02, 0xA9, 0x86, 0x99, 0xE2, 0x04, 0xA9, 0x64, 0xE0, 0x02,
    0xA2, 0x0C, 0x90, 0x0F, 0xA2, 0xFF, 0xA5, 0x8A, 0xF0, 0x02, 0xAA, 0xCA, 0xA9, 0xFF, 0x8E, 0x49,
    0x05, 0xA2, 0x09, 0x99, 0x4C, 0x05, 0x8A, 0x99, 0xAA, 0x04, 0xAD, 0x4A, 0x05, 0x49, 0x02, 0x8D,
    0x4A, 0x05, 0xA5, 0x97, 0x0A, 0x08, 0x4A, 0x4A, 0xAA, 0xBD, 0xCB, 0x97, 0x85, 0xA3, 0x85, 0xBE,
    0x85, 0xBE, 0x28, 0xA5, 0x52, 0xB0, 0x1E, 0x20, 0x33, 0xA2, 0x99, 0x62, 0x00, 0xA9, 0x00, 0x85,
    0xBE, 0xA5, 0x53, 0x20, 0x33, 0xA2, 0xC9, 0x80, 0x90, 0x25, 0x48, 0xA9, 0x80, 0x85, 0xBE, 0x68,
    0x20, 0x1D, 0xA2, 0xB0, 0x1A, 0x20, 0x1D, 0xA2, 0x99, 0x62, 0x00, 0xA9, 0x00, 0x85, 0xBE, 0xA5,
    0x53, 0x20, 0x1D, 0xA2, 0xB0, 0x09, 0x48, 0xA9, 0x80, 0x85, 0xBE, 0x68, 0x20, 0x33, 0xA2, 0x99,
    0x63, 0x00, 0xA5, 0x99, 0x0A, 0x08, 0x4A, 0x4A, 0xAA, 0xBD, 0xCB, 0x97, 0x85, 0xA3, 0x85, 0xBE,
    0x85, 0xBE, 0x28, 0xA5, 0x56, 0xB0, 0x1E, 0x20, 0x33, 0xA2, 0x99, 0x76, 0x00, 0xA9, 0x00, 0x85,
    0xBE, 0xA5, 0x57, 0x20, 0x33, 0xA2, 0xC9, 0x80, 0x90, 0x25, 0x48, 0xA9, 0x80, 0x85, 0xBE, 0x68,
    0x20, 0x1D, 0xA2, 0xB0, 0x1A, 0x20, 0x1D, 0xA2, 0x99, 0x76, 0x00, 0xA9, 0x00, 0x85, 0xBE, 0xA5,
    0x57, 0x20, 0x1D, 0xA2, 0xB0, 0x09, 0x48, 0xA9, 0x80, 0x85, 0xBE, 0x68, 0x20, 0x33, 0xA2, 0x99,
    0x77, 0x00, 0xA9, 0x05, 0x99, 0x6D, 0x00, 0xA9, 0x56, 0xA6, 0xA1, 0xE0, 0x03, 0xF0, 0x0C, 0xA9,
    0x03, 0x8D, 0x4F, 0x06, 0xA9, 0x10, 0x8D, 0x0B, 0x05, 0xA9, 0x00, 0x99, 0x6C, 0x00, 0x98, 0x4A,
    0xA8, 0xA9, 0x00, 0x99, 0x5F, 0x05, 0x99, 0x64, 0x05, 0x98, 0x0A, 0xA8, 0xA5, 0x9D, 0x99, 0x62,
    0x04, 0xA5, 0x9E, 0x99, 0x63, 0x04, 0xAD, 0xAE, 0x05, 0xF0, 0x0B, 0xA5, 0x50, 0x4A, 0x90, 0x03,
    0xCE, 0xAE, 0x05, 0x4C, 0xF7, 0xE9, 0xAD, 0x4F, 0x05, 0xF0, 0x58, 0xA0, 0x14, 0xA2, 0x04, 0xB5,
    0x52, 0x85, 0xBE, 0xB9, 0x66, 0x00, 0x38, 0x20, 0x1D, 0xA2, 0x85, 0xA3, 0xB5, 0x53, 0x85, 0xBE,
    0xB9, 0x67, 0x00, 0x20, 0x1D, 0xA2, 0x85, 0xA4, 0xB0, 0x15, 0xA5, 0xA3, 0x85, 0xBE, 0xA9, 0x99,
    0x38, 0x20, 0x1D, 0xA2, 0x85, 0xA3, 0xA5, 0xA4, 0x85, 0xBE, 0xA9, 0x99, 0x20, 0x1D, 0xA2, 0xC9,
    0x40, 0x90, 0x16, 0x85, 0xA4, 0xA5, 0xA3, 0x85, 0xBE, 0xA9, 0x00, 0x20, 0x1D, 0xA2, 0x85, 0xA3,
    0xA5, 0xA4, 0x85, 0xBE, 0xA9, 0x80, 0x20, 0x1D, 0xA2, 0xC9, 0x01, 0xB0, 0x06, 0xA5, 0xA3, 0xC9,
    0x34, 0x90, 0x03, 0x4C, 0xF7, 0xE9, 0xCA, 0xCA, 0x98, 0x38, 0xE9, 0x0A, 0xA8, 0xB0, 0xA0, 0xA9,
    0x3C, 0x8D, 0xAE, 0x05, 0xA0, 0x08, 0xA9, 0x00, 0x8D, 0x4F, 0x05, 0xA9, 0x40, 0x99, 0x69, 0x00,
    0x38, 0x6E, 0x96, 0x06, 0x20, 0x8A, 0x90, 0x24, 0x33, 0x30, 0x0E, 0xA4, 0x8E, 0xF0, 0x0A, 0xB9,
    0x76, 0xD4, 0x18, 0x65, 0x8F, 0x85, 0x8F, 0xB0, 0x03, 0x4C, 0xAC, 0xEB, 0xAD, 0x80, 0x05, 0x2D,
    0x81, 0x06, 0x10, 0x16, 0x20, 0xA4, 0xA2, 0x29, 0x7F, 0xC9, 0x08, 0xB0, 0x0D, 0xAD, 0xAE, 0x05,
    0xD0, 0x08, 0xA9, 0x0F, 0x8D, 0xAE, 0x05, 0x20, 0x8A, 0x90, 0xA2, 0x09, 0x86, 0xA4, 0x2C, 0x66,
    0x06, 0x10, 0x03, 0x4C, 0xE2, 0xEA, 0xBD, 0x12, 0x04, 0xF0, 0x03, 0x4C, 0xCF, 0xEA, 0xBD, 0xE0,
    0x03, 0x38, 0xE9, 0x46, 0x0A, 0x26, 0xA3, 0x0A, 0x26, 0xA3, 0x38, 0x7D, 0x08, 0x04, 0x9D, 0x08,
    0x04, 0xA5, 0xA3, 0x29, 0x03, 0x69, 0x00, 0xD0, 0x03, 0x4C, 0xD9, 0xEA, 0xA8, 0xBD, 0xD6, 0x03,
    0x8D, 0xF4, 0x04, 0xBD, 0xEA, 0x03, 0x0A, 0xB0, 0x0A, 0x7D, 0x8A, 0x05, 0x90, 0x0E, 0xFE, 0xD6,
    0x03, 0xB0, 0x09, 0x18, 0x7D, 0x8A, 0x05, 0x90, 0x03, 0xDE, 0xD6, 0x03, 0x9D, 0x8A, 0x05, 0xBD,
    0xF4, 0x03, 0x0A, 0xB0, 0x0A, 0x7D, 0x94, 0x05, 0x90, 0x0E, 0xFE, 0xE0, 0x03, 0xB0, 0x09, 0x18,
    0x7D, 0x94, 0x05, 0x90, 0x03, 0xDE, 0xE0, 0x03, 0x9D, 0x94, 0x05, 0x88, 0xD0, 0xC5, 0xAD, 0xF4,
    0x04, 0x38, 0xFD, 0xD6, 0x03, 0xB0, 0x04, 0x49, 0xFF, 0x69, 0x01, 0xC9, 0xC8, 0xA0, 0x00, 0x90,
    0x01, 0x88, 0xBD, 0xE0, 0x03, 0xC9, 0x78, 0x90, 0x10, 0xBD, 0xFE, 0x03, 0xC9, 0x18, 0xD0, 0x07,
    0x86, 0xA9, 0x20, 0x8A, 0x90, 0xA6, 0xA9, 0xA0, 0xFF, 0x98, 0x9D, 0x12, 0x04, 0x10, 0x0A, 0x24,
    0xA4, 0x30, 0x06, 0x38, 0x66, 0xA4, 0x20, 0x30, 0xA3, 0xCA, 0x30, 0x03, 0x4C, 0x36, 0xEA, 0x4C,
    0x70, 0xEB, 0xBD, 0x12, 0x04, 0xF0, 0x03, 0x4C, 0x60, 0xEB, 0xBD, 0xE0, 0x03, 0x38, 0xE9, 0x46,
    0x0A, 0x26, 0xA3, 0x0A, 0x26, 0xA3, 0x38, 0x7D, 0x08, 0x04, 0x9D, 0x08, 0x04, 0xA5, 0xA3, 0x29,
    0x03, 0x69, 0x00, 0xF0, 0x65, 0xA8, 0xBD, 0xEA, 0x03, 0x0A, 0xB0, 0x0A, 0x7D, 0x8A, 0x05, 0x90,
    0x0E, 0xFE, 0xD6, 0x03, 0xB0, 0x09, 0x18, 0x7D, 0x8A, 0x05, 0x90, 0x03, 0xDE, 0xD6, 0x03, 0x9D,
    0x8A, 0x05, 0xBD, 0xF4, 0x03, 0x0A, 0xB0, 0x0A, 0x7D, 0x94, 0x05, 0x90, 0x0E, 0xFE, 0xE0, 0x03,
    0xB0, 0x09, 0x18, 0x7D, 0x94, 0x05, 0x90, 0x03, 0xDE, 0xE0, 0x03, 0x9D, 0x94, 0x05, 0x88, 0xD0,
    0xC5, 0xBD, 0xE0, 0x03, 0xC9, 0x4F, 0xB0, 0x22, 0x2C, 0x81, 0x06, 0x10, 0x0E, 0x20, 0xA4, 0xA2,
    0xC9, 0x30, 0xB0, 0x07, 0x86, 0xA9, 0x20, 0x8A, 0x90, 0xA6, 0xA9, 0xA9, 0xFF, 0x9D, 0x12, 0x04,
    0x24, 0xA4, 0x30, 0x06, 0x38, 0x66, 0xA4, 0x20, 0x00, 0xA3, 0xCA, 0x30, 0x03, 0x4C, 0xE2, 0xEA,
    0xA5, 0x8E, 0xD0, 0x03, 0x4C, 0xAC, 0xEB, 0xA2, 0x01, 0x8E, 0x7E, 0x05, 0xA2, 0x02, 0xA0, 0x04,
    0xA5, 0x99, 0x85, 0xA9, 0x2C, 0x66, 0x06, 0x10, 0x04, 0x49, 0x80, 0x85, 0x99, 0x20, 0x87, 0xA1,
    0xA5, 0xA9, 0x85, 0x99, 0xA2, 0x00, 0xA0, 0x00, 0xA5, 0x97, 0x85, 0xA9, 0x2C, 0x66, 0x06, 0x10,
    0x04, 0x49, 0x80, 0x85, 0x97, 0x20, 0x87, 0xA1, 0xA5, 0xA9, 0x85, 0x97, 0xA9, 0x00, 0x8D, 0x7E,
    0x05, 0xA5, 0x50, 0x29, 0x01, 0xA8, 0x98, 0x0A, 0xAA, 0xBD, 0xE8, 0x04, 0x3D, 0x9C, 0x04, 0x30,
    0x03, 0x4C, 0x3F, 0xEC, 0xBD, 0x53, 0x04, 0x30, 0x11, 0xA9, 0x7F, 0x38, 0xFD, 0x52, 0x04, 0x85,
    0xA3, 0xA9, 0x02, 0xFD, 0x53, 0x04, 0x90, 0xE9, 0xB0, 0x0F, 0xBD, 0x52, 0x04, 0x18, 0x69, 0x80,
    0x85, 0xA3, 0xBD, 0x53, 0x04, 0x29, 0x7F, 0x69, 0x02, 0x4A, 0x66, 0xA3, 0x4A, 0x66, 0xA3, 0x4A,
    0xA5, 0xA3, 0x6A, 0x4A, 0x4A, 0xC9, 0x28, 0xB0, 0xC8, 0x69, 0x92, 0x99, 0x09, 0x05, 0xBD, 0x3B,
    0x04, 0x10, 0x17, 0xA9, 0x7F, 0x38, 0xFD, 0x3A, 0x04, 0x85, 0xA3, 0xBD, 0x3B, 0x04, 0x29, 0x7F,
    0x85, 0xA4, 0xA9, 0x02, 0xE5, 0xA4, 0x90, 0x27, 0xB0, 0x0D, 0xBD, 0x3A, 0x04, 0x18, 0x69, 0x80,
    0x85, 0xA3, 0xBD, 0x3B, 0x04, 0x69, 0x02, 0x4A, 0x66, 0xA3, 0x4A, 0x66, 0xA3, 0x4A, 0xA5, 0xA3,
    0x6A, 0x4A, 0x4A, 0xC9, 0x28, 0xB0, 0x08, 0x69, 0x5D, 0x99, 0x07, 0x05, 0x4C, 0x49, 0xEC, 0xA9,
    0x00, 0x99, 0x07, 0x05, 0xA9, 0xF8, 0x99, 0x09, 0x05, 0xA2, 0x08, 0x86, 0xA9, 0xA6, 0xA9, 0xBD,
    0xE8, 0x04, 0x3D, 0x9C, 0x04, 0x30, 0x03, 0x4C, 0x63, 0xEE, 0xBC, 0xA6, 0x04, 0xF0, 0xF8, 0xB9,
    0x76, 0xD4, 0x18, 0x7D, 0xB6, 0x04, 0x9D, 0xB6, 0x04, 0x90, 0xEC, 0xA6, 0xA9, 0xBD, 0xB3, 0x04,
    0x0A, 0xA9, 0x00, 0x90, 0x06, 0xE0, 0x04, 0xB0, 0x02, 0xA9, 0x80, 0x85, 0xA4, 0xBD, 0x5E, 0x04,
    0x85, 0xA3, 0xBD, 0x5F, 0x04, 0x4A, 0x66, 0xA3, 0x4A, 0x66, 0xA3, 0x4A, 0x66, 0xA3, 0xA5, 0xA3,
    0x24, 0xA3, 0x50, 0x02, 0x49, 0x3F, 0x29, 0x3F, 0xA8, 0xBE, 0xE6, 0xD4, 0xBD, 0x8B, 0xD4, 0x85,
    0x9A, 0xA5, 0xA3, 0x2A, 0x2A, 0x2A, 0x29, 0x03, 0xAA, 0xBD, 0xDF, 0xA2, 0x05, 0x9A, 0x45, 0xA4,
    0x85, 0x9A, 0xA9, 0x5A, 0x38, 0xF9, 0xE6, 0xD4, 0xA8, 0xB9, 0x8B, 0xD4, 0x85, 0x9C, 0xA5, 0xA3,
    0x2A, 0x2A, 0x2A, 0x29, 0x03, 0xAA, 0xBD, 0xDC, 0xA2, 0x05, 0x9C, 0x45, 0xA4, 0x85, 0x9C, 0xA6,
    0xA9, 0xB5, 0x5E, 0x85, 0x58, 0xB5, 0x5F, 0x85, 0x59, 0xB5, 0x68, 0x85, 0x5A, 0xB5, 0x69, 0x85,
    0x5B, 0xB5, 0x72, 0x85, 0x5C, 0xB5, 0x73, 0x85, 0x5D, 0xBD, 0xC0, 0x04, 0x85, 0x94, 0xBD, 0xCA,
    0x04, 0x85, 0x95, 0xBD, 0xD4, 0x04, 0x85, 0x96, 0xBD, 0xDE, 0x04, 0x85, 0x9B, 0xBC, 0x6E, 0x04,
    0xB9, 0xBE, 0x98, 0x8D, 0x7E, 0x05, 0xA2, 0x05, 0xA0, 0x0A, 0x20, 0x87, 0xA1, 0xA2, 0x03, 0xA0,
    0x06, 0x20, 0x87, 0xA1, 0xA2, 0x04, 0xA0, 0x08, 0x20, 0x87, 0xA1, 0xA9, 0x00, 0x8D, 0x7E, 0x05,
    0xA6, 0xA9, 0xE0, 0x04, 0x90, 0x68, 0xBD, 0x6E, 0x04, 0xC9, 0x04, 0xF0, 0x5E, 0xA5, 0x5B, 0x29,
    0x0F, 0xC9, 0x05, 0xB0, 0x3E, 0xBD, 0x6E, 0x04, 0xC9, 0x07, 0xD0, 0x11, 0x2C, 0x78, 0x06, 0x30,
    0x2F, 0xA9, 0x00, 0x8D, 0xAA, 0x04, 0xA9, 0xFF, 0x8D, 0x78, 0x06, 0x30, 0x1B, 0xA9, 0x40, 0x85,
    0xBE, 0xA5, 0x5B, 0x18, 0x20, 0x33, 0xA2, 0x29, 0x7F, 0x85, 0x5B, 0xA9, 0x00, 0x85, 0x59, 0x85,
    0x58, 0x9D, 0xA6, 0x04, 0xE0, 0x08, 0xF0, 0x05, 0x9D, 0x48, 0x05, 0xD0, 0x03, 0x8D, 0x4F, 0x05,
    0x4C, 0x8B, 0xED, 0xD0, 0x04, 0xA5, 0x5A, 0xF0, 0x12, 0xA5, 0x9B, 0x30, 0x09, 0x38, 0xE9, 0x01,
    0xB0, 0x07, 0xA9, 0x81, 0xD0, 0x03, 0x18, 0x69, 0x01, 0x85, 0x9B, 0x4C, 0x18, 0xEE, 0xA5, 0x59,
    0x55, 0x5F, 0x29, 0xF0, 0xD0, 0x10, 0xA5, 0x5B, 0x55, 0x69, 0x29, 0xF0, 0xD0, 0x08, 0xA5, 0x5D,
    0x55, 0x73, 0x29, 0xF0, 0xF0, 0xE5, 0x8E, 0xF2, 0x04, 0xA6, 0x59, 0xA5, 0x5D, 0x20, 0xBC, 0x97,
    0xAE, 0xF2, 0x04, 0xB9, 0xB5, 0x05, 0x10, 0x03, 0x4C, 0x47, 0xEE, 0x29, 0x0F, 0xF0, 0x0C, 0xB9,
    0xB5, 0x05, 0x4A, 0x4A, 0x4A, 0x4A, 0xDD, 0x6E, 0x04, 0xD0, 0xED, 0xB9, 0xB5, 0x05, 0x29, 0x0F,
    0xC9, 0x0F, 0xB0, 0xE4, 0x69, 0x01, 0x29, 0x0F, 0x99, 0xB5, 0x05, 0xBD, 0x6E, 0x04, 0x0A, 0x0A,
    0x0A, 0x0A, 0x19, 0xB5, 0x05, 0x99, 0xB5, 0x05, 0xAE, 0xF2, 0x04, 0xB5, 0x73, 0x48, 0xB5, 0x5F,
    0xAA, 0x68, 0x20, 0xBC, 0x97, 0xB9, 0xB5, 0x05, 0x30, 0x1B, 0x29, 0x0F, 0xF0, 0x0F, 0xB9, 0xB5,
    0x05, 0x38, 0xE9, 0x01, 0x99, 0xB5, 0x05, 0x29, 0x0F, 0xC9, 0x0F, 0xD0, 0x05, 0xA9, 0x00, 0x99,
    0xB5, 0x05, 0xAE, 0xF2, 0x04, 0xAE, 0xF2, 0x04, 0xA5, 0x5A, 0x95, 0x68, 0xA5, 0x94, 0x9D, 0xC0,
    0x04, 0xA5, 0x95, 0x9D, 0xCA, 0x04, 0xA5, 0x96, 0x9D, 0xD4, 0x04, 0xA5, 0x9B, 0x9D, 0xDE, 0x04,
    0xA5, 0x59, 0x95, 0x5F, 0xA5, 0x5B, 0x95, 0x69, 0xA5, 0x5D, 0x95, 0x73, 0xA5, 0x5C, 0x95, 0x72,
    0xA5, 0x58, 0x95, 0x5E, 0x4C, 0x63, 0xEE, 0xAE, 0xF2, 0x04, 0xBD, 0x5F, 0x04, 0x18, 0x69, 0x02,
    0x29, 0x07, 0x9D, 0x5F, 0x04, 0x9D, 0x69, 0x04, 0xBD, 0x5F, 0x04, 0x9D, 0x69, 0x04, 0xA9, 0x80,
    0x9D, 0x99, 0x04, 0xC6, 0xA9, 0xC6, 0xA9, 0x30, 0x03, 0x4C, 0x4D, 0xEC, 0xA2, 0x00, 0xA0, 0x04,
    0xAD, 0x61, 0x06, 0x30, 0x0A, 0xA0, 0x06, 0xAD, 0x80, 0x05, 0x30, 0x03, 0xA0, 0x02, 0xE8, 0x86,
    0xA4, 0x84, 0xA5, 0xAD, 0x68, 0x06, 0x29, 0x03, 0xD0, 0x09, 0xA5, 0x49, 0x29, 0x03, 0xD0, 0x03,
    0x4C, 0x10, 0xEF, 0xC9, 0x02, 0xA9, 0x00, 0x8D, 0x68, 0x06, 0xB0, 0x2C, 0xA5, 0x50, 0x25, 0xA4,
    0xD0, 0x15, 0xEE, 0xFB, 0x05, 0xAD, 0x61, 0x06, 0xC9, 0x83, 0xD0, 0x0B, 0xAD, 0xFB, 0x05, 0xC9,
    0x80, 0xD0, 0x04, 0xA9, 0x7F, 0x10, 0x2A, 0x20, 0x34, 0x95, 0xA5, 0x9D, 0x18, 0x65, 0xA5, 0x85,
    0x9D, 0xA5, 0x9E, 0x69, 0x00, 0x4C, 0xF5, 0xEE, 0xA5, 0x50, 0x25, 0xA4, 0xD0, 0x19, 0xCE, 0xFB,
    0x05, 0xAD, 0x61, 0x06, 0xC9, 0x83, 0xD0, 0x0F, 0xAD, 0xFB, 0x05, 0xC9, 0x80, 0xD0, 0x08, 0xA9,
    0x81, 0x8D, 0xFB, 0x05, 0x4C, 0xF9, 0xEE, 0x20, 0x38, 0x95, 0xA5, 0x9D, 0x38, 0xE5, 0xA5, 0x85,
    0x9D, 0xA5, 0x9E, 0xE9, 0x00, 0x29, 0x07, 0x85, 0x9E, 0xAD, 0x61, 0x06, 0xC9, 0x83, 0xD0, 0x10,
    0xA5, 0x49, 0x29, 0x03, 0xA8, 0xAD, 0xFB, 0x05, 0x29, 0x07, 0xF0, 0x06, 0xC9, 0x07, 0xF0, 0x02,
    0xA0, 0x00, 0x8C, 0x68, 0x06, 0xA5, 0x9D, 0x85, 0xA3, 0xA5, 0x9E, 0x4A, 0x66, 0xA3, 0x4A, 0x66,
    0xA3, 0x4A, 0x66, 0xA3, 0xA5, 0xA3, 0x24, 0xA3, 0x50, 0x02, 0x49, 0x3F, 0x29, 0x3F, 0xA8, 0xBE,
    0xE6, 0xD4, 0xBD, 0x8B, 0xD4, 0x85, 0x97, 0xA5, 0xA3, 0x2A, 0x2A, 0x2A, 0x29, 0x03, 0xAA, 0xBD,
    0xDF, 0xA2, 0x05, 0x97, 0x85, 0x97, 0xA9, 0x5A, 0x38, 0xF9, 0xE6, 0xD4, 0xA8, 0xB9, 0x8B, 0xD4,
    0x85, 0x99, 0xA5, 0xA3, 0x2A, 0x2A, 0x2A, 0x29, 0x03, 0xAA, 0xBD, 0xDC, 0xA2, 0x05, 0x99, 0x85,
    0x99, 0xA5, 0x33, 0x10, 0x03, 0x4C, 0x74, 0xF0, 0xA2, 0x02, 0xA5, 0xA1, 0xC9, 0x02, 0xD0, 0x10,
    0xAD, 0x4C, 0x05, 0xF0, 0x0B, 0xC9, 0xC0, 0xB0, 0x07, 0xAD, 0x49, 0x05, 0x30, 0x02, 0xA2, 0x04,
    0xBD, 0xE8, 0x04, 0x10, 0x0C, 0xBD, 0x30, 0x04, 0xD0, 0x07, 0xBD, 0x6E, 0x04, 0xC9, 0x05, 0x90,
    0x03, 0x4C, 0x6D, 0xF0, 0xC9, 0x04, 0xD0, 0x18, 0xA0, 0x08, 0xAD, 0x51, 0x04, 0x30, 0x02, 0xA0,
    0x88, 0x8C, 0xE2, 0x04, 0xA2, 0x0A, 0x20, 0x0B, 0x98, 0x8C, 0x63, 0x04, 0xA2, 0x04, 0xD0, 0xE1,
    0xBD, 0x99, 0x04, 0xF0, 0x06, 0xDE, 0x99, 0x04, 0x4C, 0x6D, 0xF0, 0xBD, 0x6E, 0x04, 0x0A, 0xA8,
    0xB9, 0xD8, 0xA2, 0x85, 0xA3, 0xB9, 0xD9, 0xA2, 0x85, 0xA4, 0xBD, 0x96, 0x04, 0x0A, 0xA8, 0xB1,
    0xA3, 0x85, 0xA5, 0xC8, 0xB1, 0xA3, 0xD0, 0x07, 0xA9, 0x00, 0x9D, 0x96, 0x04, 0xF0, 0xEB, 0x85,
    0xA6, 0xA9, 0xEF, 0x48, 0xA9, 0xE9, 0x48, 0x6C, 0xA5, 0x00, 0xA5, 0x50, 0x29, 0x07, 0xD0, 0x13,
    0xBD, 0xA6, 0x04, 0xDD, 0xB0, 0x04, 0xF0, 0x0B, 0x90, 0x06, 0xDE, 0xA6, 0x04, 0x4C, 0x03, 0xF0,
    0xFE, 0xA6, 0x04, 0xAD, 0x78, 0x06, 0xF0, 0x05, 0xA9, 0x00, 0x9D, 0xA6, 0x04, 0xBD, 0x68, 0x04,
    0x29, 0xF8, 0x85, 0xA3, 0xBD, 0x5E, 0x04, 0x29, 0xF8, 0xC5, 0xA3, 0xD0, 0x08, 0xBD, 0x5F, 0x04,
    0xDD, 0x69, 0x04, 0xF0, 0x48, 0xBD, 0x69, 0x04, 0x38, 0xFD, 0x5F, 0x04, 0x90, 0x12, 0xD0, 0x0A,
    0xBD, 0x68, 0x04, 0xDD, 0x5E, 0x04, 0xB0, 0x22, 0x90, 0x0F, 0xC9, 0x04, 0x90, 0x1C, 0xB0, 0x09,
    0x49, 0xFF, 0x18, 0x69, 0x01, 0xC9, 0x04, 0xB0, 0x11, 0xBD, 0x5E, 0x04, 0x38, 0xE9, 0x08, 0x9D,
    0x5E, 0x04, 0xBD, 0x5F, 0x04, 0xE9, 0x00, 0x4C, 0x68, 0xF0, 0xBD, 0x5E, 0x04, 0x18, 0x69, 0x08,
    0x9D, 0x5E, 0x04, 0xBD, 0x5F, 0x04, 0x69, 0x00, 0x29, 0x07, 0x9D, 0x5F, 0x04, 0xCA, 0xCA, 0x30,
    0x03, 0x4C, 0x80, 0xEF, 0xE6, 0x50, 0xA5, 0x49, 0x0A, 0x18, 0x10, 0x67, 0x24, 0x33, 0x30, 0x62,
    0x2C, 0x61, 0x06, 0x30, 0x5D, 0xA5, 0x49, 0x29, 0x08, 0xF0, 0x21, 0xA9, 0x0F, 0x25, 0x50, 0xD0,
    0x51, 0x2C, 0x66, 0x06, 0x10, 0x09, 0xA9, 0x01, 0x8D, 0x66, 0x06, 0xA9, 0xFF, 0x85, 0x8E, 0xA5,
    0x8E, 0x18, 0x69, 0x01, 0xC9, 0x0D, 0x90, 0x38, 0xA9, 0x0C, 0xD0, 0x34, 0xA5, 0x50, 0x29, 0x0F,
    0xD0, 0x30, 0xAC, 0x67, 0x06, 0xA5, 0x49, 0x8D, 0x67, 0x06, 0xA5, 0x49, 0x29, 0x04, 0xF0, 0x22,
    0x2C, 0x66, 0x06, 0x30, 0x1D, 0xA5, 0x8E, 0xD0, 0x0E, 0x98, 0x29, 0x04, 0xD0, 0x14, 0xA9, 0x81,
    0x8D, 0x66, 0x06, 0xA9, 0x07, 0x85, 0x8E, 0xA5, 0x8E, 0x38, 0xE9, 0x01, 0xB0, 0x02, 0xA9, 0x00,
    0x85, 0x8E, 0x38, 0x6E, 0xB3, 0x05, 0x2C, 0xB3, 0x05, 0x30, 0x3C, 0xA5, 0x49, 0x29, 0x08, 0xF0,
    0x4D, 0xA5, 0xA1, 0xC9, 0x02, 0xF0, 0x04, 0xC9, 0x04, 0xD0, 0x2F, 0xA5, 0x50, 0x4A, 0xB0, 0x27,
    0xAD, 0xFF, 0x05, 0x69, 0x01, 0xC9, 0x4C, 0x90, 0x02, 0xA9, 0x4C, 0x8D, 0xFF, 0x05, 0xB0, 0x14,
    0xEE, 0x4A, 0x06, 0xAD, 0x4A, 0x06, 0xC9, 0x03, 0x90, 0x04, 0xA9, 0x00, 0xF0, 0x03, 0xEE, 0x49,
    0x06, 0x8D, 0x4A, 0x06, 0x4C, 0x77, 0xF1, 0x4C, 0xA6, 0xF1, 0xA5, 0x50, 0x4A, 0xB0, 0x77, 0xAD,
    0xFE, 0x05, 0xE9, 0x00, 0xB0, 0x02, 0xA9, 0x00, 0x8D, 0xFE, 0x05, 0x4C, 0xA6, 0xF1, 0xA5, 0x49,
    0x29, 0x04, 0xF0, 0x62, 0xA5, 0xA1, 0xC9, 0x02, 0xF0, 0x04, 0xC9, 0x04, 0xD0, 0x45, 0xA5, 0x50,
    0x4A, 0xB0, 0x53, 0xAD, 0xFF, 0x05, 0xE9, 0x00, 0xC9, 0x23, 0xB0, 0x02, 0xA9, 0x23, 0x8D, 0xFF,
    0x05, 0x90, 0x14, 0xCE, 0x4A, 0x06, 0xAD, 0x4A, 0x06, 0x10, 0x02, 0xA9, 0x02, 0xC9, 0x00, 0xF0,
    0x03, 0xCE, 0x49, 0x06, 0x8D, 0x4A, 0x06, 0xA2, 0x03, 0xAD, 0xFF, 0x05, 0xDD, 0x31, 0xF5, 0xF0,
    0x05, 0xCA, 0x10, 0xF8, 0x30, 0x20, 0xBD, 0x35, 0xF5, 0x8D, 0x49, 0x06, 0xA9, 0x00, 0x8D, 0x4A,
    0x06, 0xF0, 0x13, 0xA5, 0x50, 0x4A, 0xB0, 0x0E, 0xAD, 0xFE, 0x05, 0x69, 0x01, 0xC9, 0x0A, 0x90,
    0x02, 0xA9, 0x0A, 0x8D, 0xFE, 0x05, 0xA5, 0x49, 0x10, 0x17, 0x24, 0xB4, 0x30, 0x5C, 0x2C, 0xB3,
    0x05, 0x10, 0x57, 0xA5, 0x33, 0x49, 0xFF, 0x85, 0x33, 0x10, 0x03, 0x20, 0x71, 0xBD, 0x4C, 0x0A,
    0xF2, 0x0A, 0x0A, 0x10, 0x48, 0x24, 0xB4, 0x30, 0x41, 0x2C, 0xB3, 0x05, 0x2C, 0x80, 0x05, 0x30,
    0x39, 0xA5, 0xA1, 0xC9, 0x03, 0xB0, 0x08, 0xA9, 0x00, 0x8D, 0x4C, 0x05, 0x8D, 0x4E, 0x05, 0xA5,
    0xA1, 0x18, 0x69, 0x01, 0xC9, 0x01, 0xD0, 0x02, 0xA9, 0x02, 0xC9, 0x05, 0x90, 0x02, 0xA9, 0x00,
    0x85, 0xA1, 0xC9, 0x04, 0xD0, 0x05, 0xA9, 0x00, 0x8D, 0x00, 0x06, 0xA9, 0x3C, 0x8D, 0xFF, 0x05,
    0xA9, 0x38, 0x8D, 0x49, 0x06, 0xA9, 0x00, 0x8D, 0x4A, 0x06, 0x38, 0xB0, 0x30, 0x0A, 0x10, 0x2C,
    0xAD, 0x80, 0x05, 0x05, 0xB4, 0x30, 0x28, 0x2C, 0xB3, 0x05, 0x30, 0xEE, 0xAD, 0x85, 0x06, 0x0D,
    0x78, 0x06, 0xD0, 0xE6, 0xA9, 0xFF, 0x85, 0xF3, 0x8D, 0x60, 0x06, 0xA9, 0x4A, 0x85, 0x3B, 0xA9,
    0xDF, 0x85, 0x3C, 0xA5, 0x18, 0x09, 0x01, 0x85, 0x18, 0x4C, 0x0A, 0xF2, 0x18, 0x66, 0xB4, 0x4C,
    0x4E, 0xF5, 0xA9, 0x00, 0x8D, 0x4F, 0x05, 0x38, 0x20, 0xA3, 0xAF, 0xA9, 0x10, 0x85, 0xBE, 0xA5,
    0x67, 0x18, 0x20, 0x33, 0xA2, 0x29, 0x7F, 0x85, 0x67, 0x38, 0x6E, 0x96, 0x06, 0x60, 0x8A, 0x4A,
    0xAA, 0xA9, 0x00, 0x9D, 0x5D, 0x05, 0x9D, 0x62, 0x05, 0x8A, 0x0A, 0xAA, 0x60, 0x20, 0xBC, 0xF3,
    0xAD, 0x00, 0x06, 0x10, 0x08, 0x29, 0x7F, 0x85, 0xA3, 0xE4, 0xA3, 0xF0, 0x17, 0x20, 0x0B, 0x98,
    0x98, 0xDD, 0x69, 0x04, 0xF0, 0x0E, 0x9D, 0x69, 0x04, 0x8A, 0x0A, 0x0A, 0x0A, 0x0A, 0x18, 0x69,
    0x40, 0x9D, 0x68, 0x04, 0x20, 0x88, 0xF4, 0xBD, 0x3B, 0x04, 0x29, 0x7F, 0xC9, 0x00, 0x90, 0x09,
    0xD0, 0x19, 0xBD, 0x3A, 0x04, 0xC9, 0x64, 0xB0, 0x12, 0xBD, 0x53, 0x04, 0x29, 0x7F, 0xC9, 0x00,
    0x90, 0x0C, 0xD0, 0x07, 0xBD, 0x52, 0x04, 0xC9, 0x64, 0x90, 0x03, 0x4C, 0x39, 0xF4, 0xA9, 0x01,
    0xE0, 0x00, 0xF0, 0x02, 0xA9, 0xFF, 0x18, 0x7D, 0x69, 0x04, 0x29, 0x07, 0x9D, 0x69, 0x04, 0xFE,
    0x96, 0x04, 0x60, 0x5E, 0xB3, 0x04, 0x20, 0xBC, 0xF3, 0xAD, 0x00, 0x06, 0x10, 0x08, 0x29, 0x7F,
    0x85, 0xA3, 0xE4, 0xA3, 0xF0, 0x17, 0x20, 0x0B, 0x98, 0x98, 0xDD, 0x69, 0x04, 0xF0, 0x0E, 0x9D,
    0x69, 0x04, 0x8A, 0x0A, 0x0A, 0x0A, 0x0A, 0x18, 0x69, 0x60, 0x9D, 0x68, 0x04, 0xA4, 0x4F, 0xBD,
    0x3B, 0x04, 0x29, 0x7F, 0xD9, 0xE6, 0x98, 0x90, 0x0A, 0xD0, 0x1C, 0xBD, 0x3A, 0x04, 0xD9, 0xDC,
    0x98, 0xB0, 0x14, 0xBD, 0x53, 0x04, 0x29, 0x7F, 0xD9, 0xE6, 0x98, 0x90, 0x13, 0xD0, 0x08, 0xBD,
    0x52, 0x04, 0xD9, 0xDC, 0x98, 0x90, 0x09, 0x20, 0xA3, 0xF3, 0x20, 0x88, 0xF4, 0x4C, 0x39, 0xF4,
    0xA9, 0x00, 0x9D, 0xB0, 0x04, 0xFE, 0x96, 0x04, 0x60, 0xBD, 0x1C, 0x04, 0xC9, 0xFF, 0xF0, 0x3C,
    0xBD, 0x3B, 0x04, 0x29, 0x7F, 0xC9, 0x00, 0x90, 0x09, 0xD0, 0x19, 0xBD, 0x3A, 0x04, 0xC9, 0x96,
    0xB0, 0x12, 0xBD, 0x53, 0x04, 0x29, 0x7F, 0xC9, 0x00, 0x90, 0x21, 0xD0, 0x07, 0xBD, 0x52, 0x04,
    0xC9, 0x96, 0x90, 0x18, 0x20, 0x88, 0xF4, 0x20, 0xBC, 0xF3, 0xA5, 0x4F, 0x4A, 0x90, 0x0C, 0x20,
    0xA4, 0xA2, 0x45, 0x03, 0xA4, 0x4F, 0xD9, 0xD2, 0x98, 0xB0, 0x01, 0x60, 0xA5, 0x1B, 0x29, 0x03,
    0xC9, 0x03, 0xD0, 0x02, 0xA9, 0x01, 0x0A, 0x18, 0x69, 0x02, 0x18, 0x7D, 0x5F, 0x04, 0x29, 0x07,
    0x9D, 0x69, 0x04, 0xA9, 0xFF, 0x9D, 0xB3, 0x04, 0xA9, 0x04, 0xC5, 0x8E, 0xB0, 0x02, 0xA5, 0x8E,
    0x4C, 0x6F, 0xF4, 0xBD, 0x1C, 0x04, 0xC9, 0xFF, 0xD0, 0x11, 0xA5, 0x1B, 0x29, 0x01, 0xD0, 0x02,
    0xA9, 0xFF, 0x18, 0x7D, 0x5F, 0x04, 0x29, 0x07, 0x9D, 0x69, 0x04, 0x60, 0xAD, 0x00, 0x06, 0x10,
    0x17, 0x29, 0x7F, 0x85, 0xA3, 0xE4, 0xA3, 0xD0, 0x0F, 0xA5, 0x9E, 0x18, 0x69, 0x04, 0x29, 0x07,
    0x9D, 0x69, 0x04, 0xA5, 0x9D, 0x9D, 0x68, 0x04, 0x60, 0xBD, 0x68, 0x04, 0x29, 0xF8, 0x85, 0xA3,
    0xBD, 0x5E, 0x04, 0x29, 0xF8, 0xC5, 0xA3, 0xD0, 0xEF, 0xBD, 0x5F, 0x04, 0xDD, 0x69, 0x04, 0xD0,
    0xE7, 0xA9, 0x0A, 0x4C, 0x6F, 0xF4, 0xBD, 0x5F, 0x04, 0x18, 0x69, 0x04, 0x29, 0x7F, 0x9D, 0x69,
    0x04, 0xBD, 0x5E, 0x04, 0x9D, 0x68, 0x04, 0xFE, 0x96, 0x04, 0x60, 0x5E, 0xB3, 0x04, 0xBD, 0x3B,
    0x04, 0x29, 0x7F, 0xBC, 0x6E, 0x04, 0xD9, 0xD6, 0xA2, 0x90, 0x0A, 0xD0, 0x3E, 0xBD, 0x3A, 0x04,
    0xD9, 0xD4, 0xA2, 0xB0, 0x36, 0xBD, 0x53, 0x04, 0x29, 0x7F, 0xD9, 0xD6, 0xA2, 0x90, 0x0A, 0xD0,
    0x2A, 0xBD, 0x52, 0x04, 0xD9, 0xD4, 0xA2, 0xB0, 0x22, 0x20, 0xA3, 0xF3, 0xBD, 0x6E, 0x04, 0xF0,
    0x08, 0xA4, 0x4F, 0xB9, 0xF6, 0xA2, 0x4C, 0x57, 0xF4, 0x20, 0xA4, 0xA2, 0x29, 0x03, 0x18, 0x69,
    0x07, 0xC5, 0x8E, 0xB0, 0x02, 0xA5, 0x8E, 0x9D, 0xB0, 0x04, 0x60, 0xBD, 0x6E, 0x04, 0xF0, 0x16,
    0xA5, 0x9D, 0x9D, 0x68, 0x04, 0xA5, 0x9E, 0x9D, 0x69, 0x04, 0xA4, 0x4F, 0xB9, 0xF6, 0xA2, 0x20,
    0x57, 0xF4, 0xFE, 0x96, 0x04, 0x60, 0x20, 0x0B, 0x98, 0x98, 0x9D, 0x69, 0x04, 0xBD, 0x5E, 0x04,
    0x29, 0xF0, 0x9D, 0x68, 0x04, 0x4C, 0x6F, 0xF4, 0xBC, 0x6E, 0x04, 0xC0, 0x02, 0xB0, 0x2A, 0xAD,
    0x78, 0x06, 0xD0, 0x25, 0xA4, 0x4F, 0xA5, 0x1B, 0xD9, 0xEC, 0xA2, 0xB0, 0x1C, 0xAD, 0x4F, 0x05,
    0xD0, 0x17, 0xAD, 0x00, 0x06, 0x10, 0x08, 0x29, 0x7F, 0x85, 0xA3, 0xE4, 0xA3, 0xF0, 0x0B, 0x20,
    0x0B, 0x98, 0x98, 0x38, 0xFD, 0x5F, 0x04, 0xF0, 0x01, 0x60, 0x86, 0xA9, 0xA2, 0x03, 0xBD, 0x00,
    0x01, 0x30, 0x04, 0x38, 0x20, 0xC6, 0xAF, 0xA6, 0xA9, 0xA9, 0x00, 0x8D, 0xC8, 0x04, 0x8D, 0xD2,
    0x04, 0x8D, 0xDC, 0x04, 0xBD, 0x6E, 0x04, 0xF0, 0x06, 0xA9, 0x02, 0xA0, 0x06, 0xD0, 0x0F, 0xBD,
    0x8C, 0x04, 0x4A, 0x4A, 0x4A, 0x4A, 0x4A, 0x49, 0x07, 0x18, 0x69, 0x14, 0xA0, 0x07, 0x8D, 0xE6,
    0x04, 0x8C, 0xAE, 0x04, 0xA9, 0x80, 0x8D, 0x4F, 0x05, 0x8D, 0x96, 0x06, 0xBD, 0x5E, 0x04, 0x8D,
    0x66, 0x04, 0xBD, 0x5F, 0x04, 0x8D, 0x67, 0x04, 0xB5, 0x5E, 0x85, 0x66, 0xB5, 0x5F, 0x85, 0x67,
    0xA9, 0x18, 0x85, 0x70, 0xB5, 0x69, 0x85, 0x71, 0xB5, 0x72, 0x85, 0x7A, 0xB5, 0x73, 0x85, 0x7B,
    0x60, 0x00, 0x00, 0x06, 0x08, 0x04, 0x02, 0x02, 0x08, 0x08, 0x04, 0x0A, 0x1A, 0x12, 0x9D, 0x9D,
    0x9D, 0x24, 0x30, 0x3C, 0x48, 0x28, 0x30, 0x38, 0x40, 0x7F, 0x84, 0x88, 0x90, 0x01, 0x02, 0x02,
    0x80, 0x80, 0x80, 0x80, 0x80, 0x02, 0x02, 0x02, 0x02, 0x01, 0x02, 0x06, 0x43, 0x00, 0x20, 0xF5,
    0xAE, 0x20, 0xC6, 0xA4, 0xA5, 0x03, 0xD0, 0x02, 0xC6, 0x04, 0xC6, 0x03, 0x6A, 0x6A, 0x29, 0x80,
    0x85, 0x06, 0x68, 0xA8, 0x68, 0xAA, 0x68, 0x40, 0x78, 0xD8, 0xA2, 0xFF, 0x9A, 0xA9, 0x00, 0x8D,
    0x00, 0x20, 0x8D, 0x01, 0x20, 0xAD, 0x02, 0x20, 0x10, 0xFB, 0xAD, 0x02, 0x20, 0x10, 0xFB, 0xA9,
    0x00, 0xAA, 0x95, 0x00, 0x9D, 0x00, 0x01, 0x9D, 0x00, 0x02, 0x9D, 0x00, 0x03, 0x9D, 0x00, 0x04,
    0x9D, 0x00, 0x05, 0x9D, 0x00, 0x06, 0x9D, 0x00, 0x07, 0xCA, 0xD0, 0xE6, 0x8E, 0x15, 0x40, 0x8E,
    0x03, 0x20, 0xA9, 0x0F, 0x8D, 0x10, 0x03, 0xA9, 0x00, 0x20, 0x36, 0xBD, 0xA9, 0x90, 0x8D, 0x00,
    0x20, 0x85, 0x47, 0xA9, 0x00, 0x8D, 0x01, 0x20, 0x85, 0x48, 0x20, 0x4D, 0xF6, 0xA9, 0x5F, 0x85,
    0x3B, 0xA9, 0xDD, 0x85, 0x3C, 0xA9, 0x90, 0x85, 0x47, 0xA9, 0x00, 0x85, 0x48, 0xA9, 0xFF, 0x85,
    0x35, 0xA9, 0x01, 0x85, 0x1B, 0xA9, 0x10, 0x85, 0x34, 0x20, 0x35, 0xF6, 0x20, 0x79, 0xBE, 0x20,
    0x79, 0xBE, 0x4E, 0xA8, 0x05, 0xA9, 0x00, 0x85, 0x01, 0x85, 0x00, 0x8D, 0x3E, 0x03, 0x20, 0x80,
    0xBE, 0x20, 0x2F, 0xF6, 0xA5, 0x4B, 0x8D, 0x49, 0x03, 0xA5, 0x4C, 0x8D, 0x4A, 0x03, 0x24, 0x34,
    0x30, 0x0D, 0x20, 0x79, 0xBE, 0xC6, 0x34, 0xD0, 0x06, 0xA5, 0x10, 0x09, 0x18, 0x85, 0x10, 0x20,
    0xAA, 0xBE, 0x20, 0x32, 0xF6, 0xA5, 0x18, 0x29, 0x01, 0xD0, 0x03, 0x4C, 0xFE, 0xF5, 0xA9, 0x00,
    0x8D, 0xA0, 0x03, 0x20, 0x4D, 0xF6, 0xA5, 0x10, 0x29, 0xE4, 0x85, 0x10, 0x4C, 0xC5, 0xF5, 0x6C,
    0x3B, 0x00, 0x6C, 0x3D, 0x00, 0xA9, 0x06, 0x85, 0x14, 0xA0, 0xC5, 0xA9, 0x00, 0x85, 0x13, 0x91,
    0x13, 0xC8, 0xD0, 0xFB, 0xE6, 0x14, 0xA6, 0x14, 0xE0, 0x07, 0x90, 0xF3, 0x60, 0xA9, 0x00, 0x85,
    0x18, 0xA5, 0x18, 0x29, 0x7F, 0x85, 0x18, 0x60, 0xAD, 0x49, 0x03, 0x8D, 0x2C, 0x03, 0x8D, 0x3F,
    0x03, 0xAD, 0x98, 0x03, 0x4A, 0x4A, 0x8D, 0x2E, 0x03, 0xA9, 0x00, 0x8D, 0x2F, 0x03, 0x20, 0xBB,
    0xF6, 0xB0, 0x16, 0xCD, 0x4A, 0x03, 0xB0, 0x16, 0x8D, 0x3F, 0x03, 0x20, 0x60, 0xF7, 0xAD, 0x3E,
    0x03, 0xF0, 0x06, 0x20, 0x39, 0xF8, 0x20, 0x7F, 0xF8, 0xCE, 0x2E, 0x03, 0xD0, 0xE0, 0xA9, 0xF0,
    0xAE, 0x3F, 0x03, 0xEC, 0x4A, 0x03, 0xB0, 0x09, 0xBC, 0xA2, 0xBD, 0x99, 0x00, 0x07, 0xE8, 0x90,
    0xF2, 0x20, 0x8E, 0xBE, 0xA4, 0x4B, 0x8C, 0x49, 0x03, 0xA4, 0x4C, 0x8C, 0x4A, 0x03, 0x60, 0x03,
    0x00, 0x02, 0x01, 0x08, 0x08, 0xF8, 0xF8, 0xF8, 0x08, 0x08, 0xF8, 0xAE, 0x2F, 0x03, 0xBD, 0xB7,
    0x03, 0xC9, 0x80, 0x90, 0x03, 0x4C, 0x57, 0xF7, 0x8D, 0x2D, 0x03, 0xBD, 0xB5, 0x03, 0x8D, 0x3A,
    0x03, 0xE8, 0xBD, 0xB5, 0x03, 0x8D, 0x3B, 0x03, 0xE8, 0xE8, 0xBD, 0xB5, 0x03, 0x8D, 0x32, 0x03,
    0x2A, 0x2A, 0x2A, 0x29, 0x03, 0xA8, 0xB9, 0xAF, 0xF6, 0x8D, 0x30, 0x03, 0xE8, 0x8E, 0x2F, 0x03,
    0xAD, 0x2D, 0x03, 0x0A, 0xA8, 0xC8, 0xB1, 0x20, 0x85, 0x1D, 0xAA, 0x88, 0xB1, 0x20, 0x85, 0x1C,
    0x18, 0x6D, 0x9A, 0x03, 0x85, 0x1E, 0x90, 0x01, 0xE8, 0x86, 0x1F, 0xA0, 0x00, 0xB1, 0x1C, 0x8D,
    0x34, 0x03, 0xC8, 0xB1, 0x1C, 0x8D, 0x35, 0x03, 0xC8, 0xB1, 0x1C, 0x8D, 0x24, 0x03, 0x2C, 0x9B,
    0x03, 0x30, 0x0C, 0xC8, 0xB1, 0x1C, 0x8D, 0x38, 0x03, 0xC8, 0xB1, 0x1C, 0x4C, 0x34, 0xF7, 0xA9,
    0x00, 0x8D, 0x38, 0x03, 0x8D, 0x39, 0x03, 0xC8, 0xB1, 0x1C, 0x0D, 0x32, 0x03, 0x8D, 0x32, 0x03,
    0xAD, 0x2C, 0x03, 0x8D, 0x31, 0x03, 0xAA, 0xAC, 0x24, 0x03, 0x88, 0xB1, 0x1E, 0xF0, 0x01, 0xE8,
    0x88, 0x10, 0xF8, 0x8A, 0x18, 0x90, 0x08, 0xE8, 0xE8, 0xE8, 0xE8, 0x8E, 0x2F, 0x03, 0x38, 0x60,
    0xAC, 0x24, 0x03, 0x88, 0xD0, 0x2B, 0xAC, 0x31, 0x03, 0xBE, 0xA2, 0xBD, 0xA0, 0x00, 0xAD, 0x3A,
    0x03, 0x38, 0xE9, 0x04, 0x9D, 0x03, 0x07, 0xAD, 0x3B, 0x03, 0x38, 0xE9, 0x04, 0x9D, 0x00, 0x07,
    0xB1, 0x1E, 0x9D, 0x01, 0x07, 0xAD, 0x32, 0x03, 0x9D, 0x02, 0x07, 0xEE, 0x2C, 0x03, 0x4C, 0x38,
    0xF8, 0xAC, 0x30, 0x03, 0xAE, 0x34, 0x03, 0xB9, 0xB3, 0xF6, 0x8D, 0x26, 0x03, 0x30, 0x06, 0xBD,
    0x16, 0xC2, 0x4C, 0xA8, 0xF7, 0xBD, 0xA0, 0xBD, 0x8D, 0x28, 0x03, 0xAE, 0x35, 0x03, 0xB9, 0xB7,
    0xF6, 0x8D, 0x27, 0x03, 0x30, 0x06, 0xBD, 0x16, 0xC2, 0x4C, 0xBF, 0xF7, 0xBD, 0xA0, 0xBD, 0x8D,
    0x29, 0x03, 0xAD, 0x3B, 0x03, 0x18, 0x6D, 0x39, 0x03, 0x6D, 0x29, 0x03, 0x8D, 0x3D, 0x03, 0x8D,
    0x37, 0x03, 0xAD, 0x3A, 0x03, 0x18, 0x6D, 0x38, 0x03, 0x6D, 0x28, 0x03, 0x8D, 0x3C, 0x03, 0x8D,
    0x36, 0x03, 0xAE, 0x35, 0x03, 0x8E, 0x33, 0x03, 0xAC, 0x31, 0x03, 0xBE, 0xA2, 0xBD, 0xAC, 0x24,
    0x03, 0x88, 0xAD, 0x34, 0x03, 0x85, 0x40, 0xAD, 0x3C, 0x03, 0x9D, 0x03, 0x07, 0x18, 0x6D, 0x26,
    0x03, 0x8D, 0x3C, 0x03, 0xB1, 0x1E, 0xF0, 0x16, 0x9D, 0x01, 0x07, 0xAD, 0x32, 0x03, 0x9D, 0x02,
    0x07, 0xAD, 0x3D, 0x03, 0x9D, 0x00, 0x07, 0xEE, 0x2C, 0x03, 0xE8, 0xE8, 0xE8, 0xE8, 0x88, 0xC6,
    0x40, 0xD0, 0xD4, 0xAD, 0x36, 0x03, 0x8D, 0x3C, 0x03, 0xAD, 0x3D, 0x03, 0x18, 0x6D, 0x27, 0x03,
    0x8D, 0x3D, 0x03, 0xCE, 0x33, 0x03, 0xD0, 0xBA, 0x60, 0xAD, 0x3A, 0x03, 0xC9, 0x38, 0x90, 0x07,
    0xC9, 0xC9, 0xB0, 0x20, 0x4C, 0x7E, 0xF8, 0xAE, 0x31, 0x03, 0xBC, 0xA2, 0xBD, 0xAE, 0x24, 0x03,
    0xB9, 0x03, 0x07, 0x10, 0x05, 0xA9, 0xF0, 0x99, 0x00, 0x07, 0xC8, 0xC8, 0xC8, 0xC8, 0xCA, 0xD0,
    0xEF, 0x4C, 0x7E, 0xF8, 0xAE, 0x31, 0x03, 0xBC, 0xA2, 0xBD, 0xAE, 0x24, 0x03, 0xB9, 0x03, 0x07,
    0x30, 0x05, 0xA9, 0xF0, 0x99, 0x00, 0x07, 0xC8, 0xC8, 0xC8, 0xC8, 0xCA, 0xD0, 0xEF, 0x60, 0xAD,
    0x3B, 0x03, 0xC9, 0x20, 0x90, 0x04, 0xC9, 0xD0, 0x90, 0x36, 0xAE, 0x31, 0x03, 0xBC, 0xA2, 0xBD,
    0xAE, 0x24, 0x03, 0xB9, 0x00, 0x07, 0x10, 0x05, 0xA9, 0xF0, 0x99, 0x00, 0x07, 0xC8, 0xC8, 0xC8,
    0xC8, 0xCA, 0xD0, 0xEF, 0xF0, 0x1A, 0xAE, 0x31, 0x03, 0xBC, 0xA2, 0xBD, 0xAE, 0x24, 0x03, 0xB9,
    0x00, 0x07, 0x30, 0x05, 0xA9, 0xF0, 0x99, 0x00, 0x07, 0xC8, 0xC8, 0xC8, 0xC8, 0xCA, 0xD0, 0xEF,
    0x60, 0x84, 0x40, 0x85, 0x41, 0xBD, 0x53, 0x03, 0x2D, 0x99, 0x03, 0x0A, 0x0A, 0xA8, 0xB9, 0xB7,
    0x03, 0x30, 0x0B, 0xC8, 0xC8, 0xC8, 0xC8, 0xCC, 0x98, 0x03, 0xB0, 0x1E, 0x90, 0xF0, 0x98, 0x4A,
    0x4A, 0x9D, 0x53, 0x03, 0xBD, 0x81, 0x03, 0x99, 0xB5, 0x03, 0xBD, 0x6A, 0x03, 0x99, 0xB6, 0x03,
    0xA5, 0x40, 0x99, 0xB7, 0x03, 0xA5, 0x41, 0x99, 0xB8, 0x03, 0x60, 0x85, 0x41, 0x98, 0x0A, 0xA8,
    0xB1, 0x20, 0x85, 0x1C, 0xC8, 0xB1, 0x20, 0x85, 0x1D, 0xAC, 0x9A, 0x03, 0x88, 0xB1, 0x1C, 0x05,
    0x41, 0x48, 0xC8, 0xB1, 0x1C, 0x48, 0xCE, 0x4A, 0x03, 0xAC, 0x4A, 0x03, 0xB9, 0xA2, 0xBD, 0xA8,
    0x68, 0x99, 0x01, 0x07, 0x68, 0x99, 0x02, 0x07, 0xBD, 0x81, 0x03, 0x38, 0xE9, 0x04, 0x99, 0x03,
    0x07, 0xBD, 0x6A, 0x03, 0x38, 0xE9, 0x04, 0x99, 0x00, 0x07, 0x60, 0xA5, 0x1B, 0x0A, 0x0A, 0x0A,
    0x45, 0x1B, 0x0A, 0x26, 0x1B, 0xA5, 0x1B, 0xD0, 0x02, 0xA9, 0x0A, 0x60, 0x06, 0x16, 0x26, 0x16,
    0x36, 0x46, 0xC0, 0xC0, 0xC0, 0xC0, 0xC0, 0xC0, 0x56, 0x16, 0x96, 0xB6, 0xB6, 0xB6, 0xC0, 0xC3,
    0xC6, 0xC5, 0xC9, 0xCD, 0x16, 0x76, 0xB6, 0xF6, 0x76, 0x76, 0xC4, 0xCB, 0xC8, 0xC8, 0xCD, 0xD1,
    0x00, 0x04, 0x06, 0x0D, 0x12, 0x15, 0x05, 0xFF, 0x03, 0x01, 0x04, 0x00, 0x7F, 0xFF, 0x09, 0x01,
    0x7F, 0xFF, 0x01, 0x00, 0x02, 0xFF, 0x00, 0x00, 0x0F, 0x01, 0x02, 0xFF, 0x04, 0x00, 0x7F, 0xFF,
    0x09, 0x01, 0x01, 0x00, 0x0B, 0xFF, 0x05, 0x00, 0x7F, 0xFF, 0x05, 0xFF, 0x09, 0x00, 0x7F, 0xFF,
    0x18, 0xFF, 0x05, 0x00, 0x7F, 0xFF, 0x86, 0x44, 0x0A, 0x0A, 0x09, 0x20, 0x85, 0x16, 0xA9, 0x00,
    0x85, 0x15, 0xBD, 0x58, 0xF9, 0x85, 0x13, 0xBD, 0x5E, 0xF9, 0x85, 0x14, 0xBD, 0x70, 0xF9, 0x8D,
    0x82, 0x06, 0x20, 0x5D, 0xFA, 0xA9, 0x1E, 0x8D, 0x9D, 0x03, 0xBD, 0x4C, 0xF9, 0x85, 0x42, 0xBD,
    0x52, 0xF9, 0x85, 0x43, 0xA9, 0x03, 0x85, 0x17, 0x20, 0x36, 0xBD, 0xA5, 0x10, 0x29, 0xE7, 0x85,
    0x10, 0x20, 0x79, 0xBE, 0xA9, 0xFF, 0x8D, 0x9C, 0x03, 0xA0, 0x00, 0xA5, 0x16, 0x8D, 0x06, 0x20,
    0xA5, 0x15, 0x8D, 0x06, 0x20, 0xA2, 0x1F, 0xB1, 0x13, 0x2C, 0x84, 0x06, 0x30, 0x03, 0xAD, 0x84,
    0x06, 0x8D, 0x07, 0x20, 0xC8, 0xCA, 0x10, 0xEF, 0xCE, 0x83, 0x06, 0x10, 0x09, 0xEE, 0x82, 0x06,
    0xAD, 0x82, 0x06, 0x20, 0x5D, 0xFA, 0xA5, 0x13, 0x18, 0x69, 0x20, 0x85, 0x13, 0x90, 0x02, 0xE6,
    0x14, 0xA5, 0x15, 0x18, 0x69, 0x20, 0x85, 0x15, 0x90, 0x02, 0xE6, 0x16, 0xCE, 0x9D, 0x03, 0xD0,
    0xB8, 0xA6, 0x44, 0xBD, 0x64, 0xF9, 0x85, 0x13, 0xBD, 0x6A, 0xF9, 0x85, 0x14, 0xA2, 0x3F, 0xA0,
    0x00, 0xB1, 0x13, 0x8D, 0x07, 0x20, 0xC8, 0xCA, 0x10, 0xF7, 0xA0, 0x0F, 0xB1, 0x42, 0x99, 0x00,
    0x03, 0x88, 0x10, 0xF8, 0x8D, 0x10, 0x03, 0xA2, 0x00, 0x8E, 0x9C, 0x03, 0x60, 0x0A, 0xA8, 0xB9,
    0x76, 0xF9, 0x8D, 0x83, 0x06, 0xB9, 0x77, 0xF9, 0x8D, 0x84, 0x06, 0x60, 0x20, 0x79, 0xBE, 0x2C,
    0xD6, 0x06, 0x10, 0x03, 0x4C, 0x4B, 0xFB, 0xA0, 0x07, 0x20, 0x36, 0xD7, 0xA9, 0x00, 0x8D, 0x06,
    0x20, 0x8D, 0x05, 0x20, 0xAD, 0xCB, 0x06, 0x0A, 0x0A, 0x8D, 0xC5, 0x06, 0xAD, 0xCD, 0x06, 0x8D,
    0xC6, 0x06, 0x29, 0x38, 0x0A, 0x0A, 0x8D, 0xC7, 0x06, 0xAD, 0xC5, 0x06, 0x49, 0x08, 0x8D, 0xC8,
    0x06, 0xA9, 0x29, 0x18, 0x6D, 0xCE, 0x06, 0x8D, 0xC9, 0x06, 0x29, 0x38, 0x0A, 0x0A, 0x8D, 0xCA,
    0x06, 0xAD, 0x02, 0x20, 0x29, 0x40, 0xF0, 0xF9, 0xAD, 0xC5, 0x06, 0xAE, 0xC6, 0x06, 0x8D, 0x06,
    0x20, 0x8E, 0x05, 0x20, 0xEA, 0xEA, 0xEA, 0xA9, 0x00, 0xAE, 0xC7, 0x06, 0x8D, 0x05, 0x20, 0x8E,
    0x06, 0x20, 0xAC, 0xCE, 0x06, 0x20, 0x41, 0xD7, 0xA2, 0x0A, 0xCA, 0x10, 0xFD, 0xAD, 0xC8, 0x06,
    0xAE, 0xC9, 0x06, 0x8D, 0x06, 0x20, 0x8E, 0x05, 0x20, 0xEA, 0xEA, 0xEA, 0xA9, 0x00, 0xAE, 0xCA,
    0x06, 0x8D, 0x05, 0x20, 0x8E, 0x06, 0x20, 0x2C, 0xCF, 0x06, 0x10, 0x17, 0xCE, 0xCD, 0x06, 0xAD,
    0xCE, 0x06, 0x8D, 0xCE, 0x06, 0x18, 0x6D, 0xD0, 0x06, 0x8D, 0xCE, 0x06, 0xC9, 0x5D, 0x90, 0x03,
    0x4E, 0xCF, 0x06, 0x20, 0x58, 0xF6, 0xA2, 0x01, 0xAC, 0xD1, 0x06, 0xA9, 0x00, 0x20, 0xC1, 0xF8,
    0xA9, 0x00, 0xAA, 0xA8, 0x20, 0xC1, 0xF8, 0xCE, 0xD2, 0x06, 0xD0, 0x17, 0x20, 0x3B, 0xF9, 0x29,
    0x0F, 0x69, 0x03, 0x8D, 0xD2, 0x06, 0xAC, 0xD1, 0x06, 0xC8, 0xC0, 0x04, 0x90, 0x02, 0xA0, 0x01,
    0x8C, 0xD1, 0x06, 0x2C, 0xD5, 0x06, 0x30, 0x03, 0x20, 0x3F, 0xFE, 0xA5, 0x49, 0x25, 0x35, 0xD0,
    0x30, 0x85, 0x35, 0x2C, 0xD6, 0x06, 0x30, 0x05, 0x2C, 0x95, 0x06, 0x10, 0x24, 0xA5, 0x49, 0x29,
    0x10, 0xD0, 0x17, 0xA5, 0x49, 0x29, 0x80, 0xF0, 0x18, 0xA5, 0x51, 0xD0, 0x0D, 0x2C, 0xD5, 0x03,
    0x10, 0x08, 0x38, 0x66, 0x51, 0xC6, 0x4F, 0x4E, 0xD5, 0x03, 0x20, 0xB7, 0xFB, 0xA9, 0xFF, 0x85,
    0x35, 0x2C, 0xD6, 0x06, 0x30, 0x0E, 0xA9, 0x00, 0x8D, 0x06, 0x20, 0x8D, 0x05, 0x20, 0x20, 0x0F,
    0xDA, 0x4C, 0xBA, 0xD8, 0x60, 0x30, 0xFE, 0x14, 0x12, 0xFC, 0x50, 0xFB, 0xFB, 0x50, 0x23, 0xFE,
    0x14, 0x3A, 0xFC, 0x80, 0xFB, 0xFB, 0x78, 0xB2, 0xFB, 0xE6, 0x23, 0xD9, 0x02, 0xA9, 0x00, 0x85,
    0xE7, 0x60, 0x38, 0x6E, 0x95, 0x06, 0x60, 0xA9, 0x00, 0x85, 0xDD, 0x8D, 0xA5, 0x03, 0x8D, 0xA6,
    0x03, 0x8D, 0xA7, 0x03, 0x8D, 0xA8, 0x03, 0xA9, 0x5F, 0xA0, 0xDD, 0x2C, 0xD5, 0x03, 0x30, 0x18,
    0x2C, 0xD6, 0x06, 0x30, 0x13, 0xE6, 0x4F, 0xA5, 0x4F, 0xC9, 0x0A, 0xA9, 0x4A, 0xA0, 0xDF, 0x90,
    0x0B, 0xA9, 0x8C, 0xA0, 0xFE, 0x4C, 0xEC, 0xFB, 0xA2, 0x00, 0x86, 0x4F, 0x85, 0x3B, 0x84, 0x3C,
    0xA9, 0xFF, 0x85, 0xE0, 0xA5, 0x18, 0x09, 0x01, 0x85, 0x18, 0x60, 0xA9, 0x84, 0x8D, 0xCD, 0x06,
    0xA9, 0x01, 0x8D, 0xCE, 0x06, 0x38, 0x6E, 0xCF, 0x06, 0xAD, 0xCB, 0x06, 0x49, 0x02, 0x8D, 0xCB,
    0x06, 0x60, 0x2C, 0xD5, 0x03, 0x10, 0x11, 0xAD, 0x63, 0x06, 0xF0, 0x06, 0xA9, 0xFD, 0xA2, 0x45,
    0xD0, 0x27, 0xA9, 0xFD, 0xA2, 0x20, 0xD0, 0x21, 0xA5, 0x4F, 0xC9, 0x09, 0x90, 0x06, 0xA9, 0xFD,
    0xA2, 0x69, 0xD0, 0x15, 0xA9, 0xFD, 0xA2, 0x0B, 0xD0, 0x0F, 0x2C, 0xD5, 0x03, 0x10, 0x06, 0xA9,
    0xFD, 0xA2, 0xB4, 0xD0, 0x04, 0xA9, 0xFC, 0xA2, 0x61, 0x85, 0xDF, 0x86, 0xDE, 0xA9, 0x01, 0x85,
    0xE0, 0x60, 0xFF, 0x00, 0x00, 0xFF, 0xFF, 0xFF, 0xFF, 0x00, 0x01, 0x01, 0x01, 0x00, 0xFE, 0xFE,
    0xFE, 0x11, 0x20, 0xAA, 0x4D, 0x49, 0x53, 0x53, 0x49, 0x4F, 0x4E, 0x2A, 0x2A, 0x20, 0x53, 0x55,
    0x4D, 0x4D, 0x41, 0x52, 0x59, 0x12, 0x20, 0xEA, 0x20, 0x53, 0x43, 0x4F, 0x52, 0x45, 0x20, 0x20,
    0x20, 0x25, 0x20, 0x20, 0x20, 0x20, 0x20, 0x20, 0x20, 0x20, 0x12, 0x21, 0x2A, 0x21, 0x45, 0x4E,
    0x45, 0x4D, 0x59, 0x20, 0x54, 0x41, 0x4E, 0x4B, 0x53, 0x20, 0x20, 0x20, 0x21, 0x20, 0x20, 0x12,
    0x21, 0x4A, 0x40, 0x45, 0x4E, 0x45, 0x4D, 0x59, 0x20, 0x43, 0x4F, 0x50, 0x54, 0x45, 0x52, 0x53,
    0x20, 0x40, 0x20, 0x20, 0x12, 0x21, 0x6A, 0x23, 0x46, 0x55, 0x45, 0x4C, 0x20, 0x54, 0x41, 0x4E,
    0x4B, 0x53, 0x20, 0x20, 0x20, 0x20, 0x23, 0x20, 0x20, 0x12, 0x21, 0x8A, 0x24, 0x50, 0x4F, 0x57,
    0x45, 0x52, 0x20, 0x50, 0x4C, 0x41, 0x4E, 0x54, 0x53, 0x20, 0x20, 0x24, 0x20, 0x20, 0x11, 0x21,
    0xCA, 0x5E, 0x45, 0x4E, 0x45, 0x4D, 0x59, 0x20, 0x5E, 0x20, 0x20, 0x20, 0x20, 0x20, 0x20, 0x20,
    0x20, 0x20, 0x07, 0x21, 0xEA, 0x20, 0x49, 0x4E, 0x54, 0x41, 0x43, 0x54, 0xFF, 0x0A, 0x21, 0xEA,
    0x20, 0x44, 0x45, 0x53, 0x54, 0x52, 0x4F, 0x59, 0x45, 0x44, 0xFF, 0x11, 0x29, 0x2A, 0x20, 0x4D,
    0x49, 0x53, 0x53, 0x49, 0x4F, 0x4E, 0x20, 0x43, 0x4F, 0x4D, 0x50, 0x4C, 0x45, 0x54, 0x45, 0xFF,
    0x0E, 0x29, 0x0A, 0x20, 0x20, 0x20, 0x20, 0x47, 0x41, 0x4D, 0x45, 0x20, 0x20, 0x4F, 0x56, 0x45,
    0x52, 0x10, 0x29, 0x4A, 0x20, 0x20, 0x46, 0x55, 0x45, 0x4C, 0x20, 0x45, 0x58, 0x48, 0x41, 0x55,
    0x53, 0x54, 0x45, 0x44, 0xFF, 0x0D, 0x29, 0x0A, 0x20, 0x20, 0x20, 0x20, 0x47, 0x41, 0x4D, 0x45,
    0x20, 0x4F, 0x56, 0x45, 0x52, 0x10, 0x29, 0x4A, 0x20, 0x20, 0x54, 0x41, 0x4E, 0x4B, 0x20, 0x44,
    0x45, 0x53, 0x54, 0x52, 0x4F, 0x59, 0x45, 0x44, 0xFF, 0x10, 0x28, 0xEA, 0x20, 0x43, 0x4F, 0x4E,
    0x47, 0x52, 0x41, 0x54, 0x55, 0x4C, 0x41, 0x54, 0x49, 0x4F, 0x4E, 0x53, 0x12, 0x29, 0x2A, 0x59,
    0x4F, 0x55, 0x20, 0x48, 0x41, 0x56, 0x45, 0x20, 0x43, 0x4F, 0x4D, 0x50, 0x4C, 0x45, 0x54, 0x45,
    0x44, 0x0F, 0x29, 0x4A, 0x20, 0x20, 0x59, 0x4F, 0x55, 0x52, 0x20, 0x4D, 0x49, 0x53, 0x53, 0x49,
    0x4F, 0x4E, 0x53, 0x0D, 0x29, 0x8A, 0x20, 0x20, 0x20, 0x20, 0x47, 0x41, 0x4D, 0x45, 0x20, 0x4F,
    0x56, 0x45, 0x52, 0xFF, 0x11, 0x20, 0xCA, 0x20, 0x20, 0x20, 0x20, 0x47, 0x41, 0x4D, 0x45, 0x20,
    0x4F, 0x56, 0x45, 0x52, 0x20, 0x20, 0x20, 0x20, 0x12, 0x21, 0x0A, 0x20, 0x53, 0x43, 0x4F, 0x52,
    0x45, 0x20, 0x20, 0x20, 0x25, 0x20, 0x20, 0x20, 0x20, 0x20, 0x20, 0x20, 0x20, 0x11, 0x21, 0x4A,
    0x50, 0x52, 0x45, 0x53, 0x53, 0x20, 0x42, 0x55, 0x54, 0x54, 0x4F, 0x4E, 0x20, 0x41, 0x20, 0x54,
    0x4F, 0x0C, 0x21, 0x6A, 0x20, 0x20, 0x20, 0x20, 0x43, 0x4F, 0x4E, 0x54, 0x49, 0x4E, 0x55, 0x45,
    0x10, 0x21, 0xAA, 0x20, 0x50, 0x52, 0x45, 0x53, 0x53, 0x20, 0x53, 0x54, 0x41, 0x52, 0x54, 0x20,
    0x46, 0x4F, 0x52, 0x0C, 0x21, 0xCA, 0x20, 0x20, 0x20, 0x20, 0x4E, 0x45, 0x57, 0x20, 0x47, 0x41,
    0x4D, 0x45, 0xFF, 0xA9, 0xAA, 0x8D, 0xD3, 0x06, 0xA9, 0x20, 0x8D, 0xD4, 0x06, 0x4C, 0x3A, 0xFE,
    0xA9, 0xAA, 0x8D, 0xD3, 0x06, 0xA9, 0x28, 0x8D, 0xD4, 0x06, 0xA9, 0x0B, 0x8D, 0xD5, 0x06, 0xCE,
    0xD5, 0x06, 0xA6, 0x1A, 0xAD, 0xD4, 0x06, 0x9D, 0x00, 0x02, 0xE8, 0xAD, 0xD3, 0x06, 0x9D, 0x00,
    0x02, 0xE8, 0xA9, 0x12, 0x9D, 0x00, 0x02, 0xE8, 0xA8, 0x2C, 0xD5, 0x06, 0xA9, 0x01, 0x2C, 0xD5,
    0x06, 0x10, 0x11, 0xA9, 0x4F, 0xC0, 0x09, 0xD0, 0x05, 0xA9, 0x51, 0x4C, 0x74, 0xFE, 0xC0, 0x0A,
    0xD0, 0x02, 0xA9, 0x50, 0x9D, 0x00, 0x02, 0xE8, 0x88, 0xD0, 0xDE, 0x86, 0x1A, 0xAD, 0xD3, 0x06,
    0x18, 0x69, 0x20, 0x8D, 0xD3, 0x06, 0x90, 0x03, 0xEE, 0xD4, 0x06, 0x60, 0xA9, 0x6C, 0x85, 0x3D,
    0xA9, 0xFA, 0x85, 0x3E, 0xA9, 0x04, 0x85, 0x34, 0xA9, 0x01, 0x85, 0x4B, 0xA9, 0x3F, 0x85, 0x4C,
    0xA9, 0x04, 0x8D, 0x9A, 0x03, 0xA9, 0xFF, 0x8D, 0x9B, 0x03, 0xA9, 0x20, 0x8D, 0x98, 0x03, 0xA5,
    0x4F, 0xC9, 0x0A, 0x6E, 0xD6, 0x06, 0xA5, 0x10, 0x29, 0xE7, 0x85, 0x10, 0xA9, 0x00, 0x85, 0x3F,
    0x8D, 0x61, 0x06, 0x8D, 0x95, 0x06, 0xA2, 0x04, 0xA9, 0x02, 0x20, 0xA6, 0xF9, 0xA2, 0x04, 0x2C,
    0xD6, 0x06, 0x10, 0x01, 0xE8, 0xA9, 0x00, 0x20, 0xA6, 0xF9, 0xA9, 0x00, 0x2C, 0xD6, 0x06, 0x10,
    0x02, 0xA9, 0x03, 0x85, 0x17, 0xA5, 0x10, 0x29, 0xFC, 0x09, 0x18, 0x85, 0x10, 0xA9, 0x00, 0x85,
    0x01, 0x85, 0x00, 0xA9, 0x93, 0x85, 0x20, 0xA9, 0x85, 0x85, 0x21, 0xA9, 0x83, 0x85, 0x22, 0xA9,
    0x85, 0x85, 0x23, 0x20, 0x9F, 0xBE, 0x20, 0x8E, 0xBE, 0xA9, 0x2C, 0x8D, 0x81, 0x03, 0xA9, 0x28,
    0x8D, 0x82, 0x03, 0xA9, 0x6C, 0x8D, 0x6A, 0x03, 0x2C, 0xD5, 0x03, 0x30, 0x02, 0xA9, 0x70, 0x8D,
    0x6B, 0x03, 0xA9, 0x02, 0x8D, 0xD1, 0x06, 0xA9, 0xF0, 0x85, 0xEA, 0xA9, 0xFF, 0x8D, 0xD5, 0x06,
    0xA9, 0x01, 0x8D, 0xD2, 0x06, 0xA9, 0x01, 0xCD, 0x04, 0x01, 0xF0, 0x05, 0xA2, 0x00, 0x20, 0x4C,
    0xA8, 0xA9, 0x68, 0x85, 0x1B, 0xA9, 0x26, 0x8D, 0x00, 0x07, 0xA9, 0x01, 0x8D, 0x01, 0x07, 0xA9,
    0x23, 0x8D, 0x02, 0x07, 0xA9, 0x90, 0x8D, 0x03, 0x07, 0x2C, 0xD6, 0x06, 0x30, 0x26, 0xA9, 0x0F,
    0x8D, 0x1D, 0x03, 0xA9, 0x10, 0x8D, 0x03, 0x03, 0xA9, 0x09, 0x8D, 0x11, 0x03, 0x8D, 0x15, 0x03,
    0xA9, 0x19, 0x8D, 0x12, 0x03, 0xA9, 0x29, 0x8D, 0x13, 0x03, 0xA9, 0x07, 0x8D, 0x16, 0x03, 0xA9,
    0x17, 0x8D, 0x17, 0x03, 0xA5, 0x47, 0x29, 0xE7, 0x85, 0x47, 0xA9, 0x28, 0x8D, 0xCD, 0x06, 0xA9,
    0x5D, 0x8D, 0xCE, 0x06, 0xA9, 0x01, 0x8D, 0xD0, 0x06, 0xA9, 0x00, 0x8D, 0xCB, 0x06, 0xA9, 0x15,
    0x85, 0xF4, 0xA9, 0x00, 0x85, 0xE7, 0xA9, 0x02, 0x85, 0xE6, 0xA9, 0x95, 0x85, 0xE8, 0xA9, 0xFB,
    0x85, 0xE9, 0xA9, 0x00, 0x85, 0xE3, 0x2C, 0xD6, 0x06, 0x30, 0x20, 0xA6, 0x1A, 0xA9, 0x60, 0x9D,
    0x00, 0x02, 0xE8, 0xA9, 0xD2, 0x9D, 0x00, 0x02, 0xE8, 0xA9, 0x0B, 0x9D, 0x00, 0x02, 0xE8, 0xA8,
    0xA9, 0x52, 0x9D, 0x00, 0x02, 0xE8, 0x88, 0xD0, 0xF9, 0x86, 0x1A, 0xA2, 0x0B, 0xA9, 0x00, 0x9D,
    0xA9, 0x03, 0xCA, 0x10, 0xF8, 0x60, 0xFF, 0xFF, 0xFF, 0xFF, 0xFF, 0xFF, 0xFF, 0xFF, 0xFF, 0xFF,
    0xFF, 0xFF, 0xFF, 0xFF, 0xFF, 0xFF, 0xFF, 0xFF, 0xFF, 0xFF, 0x0B, 0xE0, 0x00, 0x80, 0x67, 0xF5,
    0x00, 0x00, 0x00, 0x00, 0x00, 0x00, 0x00, 0x00, 0x00, 0x00, 0x00, 0x00, 0x00, 0x00, 0x00, 0x00,
    0xFF, 0xFF, 0xFF, 0xFF, 0xFF, 0xFF, 0xFF, 0xFF, 0x00, 0x00, 0x00, 0x00, 0x00, 0x00, 0x00, 0x00,
    0xFF, 0xFF, 0xFF, 0xFF, 0xFF, 0xFF, 0xFF, 0xFF, 0xFF, 0xFF, 0xFF, 0xFF, 0xFF, 0xFF, 0xFF, 0xFF,
    0x00, 0x00, 0x00, 0x00, 0x00, 0x00, 0x00, 0x00, 0x00, 0x00, 0x00, 0x08, 0x00, 0x00, 0x00, 0x00,
    0x00, 0x00, 0x00, 0x00, 0x00, 0x00, 0x00, 0x00, 0x00, 0x00, 0x04, 0x10, 0x00, 0x00, 0x00, 0x00,
    0x00, 0x00, 0x00, 0x00, 0x00, 0x00, 0x00, 0x00, 0x00, 0x00, 0x08, 0x20, 0x08, 0x00, 0x00, 0x00,
    0x00, 0x00, 0x00, 0x00, 0x00, 0x00, 0x00, 0x00, 0x00, 0x00, 0x08, 0x42, 0x28, 0x00, 0x00, 0x00,
    0x40, 0xE0, 0xE0, 0xE0, 0xE0, 0xE0, 0xE0, 0xE0, 0x00, 0x00, 0x00, 0x00, 0x00, 0x00, 0x00, 0x00,
    0x18, 0x38, 0x38, 0x70, 0x70, 0x70, 0xE0, 0xE0, 0x00, 0x00, 0x00, 0x00, 0x00, 0x00, 0x00, 0x00,
    0x00, 0x07, 0x0F, 0x1E, 0x3C, 0x78, 0xF0, 0xE0, 0x00, 0x00, 0x00, 0x00, 0x00, 0x00, 0x00, 0x00,
    0x00, 0x00, 0x00, 0x00, 0x0F, 0x3E, 0xF8, 0xE0, 0x00, 0x00, 0x00, 0x00, 0x00, 0x00, 0x00, 0x00,
    0x00, 0x00, 0x00, 0x00, 0x00, 0xFE, 0xFF, 0xFE, 0x00, 0x00, 0x00, 0x00, 0x00, 0x00, 0x00, 0x00,
    0x00, 0x00, 0x80, 0x80, 0xFF, 0x80, 0x80, 0x00, 0x00, 0x00, 0x00, 0x00, 0x00, 0x00, 0x00, 0x00,
    0x3E, 0x08, 0x08, 0x08, 0x08, 0x08, 0x08, 0x08, 0x00, 0x00, 0x00, 0x00, 0x00, 0x00, 0x00, 0x00,
    0x80, 0x80, 0x80, 0x80, 0x80, 0x80, 0x80, 0x80, 0x00, 0x00, 0x00, 0x00, 0x00, 0x00, 0x00, 0x00,
    0xFF, 0x00, 0x00, 0x00, 0x00, 0x00, 0x00, 0x00, 0x00, 0x00, 0x00, 0x00, 0x00, 0x00, 0x00, 0x00,
    0x00, 0x00, 0x00, 0x18, 0x18, 0x00, 0x00, 0x00, 0x00, 0x00, 0x00, 0x00, 0x00, 0x00, 0x00, 0x00,
    0x00, 0x00, 0x00, 0x10, 0x10, 0x00, 0x00, 0x00, 0x00, 0x00, 0x00, 0x00, 0x00, 0x00, 0x00, 0x00,
    0x7E, 0x7E, 0x00, 0x00, 0x00, 0x00, 0x00, 0x00, 0x7E, 0x7E, 0x00, 0x00, 0x00, 0x00, 0x00, 0x00,
    0x7E, 0x7E, 0x00, 0x00, 0x00, 0x00, 0x7E, 0x7E, 0x7E, 0x7E, 0x00, 0x00, 0x00, 0x00, 0x7E, 0x7E,
    0x00, 0x00, 0x00, 0x00, 0x00, 0x08, 0x00, 0x00, 0x00, 0x00, 0x00, 0x00, 0x00, 0x08, 0x00, 0x00,
    0x00, 0x00, 0x00, 0x00, 0x10, 0x10, 0x00, 0x00, 0x00, 0x00, 0x00, 0x00, 0x10, 0x10, 0x00, 0x00,
    0x00, 0x00, 0x00, 0x18, 0x18, 0x18, 0x00, 0x00, 0x00, 0x00, 0x00, 0x00, 0x18, 0x18, 0x00, 0x00,
    0x00, 0x08, 0x1C, 0x1C, 0x1C, 0x1C, 0x00, 0x00, 0x00, 0x00, 0x00, 0x00, 0x1C, 0x1C, 0x00, 0x00,
    0x00, 0x00, 0x00, 0x00, 0x10, 0x00, 0x00, 0x00, 0x00, 0x00, 0x00, 0x10, 0x10, 0x00, 0x00, 0x00,
    0x00, 0x00, 0x00, 0x08, 0x00, 0x1C, 0x00, 0x00, 0x00, 0x00, 0x00, 0x08, 0x1C, 0x1C, 0x00, 0x00,
    0x00, 0x00, 0x00, 0x18, 0x00, 0x3C, 0x00, 0x00, 0x00, 0x00, 0x18, 0x7E, 0x7E, 0x3C, 0x00, 0x00,
    0x00, 0x00, 0x3C, 0x3C, 0x81, 0x7E, 0x00, 0x00, 0x18, 0x18, 0x7E, 0xFF, 0xFF, 0x7E, 0x00, 0x00,
    0x00, 0x00, 0x00, 0x00, 0x00, 0x00, 0x00, 0x00, 0x00, 0x00, 0x1E, 0x3F, 0x3F, 0x3F, 0x3F, 0x1E,
    0x00, 0x00, 0x1E, 0x3F, 0x3F, 0x3F, 0x3F, 0x1E, 0x00, 0x00, 0x1E, 0x3F, 0x3F, 0x3F, 0x3F, 0x1E,
    0x00, 0x00, 0x00, 0x00, 0x00, 0x00, 0x00, 0x00, 0x00, 0x00, 0x00, 0xFF, 0xFF, 0x00, 0x00, 0x00,
    0x00, 0x00, 0x00, 0xFF, 0xFF, 0x00, 0x00, 0x00, 0x00, 0x00, 0x00, 0xFF, 0xFF, 0x00, 0x00, 0x00,
    0xFF, 0xFF, 0xFF, 0xFF, 0xFF, 0xFF, 0xFF, 0xFF, 0x00, 0x7C, 0xC6, 0xCE, 0xDE, 0xF6, 0xE6, 0x7C,
    0xFF, 0xFF, 0xFF, 0xFF, 0xFF, 0xFF, 0xFF, 0xFF, 0x00, 0x30, 0x70, 0x30, 0x30, 0x30, 0x30, 0x78,
    0xFF, 0xFF, 0xFF, 0xFF, 0xFF, 0xFF, 0xFF, 0xFF, 0x00, 0xF8, 0x0C, 0x0C, 0x38, 0x60, 0xC0, 0xFC,
    0xFF, 0xFF, 0xFF, 0xFF, 0xFF, 0xFF, 0xFF, 0xFF, 0x00, 0xF8, 0x0C, 0x0C, 0x38, 0x0C, 0x0C, 0xF8,
    0xFF, 0xFF, 0xFF, 0xFF, 0xFF, 0xFF, 0xFF, 0xFF, 0x00, 0x1C, 0x3C, 0x6C, 0xCC, 0xFE, 0x0C, 0x0C,
    0xFF, 0xFF, 0xFF, 0xFF, 0xFF, 0xFF, 0xFF, 0xFF, 0x00, 0xFC, 0xC0, 0xF8, 0x0C, 0x0C, 0x0C, 0xF8,
    0xFF, 0xFF, 0xFF, 0xFF, 0xFF, 0xFF, 0xFF, 0xFF, 0x00, 0x3C, 0x60, 0xC0, 0xF8, 0xCC, 0xCC, 0x78,
    0xFF, 0xFF, 0xFF, 0xFF, 0xFF, 0xFF, 0xFF, 0xFF, 0x00, 0xFC, 0x0C, 0x18, 0x30, 0x60, 0xC0, 0xC0,
    0xFF, 0xFF, 0xFF, 0xFF, 0xFF, 0xFF, 0xFF, 0xFF, 0x00, 0x78, 0xCC, 0xCC, 0x78, 0xCC, 0xCC, 0x78,
    0xFF, 0xFF, 0xFF, 0xFF, 0xFF, 0xFF, 0xFF, 0xFF, 0x00, 0x78, 0xCC, 0xCC, 0x7C, 0x0C, 0x0C, 0x78,
    0xFF, 0xFF, 0xFF, 0xFF, 0xFF, 0xFF, 0xFF, 0xFF, 0x00, 0x30, 0x78, 0xCC, 0xCC, 0xFC, 0xCC, 0xCC,
    0xFF, 0xFF, 0xFF, 0xFF, 0xFF, 0xFF, 0xFF, 0xFF, 0x00, 0xF8, 0xCC, 0xCC, 0xF8, 0xCC, 0xCC, 0xF8,
    0xFF, 0xFF, 0xFF, 0xFF, 0xFF, 0xFF, 0xFF, 0xFF, 0x00, 0x7C, 0xC0, 0xC0, 0xC0, 0xC0, 0xC0, 0x7C,
    0xFF, 0xFF, 0xFF, 0xFF, 0xFF, 0xFF, 0xFF, 0xFF, 0x00, 0xF8, 0xCC, 0xCC, 0xCC, 0xCC, 0xCC, 0xF8,
    0xFF, 0xFF, 0xFF, 0xFF, 0xFF, 0xFF, 0xFF, 0xFF, 0x00, 0xFC, 0xC0, 0xC0, 0xF8, 0xC0, 0xC0, 0xFC,
    0xFF, 0xFF, 0xFF, 0xFF, 0xFF, 0xFF, 0xFF, 0xFF, 0x00, 0xFC, 0xC0, 0xC0, 0xF8, 0xC0, 0xC0, 0xC0,
    0xFF, 0xFF, 0xFF, 0xFF, 0xFF, 0xFF, 0xFF, 0xFF, 0x00, 0x7C, 0xC0, 0xC0, 0xC0, 0xDC, 0xCC, 0x7C,
    0xFF, 0xFF, 0xFF, 0xFF, 0xFF, 0xFF, 0xFF, 0xFF, 0x00, 0xCC, 0xCC, 0xCC, 0xFC, 0xCC, 0xCC, 0xCC,
    0xFF, 0xFF, 0xFF, 0xFF, 0xFF, 0xFF, 0xFF, 0xFF, 0x00, 0x78, 0x30, 0x30, 0x30, 0x30, 0x30, 0x78,
    0xFF, 0xFF, 0xFF, 0xFF, 0xFF, 0xFF, 0xFF, 0xFF, 0x00, 0x1E, 0x0C, 0x0C, 0x0C, 0x0C, 0x0C, 0xF8,
    0xFF, 0xFF, 0xFF, 0xFF, 0xFF, 0xFF, 0xFF, 0xFF, 0x00, 0xC6, 0xCC, 0xD8, 0xF0, 0xD8, 0xCC, 0xC6,
    0xFF, 0xFF, 0xFF, 0xFF, 0xFF, 0xFF, 0xFF, 0xFF, 0x00, 0xC0, 0xC0, 0xC0, 0xC0, 0xC0, 0xC0, 0xFC,
    0xFF, 0xFF, 0xFF, 0xFF, 0xFF, 0xFF, 0xFF, 0xFF, 0x00, 0xC6, 0xEE, 0xFE, 0xD6, 0xC6, 0xC6, 0xC6,
    0xFF, 0xFF, 0xFF, 0xFF, 0xFF, 0xFF, 0xFF, 0xFF, 0x00, 0xC6, 0xE6, 0xF6, 0xDE, 0xCE, 0xC6, 0xC6,
    0xFF, 0xFF, 0xFF, 0xFF, 0xFF, 0xFF, 0xFF, 0xFF, 0x00, 0x78, 0xCC, 0xCC, 0xCC, 0xCC, 0xCC, 0x78,
    0xFF, 0xFF, 0xFF, 0xFF, 0xFF, 0xFF, 0xFF, 0xFF, 0x00, 0xF8, 0xCC, 0xCC, 0xF8, 0xC0, 0xC0, 0xC0,
    0xFF, 0xFF, 0xFF, 0xFF, 0xFF, 0xFF, 0xFF, 0xFF, 0x00, 0x78, 0xCC, 0xCC, 0xCC, 0xCC, 0xD8, 0x6C,
    0xFF, 0xFF, 0xFF, 0xFF, 0xFF, 0xFF, 0xFF, 0xFF, 0x00, 0xF8, 0xCC, 0xCC, 0xF8, 0xF0, 0xD8, 0xCC,
    0xFF, 0xFF, 0xFF, 0xFF, 0xFF, 0xFF, 0xFF, 0xFF, 0x00, 0x7C, 0xC0, 0xC0, 0x78, 0x0C, 0x0C, 0xF8,
    0xFF, 0xFF, 0xFF, 0xFF, 0xFF, 0xFF, 0xFF, 0xFF, 0x00, 0xFC, 0x30, 0x30, 0x30, 0x30, 0x30, 0x30,
    0xFF, 0xFF, 0xFF, 0xFF, 0xFF, 0xFF, 0xFF, 0xFF, 0x00, 0xCC, 0xCC, 0xCC, 0xCC, 0xCC, 0xCC, 0x7C,
    0xFF, 0xFF, 0xFF, 0xFF, 0xFF, 0xFF, 0xFF, 0xFF, 0x00, 0xCC, 0xCC, 0xCC, 0xCC, 0xCC, 0x78, 0x30,
    0xFF, 0xFF, 0xFF, 0xFF, 0xFF, 0xFF, 0xFF, 0xFF, 0x00, 0xC6, 0xC6, 0xC6, 0xD6, 0xFE, 0xEE, 0xC6,
    0xFF, 0xFF, 0xFF, 0xFF, 0xFF, 0xFF, 0xFF, 0xFF, 0x00, 0xC6, 0xC6, 0x6C, 0x38, 0x6C, 0xC6, 0xC6,
    0xFF, 0xFF, 0xFF, 0xFF, 0xFF, 0xFF, 0xFF, 0xFF, 0x00, 0xCC, 0xCC, 0xCC, 0x7C, 0x0C, 0x0C, 0xF8,
    0xFF, 0xFF, 0xFF, 0xFF, 0xFF, 0xFF, 0xFF, 0xFF, 0x00, 0xFE, 0x0C, 0x18, 0x30, 0x60, 0xC0, 0xFE,
    0xFF, 0xFF, 0xFF, 0xFF, 0xFF, 0xFF, 0xFF, 0xFF, 0x00, 0x00, 0x00, 0x00, 0x00, 0x30, 0x30, 0x10,
    0xFF, 0xFF, 0xFF, 0xFF, 0xFF, 0xFF, 0xFF, 0xFF, 0x00, 0x00, 0x00, 0x00, 0x00, 0x00, 0x30, 0x30,
    0xFF, 0xFF, 0xFF, 0xFF, 0xFF, 0xFF, 0xFF, 0xFF, 0x00, 0x00, 0x00, 0x18, 0x18, 0x00, 0x00, 0x00,
    0xFF, 0xFF, 0xFF, 0xFF, 0xFF, 0xFF, 0xFF, 0xFF, 0x00, 0x00, 0x00, 0x3C, 0x00, 0x00, 0x00, 0x00,
    0x00, 0x00, 0x00, 0x00, 0x00, 0x00, 0x00, 0x00, 0x29, 0x20, 0x99, 0x09, 0x50, 0xD8, 0x8D, 0x0C,
    0x00, 0x00, 0x00, 0x00, 0x00, 0x00, 0x00, 0x00, 0x8C, 0x0C, 0x91, 0xC0, 0x03, 0x11, 0xBD, 0xD8,
    0x00, 0x00, 0x00, 0x00, 0x00, 0x00, 0x00, 0x00, 0xA9, 0x20, 0x99, 0x89, 0x50, 0xD8, 0x8D, 0x8C,
    0x00, 0x00, 0x00, 0x00, 0x00, 0x00, 0x00, 0x00, 0x29, 0x20, 0x99, 0x09, 0x50, 0xD8, 0x8C, 0x0C,
    0xF7, 0xF7, 0x84, 0x84, 0xF7, 0x00, 0x84, 0xF7, 0x00, 0x84, 0xF7, 0xF7, 0x00, 0x00, 0x84, 0x00,
    0xFF, 0xFF, 0x00, 0x00, 0xFF, 0x00, 0xFF, 0xFF, 0x00, 0x00, 0xFF, 0xFF, 0x00, 0x00, 0x00, 0x00,
    0xEF, 0xEF, 0x08, 0x08, 0xEF, 0x00, 0x08, 0x6F, 0x00, 0x08, 0xEF, 0xEF, 0x00, 0x00, 0x09, 0x00,
    0x00, 0x00, 0xFF, 0xFF, 0x00, 0x00, 0x00, 0x00, 0x00, 0xFF, 0x00, 0x00, 0x00, 0x00, 0x00, 0x00,
    0x00, 0x00, 0x80, 0xBF, 0x59, 0x7F, 0x19, 0x19, 0x00, 0xFF, 0x00, 0x00, 0x04, 0x00, 0x04, 0x04,
    0x00, 0x00, 0x3F, 0xBF, 0x40, 0xC0, 0x00, 0x00, 0x00, 0xFF, 0x00, 0x00, 0x00, 0x00, 0x00, 0x00,
    0x19, 0x19, 0x19, 0x19, 0x19, 0x19, 0x19, 0x19, 0x04, 0x04, 0x04, 0x04, 0x04, 0x04, 0x04, 0x04,
    0x01, 0x00, 0x01, 0x00, 0x01, 0x01, 0x00, 0x01, 0x00, 0x01, 0x01, 0x01, 0x00, 0x00, 0x00, 0x00,
    0x11, 0x87, 0x43, 0x05, 0xC5, 0xC5, 0x15, 0x89, 0x0E, 0x00, 0x84, 0xF6, 0x3E, 0x3E, 0x0E, 0x0E,
    0x8F, 0x0E, 0x0F, 0x8F, 0xAF, 0x07, 0x86, 0xCF, 0x30, 0x30, 0x30, 0x30, 0x30, 0x38, 0x38, 0x30,
    0x8C, 0xCC, 0xDB, 0xBB, 0x1B, 0x5F, 0x7D, 0xED, 0x42, 0x02, 0x04, 0x04, 0x24, 0x20, 0x02, 0x02,
    0x68, 0xFC, 0xFC, 0x9C, 0xD8, 0xC0, 0xA8, 0xA0, 0x00, 0x00, 0x00, 0x40, 0x00, 0x00, 0x00, 0x00,
    0x00, 0x00, 0x20, 0xF4, 0xAF, 0x0D, 0x84, 0x88, 0x00, 0x00, 0x00, 0x00, 0x00, 0x00, 0x00, 0x00,
    0x18, 0x01, 0x81, 0x82, 0x00, 0x00, 0xFC, 0xE8, 0x01, 0x00, 0x04, 0x05, 0x02, 0x00, 0x00, 0x04,
    0xFE, 0xE0, 0x80, 0x08, 0x14, 0x0C, 0x1C, 0x0E, 0x00, 0x00, 0x1C, 0x7C, 0xFE, 0xFE, 0xFE, 0xFE,
    0x00, 0x00, 0x00, 0x00, 0x00, 0x00, 0x00, 0x00, 0x01, 0x01, 0x03, 0x03, 0x03, 0x03, 0x07, 0x07,
    0xC1, 0xD9, 0x93, 0x90, 0x87, 0x87, 0x9F, 0xBF, 0x0E, 0x0E, 0x0C, 0x0F, 0x1F, 0x1F, 0x3F, 0x1F,
    0xC7, 0xC0, 0xC6, 0x0B, 0xF6, 0xF6, 0xCC, 0x00, 0x38, 0x3F, 0x39, 0xF0, 0xF8, 0xF8, 0xF0, 0xC0,
    0xED, 0xED, 0xDF, 0xBE, 0x00, 0x00, 0x78, 0x18, 0x02, 0x02, 0x00, 0x00, 0x00, 0x00, 0x00, 0x08,
    0x01, 0x43, 0xC3, 0x1B, 0x00, 0x03, 0x20, 0x20, 0x00, 0x00, 0x00, 0x00, 0x00, 0x00, 0x00, 0x00,
    0x79, 0xFB, 0x7B, 0x27, 0x07, 0x07, 0x07, 0x04, 0x00, 0x00, 0x00, 0x00, 0x00, 0x00, 0x00, 0x00,
    0xF8, 0x88, 0xC8, 0x82, 0x81, 0x99, 0x81, 0x83, 0x06, 0x76, 0x36, 0x7C, 0x7C, 0x7C, 0x64, 0x78,
    0x1E, 0x0E, 0x0E, 0x06, 0x04, 0x06, 0x04, 0x06, 0x7E, 0x7E, 0x7E, 0x7E, 0x7E, 0x3E, 0x3E, 0x3E,
    0x02, 0x02, 0x06, 0x04, 0x04, 0x0C, 0x08, 0x00, 0x07, 0x07, 0x0F, 0x0F, 0x0F, 0x1E, 0x1F, 0x1E,
    0xDE, 0x58, 0x18, 0x98, 0x10, 0x98, 0x00, 0x00, 0x1F, 0x00, 0x00, 0x00, 0x08, 0x00, 0x00, 0x00,
    0xD0, 0x00, 0x00, 0x00, 0x00, 0x00, 0x00, 0x00, 0x00, 0x00, 0x00, 0x00, 0x00, 0x00, 0x00, 0x00,
    0x34, 0x10, 0x04, 0x00, 0x07, 0x08, 0x08, 0x00, 0x08, 0x00, 0x00, 0x07, 0x00, 0x00, 0x00, 0x00,
    0x00, 0x00, 0x79, 0x1D, 0xC1, 0x02, 0x03, 0x04, 0x00, 0x00, 0x06, 0xE0, 0x00, 0x01, 0x00, 0x00,
    0x00, 0x00, 0x81, 0x00, 0x00, 0x00, 0x00, 0x00, 0x00, 0x00, 0x00, 0x00, 0x00, 0x00, 0x00, 0x00,
    0x07, 0x47, 0x46, 0x36, 0x36, 0x1E, 0x16, 0x10, 0x00, 0x38, 0x38, 0x08, 0x08, 0x00, 0x08, 0x0E,
    0x04, 0x06, 0x06, 0x04, 0x0C, 0x18, 0x18, 0x38, 0x3E, 0x3E, 0x3E, 0x3E, 0x3E, 0x3E, 0x3E, 0x7E,
    0x00, 0x0C, 0x0C, 0x1E, 0x1A, 0x1A, 0x1A, 0x08, 0x1E, 0x1C, 0x3E, 0x3E, 0x3F, 0x3F, 0x3B, 0x1B,
    0x00, 0x06, 0x04, 0x08, 0x08, 0x0C, 0x0E, 0x0F, 0x00, 0x00, 0x00, 0x00, 0x00, 0x00, 0x00, 0x00,
    0x00, 0x00, 0x00, 0x00, 0x00, 0x40, 0x01, 0x00, 0x00, 0x00, 0x00, 0x00, 0xC0, 0x80, 0x00, 0x00,
    0x00, 0x00, 0x00, 0x00, 0x10, 0x00, 0x00, 0x00, 0x00, 0x00, 0x00, 0x00, 0x00, 0x00, 0x00, 0x00,
    0x00, 0x02, 0x38, 0x00, 0x00, 0x01, 0x99, 0x9E, 0x00, 0x0A, 0x00, 0x00, 0x00, 0x00, 0x00, 0x00,
    0x00, 0x00, 0x80, 0x80, 0x80, 0x80, 0xC0, 0xC0, 0x1C, 0x00, 0x00, 0x00, 0x00, 0x00, 0x00, 0x80,
    0x38, 0x3C, 0xFC, 0xEC, 0x4F, 0x4E, 0xC8, 0x09, 0x7F, 0x7F, 0xFF, 0xEF, 0xCF, 0xCF, 0xCF, 0x0F,
    0x00, 0x00, 0x00, 0x00, 0x00, 0x00, 0x00, 0x00, 0x00, 0x00, 0x00, 0x00, 0x00, 0x00, 0x78, 0xFF,
    0x00, 0x00, 0x00, 0x00, 0x00, 0x00, 0x00, 0x00, 0x1B, 0x1C, 0x0C, 0x0E, 0x07, 0x03, 0x00, 0x00,
    0x1F, 0x1F, 0x1E, 0x18, 0x18, 0x1C, 0x00, 0x03, 0x00, 0x00, 0x00, 0x00, 0x00, 0x00, 0x00, 0x00,
    0x02, 0x42, 0x06, 0x04, 0x0C, 0x08, 0x6E, 0x1F, 0x00, 0x00, 0x00, 0x00, 0x00, 0x00, 0x00, 0x00,
    0x00, 0x10, 0x00, 0x10, 0x10, 0x10, 0x12, 0x97, 0x00, 0x00, 0x00, 0x00, 0x00, 0x00, 0x00, 0x00,
    0x00, 0x1F, 0x1F, 0x00, 0x00, 0x03, 0x03, 0x82, 0x00, 0x00, 0x00, 0x00, 0x00, 0x00, 0x00, 0x00,
    0x04, 0x00, 0x00, 0x80, 0x40, 0x0D, 0xFA, 0x60, 0x00, 0x00, 0x00, 0x00, 0x00, 0x00, 0x00, 0x00,
    0xC0, 0x00, 0x40, 0x40, 0x80, 0x80, 0x00, 0x00, 0x00, 0x00, 0x00, 0x00, 0x00, 0x00, 0x00, 0x00,
    0x08, 0x10, 0x10, 0x20, 0x00, 0x00, 0x00, 0x00, 0x0F, 0x1F, 0x1E, 0x38, 0x30, 0x00, 0x00, 0x00,
    0x00, 0x00, 0x00, 0x00, 0x00, 0x00, 0x00, 0x00, 0x00, 0x00, 0x00, 0x00, 0x00, 0x00, 0x0E, 0xFF,
    0xCF, 0x8F, 0x27, 0xF6, 0xF0, 0xC3, 0x99, 0x1C, 0xCF, 0x8F, 0x27, 0xF6, 0xF0, 0xC3, 0x99, 0x1C,
    0xF8, 0xF9, 0xF3, 0x0F, 0x7F, 0x7F, 0x31, 0x00, 0xF8, 0xF9, 0xF3, 0x0F, 0x7E, 0x7C, 0x32, 0x07,
    0xFF, 0xF8, 0xC0, 0xE0, 0xA1, 0x32, 0x3E, 0x3F, 0xF8, 0xF8, 0xFF, 0x1F, 0x5E, 0xCD, 0xC1, 0xC0,
    0x80, 0x00, 0x40, 0x60, 0xC0, 0x74, 0x34, 0x18, 0x00, 0x00, 0x80, 0x90, 0x38, 0x88, 0xC8, 0xE6,
    0x00, 0x30, 0x3F, 0x0B, 0x02, 0x06, 0x06, 0x03, 0x00, 0x00, 0x00, 0x00, 0x02, 0x06, 0x06, 0x03,
    0x40, 0x7F, 0xF8, 0xE0, 0x03, 0x03, 0x10, 0x00, 0x00, 0x00, 0x00, 0x00, 0x00, 0x00, 0x00, 0x00,
    0xC0, 0x00, 0x0C, 0x00, 0x7E, 0xF4, 0x00, 0x00, 0x03, 0x03, 0x01, 0x01, 0x01, 0x01, 0x00, 0x01,
    0x7B, 0x71, 0x24, 0xA7, 0xC7, 0xC3, 0x99, 0x0C, 0x7B, 0x71, 0x24, 0xA7, 0xC7, 0xC3, 0x99, 0x0C,
    0xFB, 0xF1, 0x24, 0xA7, 0xC7, 0xC3, 0x99, 0x0C, 0xFB, 0xF1, 0x24, 0xA7, 0xC7, 0xC3, 0x99, 0x0C,
    0xFB, 0xF1, 0x24, 0xE7, 0xE7, 0xC3, 0x99, 0x1D, 0xFB, 0xF1, 0x24, 0xE7, 0xE7, 0xC3, 0x99, 0x1D,
    0xFF, 0xFF, 0xC0, 0xE0, 0xA1, 0x32, 0x3E, 0x3F, 0xFF, 0xFF, 0xFF, 0x1F, 0x5E, 0xCD, 0xC1, 0xC0,
    0xFF, 0xFE, 0x7F, 0x6F, 0xC7, 0x77, 0x37, 0x19, 0xFF, 0xFE, 0xBF, 0x9F, 0x3F, 0x8B, 0xCB, 0xE7,
    0x80, 0xB0, 0xFF, 0x2F, 0xE2, 0xE6, 0xF6, 0xFB, 0x80, 0xB0, 0xFF, 0x2F, 0xE2, 0xE6, 0xF6, 0xFB,
    0x40, 0x60, 0xB0, 0xA0, 0x44, 0x42, 0x18, 0x0C, 0x40, 0x60, 0xB0, 0xA0, 0x44, 0x42, 0x18, 0x0C,
    0xCF, 0x2F, 0x17, 0x06, 0x00, 0x01, 0x00, 0x00, 0xCF, 0x2F, 0x17, 0x06, 0x00, 0x01, 0x00, 0x00,
    0x7B, 0x71, 0x24, 0xA7, 0xC7, 0xC3, 0x19, 0x0C, 0x7B, 0x71, 0x24, 0xA7, 0xC7, 0xC3, 0x19, 0x0C,
    0x22, 0x6E, 0x73, 0x63, 0x63, 0x62, 0x63, 0x7B, 0x25, 0x61, 0x7C, 0x7C, 0x7C, 0x7D, 0x5C, 0x44,
    0xE0, 0xE0, 0x30, 0x3D, 0x1F, 0xFF, 0xC1, 0x03, 0x1F, 0x1F, 0xCF, 0xC2, 0xE0, 0x00, 0x3E, 0xFC,
    0xB8, 0xDE, 0x50, 0xC8, 0x8F, 0xE8, 0xF8, 0x09, 0x46, 0x21, 0xAF, 0x37, 0x70, 0x17, 0x07, 0xF6,
    0x03, 0x03, 0x03, 0x03, 0x83, 0x83, 0x83, 0xC3, 0x03, 0x03, 0x03, 0x83, 0x03, 0x03, 0x03, 0x03,
    0x00, 0x00, 0x00, 0x1F, 0x80, 0xF0, 0x81, 0x81, 0x00, 0x00, 0x00, 0x00, 0x80, 0x80, 0x80, 0x80,
    0x98, 0x9E, 0x04, 0x00, 0x80, 0x00, 0xBF, 0xFA, 0x01, 0x00, 0x00, 0x00, 0x00, 0x00, 0x00, 0x00,
    0xB9, 0xDE, 0x50, 0xC8, 0x8F, 0xE8, 0xF8, 0x09, 0x47, 0x21, 0xAF, 0x37, 0x70, 0x17, 0x07, 0xF6,
    0xFF, 0xFF, 0xFF, 0x7F, 0xFF, 0xFF, 0xFF, 0xFF, 0xFF, 0xFF, 0xFF, 0xFF, 0x7F, 0x7F, 0x7F, 0x3F,
    0x7B, 0x71, 0x24, 0x27, 0xC7, 0xC3, 0x99, 0x8C, 0x7B, 0x71, 0x24, 0x27, 0xC7, 0xC3, 0x99, 0x8C,
    0x80, 0x80, 0x20, 0xF0, 0xF0, 0xC0, 0x98, 0x1C, 0x80, 0x80, 0x20, 0xF0, 0xF0, 0xC0, 0x98, 0x1C,
    0x1B, 0x01, 0x00, 0x01, 0x00, 0x00, 0x00, 0x00, 0x1B, 0x01, 0x00, 0x01, 0x00, 0x00, 0x00, 0x00,
    0xCF, 0x8F, 0x27, 0xF6, 0xF0, 0x03, 0x19, 0x0C, 0xCF, 0x8F, 0x27, 0xF6, 0xF0, 0x03, 0x19, 0x0C,
    0x00, 0x00, 0x00, 0x04, 0x04, 0x1C, 0x70, 0xE0, 0x00, 0x00, 0x00, 0xF8, 0xFB, 0xE3, 0x8F, 0x1F,
    0x23, 0x33, 0x3F, 0x3F, 0x3F, 0x3F, 0x3F, 0x1F, 0x18, 0x0C, 0x00, 0x00, 0x00, 0x80, 0xC0, 0xE0,
    0x02, 0x3E, 0xE1, 0xC3, 0xFF, 0xFF, 0xFF, 0xFF, 0xFD, 0xC1, 0x1E, 0x3C, 0x00, 0x00, 0x00, 0x00,
    0x0F, 0x1F, 0xFF, 0xFF, 0xFF, 0xFF, 0xFF, 0xFF, 0xF0, 0xE0, 0x00, 0x00, 0x00, 0x00, 0x00, 0x00,
    0xC3, 0xC3, 0xC3, 0xC3, 0xA3, 0xA0, 0xE0, 0x60, 0x03, 0x03, 0x03, 0x03, 0x43, 0x40, 0x00, 0x80,
    0x88, 0x80, 0x80, 0xC0, 0xC0, 0x0F, 0x00, 0x00, 0x80, 0x80, 0x80, 0xC0, 0xC0, 0x00, 0x00, 0x00,
    0x00, 0x00, 0x4C, 0x4F, 0x02, 0x80, 0x40, 0x20, 0x00, 0x00, 0x00, 0x00, 0x00, 0x00, 0x00, 0x00,
    0x40, 0x00, 0x00, 0x00, 0x00, 0x00, 0x00, 0x00, 0x00, 0x00, 0x00, 0x00, 0x00, 0x00, 0x00, 0x00,
    0x00, 0x00, 0x00, 0x00, 0x0E, 0x36, 0x63, 0xE3, 0x00, 0x00, 0x00, 0x03, 0x01, 0x09, 0x1C, 0x1C,
    0x00, 0x00, 0x00, 0x04, 0x06, 0x1C, 0x70, 0xE0, 0x00, 0x00, 0x00, 0xF8, 0xF9, 0xE3, 0x8F, 0x1F,
    0x00, 0x00, 0x00, 0x00, 0x00, 0x00, 0x00, 0x00, 0x00, 0x00, 0x00, 0x00, 0x00, 0xC0, 0xE0, 0xF0,
    0xC0, 0xC0, 0xC0, 0xC0, 0xA0, 0xA0, 0xE0, 0x60, 0x00, 0x00, 0x00, 0x00, 0x40, 0x40, 0x00, 0x80,
    0xF0, 0x18, 0x0C, 0x66, 0x67, 0x07, 0x9F, 0xFF, 0x0F, 0xE7, 0xF3, 0xF9, 0xF8, 0xF8, 0x60, 0x00,
    0x07, 0x0F, 0x7F, 0x62, 0xC3, 0x04, 0xC1, 0xFF, 0xF0, 0xF0, 0x80, 0x9D, 0x3C, 0xFA, 0x3E, 0x00,
    0xFF, 0xFF, 0xFF, 0xFF, 0x02, 0xFF, 0x7F, 0x7F, 0x00, 0x00, 0x00, 0x00, 0xDD, 0x00, 0x00, 0x00,
    0xFF, 0xFF, 0xFD, 0xE3, 0x1F, 0xFF, 0xFF, 0xF8, 0x00, 0x00, 0x02, 0x1C, 0xE0, 0x00, 0x00, 0x00,
    0x60, 0xE0, 0xE0, 0xC0, 0x8E, 0x36, 0x63, 0xE3, 0x80, 0x00, 0x00, 0x03, 0x01, 0x09, 0x1C, 0x1C,
    0x01, 0x01, 0x00, 0x04, 0x06, 0x1C, 0x70, 0xE0, 0x00, 0x00, 0x00, 0xF8, 0xF9, 0xE3, 0x8F, 0x1F,
    0xC0, 0x80, 0x00, 0x00, 0x00, 0x00, 0x00, 0x00, 0x00, 0x00, 0x00, 0x00, 0x00, 0xC0, 0xE0, 0xF0,
    0x00, 0x01, 0x01, 0x01, 0x01, 0x00, 0x00, 0x00, 0x00, 0x00, 0x00, 0x02, 0x02, 0x03, 0x07, 0x07,
    0x87, 0x9F, 0x9E, 0x9A, 0xFA, 0xE3, 0xE3, 0xE1, 0x78, 0x60, 0x61, 0x65, 0x05, 0x1C, 0x1C, 0x1E,
    0xF0, 0x18, 0x0C, 0x67, 0x67, 0x07, 0x9F, 0xFF, 0x0F, 0xE7, 0xF3, 0xF8, 0xF8, 0xF8, 0x60, 0x00,
    0x00, 0x08, 0x08, 0xBC, 0xE0, 0x02, 0xC2, 0xFE, 0xF0, 0xF0, 0xF0, 0x40, 0x1C, 0xFC, 0x3C, 0x00,
    0xFF, 0xFF, 0x1F, 0x1F, 0x1F, 0x1A, 0x1E, 0x13, 0x00, 0xFF, 0xE0, 0xE0, 0xE0, 0xE5, 0xE1, 0xEC,
    0xFF, 0x3C, 0xC8, 0xC0, 0xC0, 0x46, 0xC6, 0xC0, 0x00, 0xE1, 0x23, 0x27, 0x2F, 0xA9, 0x2B, 0x29,
    0x80, 0x3D, 0x00, 0x60, 0x00, 0x00, 0x00, 0x00, 0x00, 0x00, 0x7F, 0x1F, 0x00, 0x80, 0x80, 0x80,
    0x06, 0x51, 0x61, 0x41, 0x01, 0x00, 0x00, 0x00, 0x00, 0x2C, 0x98, 0x82, 0x02, 0x03, 0x07, 0x07,
    0x09, 0x09, 0x02, 0x01, 0x08, 0x10, 0x10, 0x11, 0x06, 0x06, 0x0C, 0x0E, 0x07, 0x0F, 0x0C, 0x0D,
    0xDF, 0xF9, 0xF9, 0x79, 0x18, 0x00, 0x01, 0x81, 0x20, 0x01, 0x01, 0x00, 0x81, 0xE9, 0x68, 0xA8,
    0x00, 0x00, 0x00, 0x00, 0x00, 0x00, 0x00, 0x00, 0x00, 0x00, 0x00, 0x00, 0x00, 0x80, 0x80, 0x80,
    0x00, 0x00, 0x00, 0x00, 0x0E, 0x36, 0x63, 0x63, 0x00, 0x00, 0x00, 0x03, 0x01, 0x09, 0x1C, 0x1C,
    0x1F, 0x1F, 0x1F, 0x1F, 0x00, 0x00, 0x00, 0x00, 0xE0, 0xE0, 0xE0, 0xE0, 0xFF, 0x00, 0x00, 0x00,
    0xC0, 0xC0, 0xC0, 0xC0, 0x01, 0x07, 0x0F, 0x1F, 0x29, 0x2F, 0x2E, 0x2C, 0xE0, 0x00, 0x00, 0x00,
    0x00, 0x00, 0x1F, 0x9F, 0x9F, 0x9F, 0x9F, 0x1F, 0x80, 0x00, 0x0F, 0x00, 0x00, 0x00, 0x00, 0x00,
    0x09, 0x09, 0xE2, 0xE1, 0xE8, 0xD0, 0xD0, 0xD1, 0x06, 0x06, 0xCC, 0x0E, 0x07, 0x0F, 0x0C, 0x0D,
    0x10, 0x10, 0x00, 0x10, 0x18, 0x1F, 0x1F, 0x0F, 0x0D, 0x0E, 0x07, 0x03, 0x00, 0x80, 0x80, 0x80,
    0x01, 0x11, 0x11, 0x11, 0x11, 0x00, 0xC0, 0xF8, 0xA8, 0x28, 0xE8, 0xE8, 0x68, 0x00, 0x00, 0x00,
    0x00, 0x00, 0x00, 0x80, 0x80, 0x80, 0x80, 0x00, 0x80, 0x00, 0x00, 0x00, 0x00, 0x00, 0x00, 0x00,
    0x10, 0x10, 0x00, 0x10, 0x18, 0x1F, 0x1F, 0x0F, 0x0D, 0x0E, 0x07, 0x03, 0x00, 0x00, 0x00, 0x00,
    0x00, 0xFF, 0xFF, 0x00, 0xFF, 0x41, 0xEF, 0x00, 0x00, 0x00, 0x00, 0x00, 0x00, 0xBE, 0x10, 0x03,
    0x1C, 0xF0, 0x81, 0x00, 0xE0, 0xD8, 0xBD, 0x20, 0x00, 0x00, 0x00, 0x00, 0x10, 0x3C, 0x7E, 0xF9,
    0x1F, 0x00, 0x00, 0x00, 0x8F, 0x0F, 0x03, 0x00, 0x00, 0x00, 0x00, 0x00, 0x00, 0x00, 0xC0, 0xE0,
    0xD0, 0x10, 0x00, 0x10, 0x18, 0x9F, 0x9F, 0x0F, 0x0D, 0x0E, 0x07, 0x03, 0x00, 0x00, 0x00, 0x00,
    0x03, 0x00, 0x01, 0x05, 0x41, 0xC1, 0x9F, 0x7D, 0x80, 0x00, 0x80, 0x80, 0x80, 0x00, 0x00, 0x80,
    0xF8, 0xFF, 0x1F, 0xC0, 0x7F, 0x88, 0x08, 0x00, 0x00, 0x00, 0x00, 0x00, 0x00, 0x77, 0x37, 0xC0,
    0x1C, 0xF0, 0x80, 0x00, 0xE0, 0xD8, 0xBD, 0x20, 0x00, 0x00, 0x00, 0x00, 0x10, 0x3C, 0x7E, 0xF9,
    0x00, 0x00, 0x00, 0x00, 0x00, 0x00, 0x00, 0x00, 0x00, 0x00, 0x00, 0x00, 0x00, 0x00, 0xC0, 0xE0,
    0x03, 0x00, 0x01, 0x05, 0x01, 0x01, 0x1F, 0x0B, 0x00, 0x00, 0x00, 0x00, 0x00, 0x00, 0x00, 0x04,
    0xF8, 0xFF, 0x1F, 0xC0, 0x7F, 0x88, 0x08, 0xFF, 0x00, 0x00, 0x00, 0x00, 0x00, 0x77, 0x37, 0x00,
    0xF0, 0x80, 0x00, 0x01, 0x00, 0xFF, 0x00, 0x00, 0x0F, 0x7F, 0xFE, 0xF8, 0x00, 0xFF, 0xFF, 0xFF,
    0x04, 0x1C, 0x3C, 0xF8, 0x00, 0xE0, 0x08, 0x08, 0xE1, 0xC1, 0x01, 0x03, 0x03, 0xF7, 0xF7, 0xF7,
    0x18, 0x1F, 0x01, 0x01, 0x00, 0x3F, 0x3C, 0x38, 0xE6, 0xC0, 0xDE, 0xDE, 0xDF, 0x80, 0x83, 0x87,
    0x03, 0x00, 0x01, 0x05, 0x41, 0xC1, 0x9F, 0x7D, 0x00, 0x00, 0x80, 0x80, 0x80, 0x00, 0x00, 0x80,
    0x3C, 0x00, 0x2E, 0x28, 0x20, 0x10, 0x00, 0x00, 0x1E, 0x3E, 0x1E, 0x1F, 0x1F, 0x0E, 0xCE, 0xC6,
    0x0C, 0x0F, 0xFC, 0x70, 0x00, 0x3F, 0x00, 0x00, 0xF3, 0xF0, 0x03, 0x0F, 0x00, 0x3F, 0x3F, 0x3F,
    0x10, 0x10, 0x00, 0x10, 0x58, 0xDF, 0xDF, 0x0F, 0x0D, 0x0E, 0xC7, 0xC3, 0x80, 0x00, 0x20, 0xE0,
    0x00, 0x03, 0x07, 0x1F, 0x7F, 0xFF, 0xFF, 0xFF, 0x00, 0x00, 0x00, 0x00, 0x00, 0x00, 0x00, 0x00,
    0x31, 0xC1, 0xE1, 0xE0, 0xE0, 0xF0, 0xF0, 0xF0, 0x0E, 0x3E, 0x1E, 0x1F, 0x1F, 0x0F, 0x0F, 0x0F,
    0xFF, 0xFF, 0xFC, 0xF0, 0xE0, 0xC0, 0x40, 0x40, 0x00, 0x00, 0x03, 0x0F, 0x00, 0x3F, 0xBF, 0xBF,
    0x00, 0x00, 0x00, 0x00, 0x00, 0x00, 0x04, 0x17, 0x00, 0x00, 0x00, 0x00, 0x00, 0x00, 0x03, 0x08,
    0x00, 0x00, 0x00, 0x00, 0x00, 0x00, 0x00, 0xFC, 0x00, 0x00, 0x00, 0x00, 0x00, 0x00, 0xE0, 0x00,
    0x00, 0x00, 0x01, 0x00, 0x02, 0x03, 0x00, 0x01, 0x00, 0x00, 0x00, 0x01, 0x01, 0x00, 0x03, 0x02,
    0x68, 0xE8, 0x66, 0x93, 0x91, 0x9A, 0xFF, 0xE7, 0x17, 0x17, 0x99, 0x6C, 0x6E, 0x65, 0x00, 0x1F,
    0x1E, 0x0E, 0x7F, 0xCE, 0x67, 0x61, 0xF1, 0xFE, 0xE0, 0xF1, 0x80, 0x31, 0x98, 0x9E, 0x0E, 0xFF,
    0x00, 0x00, 0x00, 0x00, 0x00, 0x00, 0x00, 0x00, 0x00, 0x00, 0x00, 0x80, 0x80, 0x80, 0x80, 0x80,
    0x03, 0x03, 0x07, 0x07, 0x05, 0x05, 0x07, 0x06, 0x04, 0x04, 0x00, 0x00, 0x02, 0x02, 0x00, 0x01,
    0xB3, 0x10, 0x03, 0x80, 0x92, 0x80, 0x80, 0x20, 0x4C, 0xE0, 0x80, 0x00, 0x00, 0x00, 0x00, 0x00,
    0x06, 0x00, 0xC0, 0x40, 0x94, 0x24, 0x20, 0x02, 0x01, 0x00, 0x00, 0x00, 0x00, 0x00, 0x00, 0x00,
    0x00, 0x00, 0x20, 0x20, 0x20, 0x60, 0x60, 0x60, 0xC0, 0xC0, 0x40, 0x40, 0x40, 0x00, 0x00, 0x00,
    0x03, 0x00, 0x00, 0x00, 0x00, 0x00, 0x00, 0x00, 0x00, 0x00, 0x00, 0x00, 0x00, 0x00, 0x00, 0x00,
    0x00, 0x00, 0x00, 0x00, 0x00, 0x00, 0x00, 0xC0, 0x00, 0x00, 0x00, 0x00, 0x00, 0x00, 0x00, 0xC0,
    0x06, 0x06, 0x04, 0x04, 0x04, 0x04, 0x00, 0x25, 0x00, 0x00, 0x00, 0x00, 0x00, 0x00, 0x00, 0x00,
    0x00, 0x00, 0x00, 0x00, 0x01, 0x00, 0x04, 0x05, 0x00, 0x00, 0x00, 0x00, 0x00, 0x03, 0x01, 0x01,
    0x03, 0x10, 0x2C, 0x4D, 0xEB, 0x98, 0x30, 0x71, 0x00, 0x01, 0x35, 0x3D, 0x1B, 0x3B, 0x7B, 0x7B,
    0x40, 0x00, 0xC0, 0xA0, 0x80, 0x00, 0x00, 0xA0, 0xC0, 0xC0, 0x80, 0x80, 0x80, 0xC0, 0xE0, 0xC0,
    0x0A, 0x00, 0x11, 0x27, 0x15, 0x1F, 0x3E, 0x3F, 0x01, 0x00, 0x00, 0x00, 0x00, 0x00, 0x01, 0x00,
    0x00, 0x78, 0x05, 0x07, 0x67, 0x37, 0x30, 0x30, 0x00, 0x70, 0x76, 0x77, 0x17, 0x47, 0x47, 0x47,
    0x00, 0x00, 0x00, 0x80, 0x00, 0x80, 0xC0, 0xF0, 0x00, 0x00, 0x00, 0x00, 0x80, 0xC0, 0xC0, 0xC0,
    0x09, 0x08, 0x08, 0x09, 0x08, 0x08, 0x11, 0x26, 0x00, 0x00, 0x00, 0x00, 0x00, 0x00, 0x00, 0x00,
    0x71, 0x20, 0x00, 0xC0, 0xC0, 0x75, 0x4B, 0x3F, 0x7B, 0x7B, 0x77, 0x37, 0x37, 0x32, 0xF0, 0xC0,
    0xC0, 0xD0, 0xC0, 0x20, 0x98, 0x80, 0x80, 0x81, 0xE0, 0xE0, 0xF8, 0xF8, 0x60, 0x00, 0x05, 0x06,
    0x0F, 0x18, 0x1C, 0x1E, 0x00, 0x4C, 0x9C, 0x37, 0x30, 0x67, 0x6F, 0x61, 0xC0, 0x83, 0x03, 0x00,
    0x30, 0x30, 0x77, 0x07, 0x27, 0xE7, 0xFA, 0xF8, 0x47, 0x47, 0x00, 0x00, 0x18, 0xF8, 0x00, 0x00,
    0x10, 0x70, 0xB8, 0xBC, 0x96, 0xCC, 0xE0, 0xE8, 0xE0, 0xA0, 0x70, 0x70, 0x58, 0x1F, 0x0F, 0x07,
    0x21, 0x23, 0x54, 0x8C, 0x84, 0x89, 0x81, 0x9D, 0x00, 0x1C, 0x0F, 0x07, 0x07, 0x06, 0x0E, 0x0E,
    0xFF, 0x5D, 0x4D, 0xB5, 0xA7, 0x87, 0x85, 0xC7, 0x00, 0x02, 0x12, 0x02, 0x00, 0x30, 0x30, 0x30,
    0xE4, 0xC4, 0xE4, 0xFC, 0xF4, 0xE4, 0x64, 0x64, 0x02, 0x02, 0x02, 0x02, 0x02, 0x02, 0x82, 0x82,
    0x3F, 0x3D, 0x6D, 0xDC, 0x84, 0x60, 0x78, 0x38, 0x00, 0x00, 0x10, 0x20, 0x78, 0x18, 0x00, 0x00,
    0x18, 0x78, 0x18, 0xF0, 0x08, 0x00, 0x00, 0x00, 0x00, 0x00, 0x00, 0x00, 0x00, 0x00, 0x00, 0x00,
    0xFC, 0x7A, 0x7B, 0xF9, 0x79, 0x38, 0x1D, 0x1E, 0x07, 0x07, 0x07, 0x07, 0x07, 0x07, 0x02, 0x00,
    0xC0, 0xE0, 0xE0, 0xF0, 0xE8, 0x8C, 0x3E, 0x7E, 0x00, 0x00, 0x00, 0x00, 0x00, 0x00, 0x00, 0x00,
    0x00, 0x00, 0x00, 0x00, 0x00, 0x08, 0x0F, 0x07, 0x00, 0x00, 0x00, 0x00, 0x08, 0x1F, 0x1F, 0x1F,
    0x00, 0x00, 0x00, 0x00, 0x00, 0x00, 0xC0, 0xC0, 0x00, 0x00, 0x00, 0x00, 0x40, 0xD8, 0xDC, 0xFC,
    0x07, 0x07, 0x07, 0x06, 0x07, 0x03, 0x03, 0x00, 0x7F, 0x3F, 0x3F, 0x1F, 0x1F, 0x0F, 0x0F, 0x1F,
    0x00, 0x80, 0x80, 0x00, 0x80, 0x00, 0xE0, 0x00, 0xE8, 0xF8, 0xF8, 0x08, 0xF8, 0xF8, 0xF0, 0xC0,
    0x07, 0x07, 0x07, 0x06, 0x07, 0x03, 0x03, 0x01, 0x7F, 0x3F, 0x3F, 0x1F, 0x1F, 0x0F, 0x0F, 0x1F,
    0x00, 0x80, 0x00, 0x00, 0x00, 0x00, 0xE0, 0xC0, 0xE8, 0xF8, 0x18, 0x08, 0x98, 0xF8, 0xF8, 0xD0,
    0x07, 0x07, 0x07, 0x07, 0x07, 0x03, 0x03, 0x00, 0x7F, 0x3F, 0x3F, 0x1F, 0x1F, 0x0F, 0x0F, 0x1F,
    0x00, 0x80, 0x80, 0x00, 0x80, 0x00, 0xE0, 0x00, 0xE8, 0xF8, 0xF8, 0x38, 0xF8, 0xF8, 0xF0, 0xC0,
    0x00, 0x08, 0x14, 0x1C, 0x1C, 0x1D, 0x08, 0x0C, 0x1F, 0x1F, 0x1E, 0x1F, 0x3F, 0x1F, 0x0F, 0x0F,
    0x00, 0x00, 0x00, 0x00, 0x00, 0x00, 0x40, 0x40, 0xC0, 0x20, 0xC0, 0xC0, 0xE0, 0xE0, 0xC0, 0xC0,
    0x0F, 0x0F, 0x07, 0x07, 0x07, 0x07, 0x02, 0x00, 0x0F, 0x0F, 0x07, 0x07, 0x07, 0x07, 0x02, 0x00,
    0xC0, 0x80, 0x80, 0x80, 0x00, 0x00, 0x00, 0x00, 0xC0, 0x80, 0x80, 0x80, 0x00, 0x00, 0x00, 0x00,
    0x00, 0x00, 0x00, 0x00, 0x00, 0x00, 0x00, 0x00, 0x00, 0x00, 0x00, 0x00, 0x00, 0x00, 0x00, 0x00,
    0x00, 0x00, 0x00, 0x00, 0x00, 0x00, 0x00, 0x00, 0x00, 0x00, 0x00, 0x00, 0x00, 0x00, 0x00, 0x00,
    0x00, 0x00, 0x00, 0x00, 0x00, 0x00, 0x00, 0x00, 0xFF, 0xFF, 0xFF, 0xFF, 0xFF, 0xFF, 0xFF, 0xFF,
    0xFF, 0xFF, 0xFF, 0xFF, 0xFF, 0xFF, 0xFF, 0xFF, 0x00, 0x00, 0x00, 0x00, 0x00, 0x00, 0x00, 0x00,
    0x00, 0x00, 0x00, 0x00, 0x00, 0x00, 0x03, 0x0C, 0x03, 0x07, 0x07, 0x07, 0x0F, 0x0F, 0x0C, 0x03,
    0x00, 0x00, 0x00, 0x00, 0x00, 0x00, 0xC0, 0x30, 0xC0, 0xE0, 0xE0, 0xE0, 0xF0, 0xF0, 0x30, 0xC0,
    0x00, 0x00, 0x00, 0x00, 0x00, 0x00, 0x00, 0x00, 0x00, 0x00, 0x00, 0x00, 0x00, 0x00, 0x01, 0x03,
    0x00, 0x00, 0x00, 0x00, 0x00, 0x00, 0x00, 0x00, 0x00, 0x00, 0x00, 0x00, 0x00, 0x00, 0x80, 0xC0,
    0xFF, 0xFF, 0xFF, 0xFF, 0xFF, 0xFF, 0xFF, 0xFF, 0xFF, 0xFF, 0xFF, 0xFF, 0xFF, 0xFF, 0xFF, 0xFF,
    0xFF, 0xFF, 0xFF, 0xFF, 0xFF, 0xFF, 0xFF, 0xFF, 0x00, 0x7C, 0xC6, 0xCE, 0xDE, 0xF6, 0xE6, 0x7C,
    0xFF, 0xFF, 0xFF, 0xFF, 0xFF, 0xFF, 0xFF, 0xFF, 0x00, 0x30, 0x70, 0x30, 0x30, 0x30, 0x30, 0x78,
    0xFF, 0xFF, 0xFF, 0xFF, 0xFF, 0xFF, 0xFF, 0xFF, 0x00, 0xF8, 0x0C, 0x0C, 0x38, 0x60, 0xC0, 0xFC,
    0xFF, 0xFF, 0xFF, 0xFF, 0xFF, 0xFF, 0xFF, 0xFF, 0x00, 0xF8, 0x0C, 0x0C, 0x38, 0x0C, 0x0C, 0xF8,
    0xFF, 0xFF, 0xFF, 0xFF, 0xFF, 0xFF, 0xFF, 0xFF, 0x00, 0x1C, 0x3C, 0x6C, 0xCC, 0xFE, 0x0C, 0x0C,
    0xFF, 0xFF, 0xFF, 0xFF, 0xFF, 0xFF, 0xFF, 0xFF, 0x00, 0xFC, 0xC0, 0xF8, 0x0C, 0x0C, 0x0C, 0xF8,
    0xFF, 0xFF, 0xFF, 0xFF, 0xFF, 0xFF, 0xFF, 0xFF, 0x00, 0x3C, 0x60, 0xC0, 0xF8, 0xCC, 0xCC, 0x78,
    0xFF, 0xFF, 0xFF, 0xFF, 0xFF, 0xFF, 0xFF, 0xFF, 0x00, 0xFC, 0x0C, 0x18, 0x30, 0x60, 0xC0, 0xC0,
    0xFF, 0xFF, 0xFF, 0xFF, 0xFF, 0xFF, 0xFF, 0xFF, 0x00, 0x78, 0xCC, 0xCC, 0x78, 0xCC, 0xCC, 0x78,
    0xFF, 0xFF, 0xFF, 0xFF, 0xFF, 0xFF, 0xFF, 0xFF, 0x00, 0x78, 0xCC, 0xCC, 0x7C, 0x0C, 0x0C, 0x78,
    0xFF, 0xFF, 0xFF, 0xFF, 0xFF, 0xFF, 0xFF, 0xFF, 0x00, 0x30, 0x78, 0xCC, 0xCC, 0xFC, 0xCC, 0xCC,
    0xFF, 0xFF, 0xFF, 0xFF, 0xFF, 0xFF, 0xFF, 0xFF, 0x00, 0xF8, 0xCC, 0xCC, 0xF8, 0xCC, 0xCC, 0xF8,
    0xFF, 0xFF, 0xFF, 0xFF, 0xFF, 0xFF, 0xFF, 0xFF, 0x00, 0x7C, 0xC0, 0xC0, 0xC0, 0xC0, 0xC0, 0x7C,
    0xFF, 0xFF, 0xFF, 0xFF, 0xFF, 0xFF, 0xFF, 0xFF, 0x00, 0xF8, 0xCC, 0xCC, 0xCC, 0xCC, 0xCC, 0xF8,
    0xFF, 0xFF, 0xFF, 0xFF, 0xFF, 0xFF, 0xFF, 0xFF, 0x00, 0xFC, 0xC0, 0xC0, 0xF8, 0xC0, 0xC0, 0xFC,
    0xFF, 0xFF, 0xFF, 0xFF, 0xFF, 0xFF, 0xFF, 0xFF, 0x00, 0xFC, 0xC0, 0xC0, 0xF8, 0xC0, 0xC0, 0xC0,
    0xFF, 0xFF, 0xFF, 0xFF, 0xFF, 0xFF, 0xFF, 0xFF, 0x00, 0x7C, 0xC0, 0xC0, 0xC0, 0xDC, 0xCC, 0x7C,
    0xFF, 0xFF, 0xFF, 0xFF, 0xFF, 0xFF, 0xFF, 0xFF, 0x00, 0xCC, 0xCC, 0xCC, 0xFC, 0xCC, 0xCC, 0xCC,
    0xFF, 0xFF, 0xFF, 0xFF, 0xFF, 0xFF, 0xFF, 0xFF, 0x00, 0x78, 0x30, 0x30, 0x30, 0x30, 0x30, 0x78,
    0xFF, 0xFF, 0xFF, 0xFF, 0xFF, 0xFF, 0xFF, 0xFF, 0x00, 0x1E, 0x0C, 0x0C, 0x0C, 0x0C, 0x0C, 0xF8,
    0xFF, 0xFF, 0xFF, 0xFF, 0xFF, 0xFF, 0xFF, 0xFF, 0x00, 0xC6, 0xCC, 0xD8, 0xF0, 0xD8, 0xCC, 0xC6,
    0xFF, 0xFF, 0xFF, 0xFF, 0xFF, 0xFF, 0xFF, 0xFF, 0x00, 0xC0, 0xC0, 0xC0, 0xC0, 0xC0, 0xC0, 0xFC,
    0xFF, 0xFF, 0xFF, 0xFF, 0xFF, 0xFF, 0xFF, 0xFF, 0x00, 0xC6, 0xEE, 0xFE, 0xD6, 0xC6, 0xC6, 0xC6,
    0xFF, 0xFF, 0xFF, 0xFF, 0xFF, 0xFF, 0xFF, 0xFF, 0x00, 0xC6, 0xE6, 0xF6, 0xDE, 0xCE, 0xC6, 0xC6,
    0xFF, 0xFF, 0xFF, 0xFF, 0xFF, 0xFF, 0xFF, 0xFF, 0x00, 0x78, 0xCC, 0xCC, 0xCC, 0xCC, 0xCC, 0x78,
    0xFF, 0xFF, 0xFF, 0xFF, 0xFF, 0xFF, 0xFF, 0xFF, 0x00, 0xF8, 0xCC, 0xCC, 0xF8, 0xC0, 0xC0, 0xC0,
    0xFF, 0xFF, 0xFF, 0xFF, 0xFF, 0xFF, 0xFF, 0xFF, 0x00, 0x78, 0xCC, 0xCC, 0xCC, 0xCC, 0xD8, 0x6C,
    0xFF, 0xFF, 0xFF, 0xFF, 0xFF, 0xFF, 0xFF, 0xFF, 0x00, 0xF8, 0xCC, 0xCC, 0xF8, 0xF0, 0xD8, 0xCC,
    0xFF, 0xFF, 0xFF, 0xFF, 0xFF, 0xFF, 0xFF, 0xFF, 0x00, 0x7C, 0xC0, 0xC0, 0x78, 0x0C, 0x0C, 0xF8,
    0xFF, 0xFF, 0xFF, 0xFF, 0xFF, 0xFF, 0xFF, 0xFF, 0x00, 0xFC, 0x30, 0x30, 0x30, 0x30, 0x30, 0x30,
    0xFF, 0xFF, 0xFF, 0xFF, 0xFF, 0xFF, 0xFF, 0xFF, 0x00, 0xCC, 0xCC, 0xCC, 0xCC, 0xCC, 0xCC, 0x7C,
    0xFF, 0xFF, 0xFF, 0xFF, 0xFF, 0xFF, 0xFF, 0xFF, 0x00, 0xCC, 0xCC, 0xCC, 0xCC, 0xCC, 0x78, 0x30,
    0xFF, 0xFF, 0xFF, 0xFF, 0xFF, 0xFF, 0xFF, 0xFF, 0x00, 0xC6, 0xC6, 0xC6, 0xD6, 0xFE, 0xEE, 0xC6,
    0xFF, 0xFF, 0xFF, 0xFF, 0xFF, 0xFF, 0xFF, 0xFF, 0x00, 0xC6, 0xC6, 0x6C, 0x38, 0x6C, 0xC6, 0xC6,
    0xFF, 0xFF, 0xFF, 0xFF, 0xFF, 0xFF, 0xFF, 0xFF, 0x00, 0xCC, 0xCC, 0xCC, 0x7C, 0x0C, 0x0C, 0xF8,
    0xFF, 0xFF, 0xFF, 0xFF, 0xFF, 0xFF, 0xFF, 0xFF, 0x00, 0xFE, 0x0C, 0x18, 0x30, 0x60, 0xC0, 0xFE,
    0xFF, 0xFF, 0xFF, 0xFF, 0xFF, 0xFF, 0xFF, 0xFF, 0x00, 0x00, 0x00, 0x00, 0x00, 0x30, 0x30, 0x10,
    0xFF, 0xFF, 0xFF, 0xFF, 0xFF, 0xFF, 0xFF, 0xFF, 0x00, 0x00, 0x00, 0x00, 0x00, 0x00, 0x30, 0x30,
    0xFF, 0xFF, 0xFF, 0xFF, 0xFF, 0xFF, 0xFF, 0xFF, 0x00, 0x00, 0x00, 0x18, 0x18, 0x00, 0x00, 0x00,
    0xFF, 0xFF, 0xFF, 0xFF, 0xFF, 0xFF, 0xFF, 0xFF, 0x00, 0x00, 0x00, 0x3C, 0x00, 0x00, 0x00, 0x00,
    0xFF, 0xFF, 0xFF, 0xFF, 0xFF, 0xFF, 0xFF, 0xFF, 0x75, 0x27, 0x25, 0x25, 0x00, 0x00, 0x00, 0x00,
    0xFF, 0xFF, 0xFF, 0xFF, 0xFF, 0xFF, 0xFF, 0xFF, 0x00, 0x08, 0x08, 0x3E, 0x08, 0x08, 0x00, 0x00,
    0xFF, 0xFF, 0xFF, 0xFF, 0xFF, 0xFF, 0xFF, 0xFF, 0x00, 0x00, 0x7E, 0x7E, 0x7E, 0x00, 0x00, 0x00,
    0xFF, 0xFF, 0x81, 0xBD, 0x81, 0xFF, 0xFF, 0xFF, 0x00, 0x00, 0x7E, 0x42, 0x7E, 0x00, 0x00, 0x00,
    0xEF, 0xEF, 0xAB, 0xBB, 0x83, 0x83, 0xFF, 0xFF, 0x10, 0x10, 0x54, 0x44, 0x7C, 0x7C, 0x00, 0x00,
    0xFD, 0xCB, 0x97, 0x9B, 0xC3, 0xE7, 0xFF, 0xFF, 0x02, 0x34, 0x68, 0x64, 0x3C, 0x18, 0x00, 0x00,
    0xFF, 0x87, 0x9F, 0x91, 0x9F, 0x87, 0xFF, 0xFF, 0x00, 0x78, 0x60, 0x6E, 0x60, 0x78, 0x00, 0x00,
    0xFF, 0xE7, 0xC3, 0x9B, 0x97, 0xCB, 0xFD, 0xFF, 0x00, 0x18, 0x3C, 0x64, 0x68, 0x34, 0x02, 0x00,
    0xFF, 0xFF, 0xC1, 0xC1, 0xDD, 0xD5, 0xF7, 0xF7, 0x00, 0x00, 0x3E, 0x3E, 0x22, 0x2A, 0x08, 0x08,
    0xFF, 0xE7, 0xC3, 0xD9, 0xE9, 0xD3, 0xBF, 0xFF, 0x00, 0x18, 0x3C, 0x26, 0x16, 0x2C, 0x40, 0x00,
    0xFF, 0xE1, 0xF9, 0x89, 0xF9, 0xE1, 0xFF, 0xFF, 0x00, 0x1E, 0x06, 0x76, 0x06, 0x1E, 0x00, 0x00,
    0xBF, 0xD3, 0xE9, 0xD9, 0xC3, 0xE7, 0xFF, 0xFF, 0x40, 0x2C, 0x16, 0x26, 0x3C, 0x18, 0x00, 0x00,
    0x00, 0x00, 0x00, 0x00, 0x00, 0x07, 0x00, 0xFF, 0x00, 0x00, 0x00, 0x00, 0x00, 0x00, 0x3F, 0xFC,
    0x00, 0x00, 0x00, 0x00, 0xFF, 0xFF, 0x60, 0xFF, 0x00, 0x00, 0x00, 0x00, 0xF3, 0x00, 0x9F, 0xFF,
    0x00, 0x00, 0x00, 0x00, 0xFF, 0xFF, 0x00, 0xFF, 0x00, 0x00, 0x00, 0x00, 0xFF, 0x00, 0xFF, 0xFF,
    0x00, 0x00, 0x00, 0x00, 0xFF, 0xFF, 0x06, 0xFF, 0x00, 0x00, 0x00, 0x00, 0xFE, 0x00, 0xF9, 0xE7,
    0x00, 0x00, 0x00, 0x00, 0xFE, 0xF7, 0x0F, 0xFE, 0x00, 0x00, 0x00, 0x00, 0x7C, 0x08, 0xF0, 0xE0,
    0x00, 0x00, 0x00, 0x00, 0x7F, 0xEF, 0xF0, 0x7F, 0x00, 0x00, 0x00, 0x00, 0x3E, 0x10, 0x0F, 0x07,
    0x00, 0x00, 0x00, 0x00, 0xFF, 0xFF, 0x60, 0xFF, 0x00, 0x00, 0x00, 0x00, 0x7F, 0x00, 0x9F, 0xE7,
    0x00, 0x00, 0x00, 0x00, 0xFF, 0xFF, 0x06, 0xFF, 0x00, 0x00, 0x00, 0x00, 0xCF, 0x00, 0xF9, 0xFF,
    0x00, 0x00, 0x00, 0x00, 0x00, 0xE0, 0x00, 0xFF, 0x00, 0x00, 0x00, 0x00, 0x00, 0x00, 0xFC, 0x3F,
    0x00, 0x00, 0x00, 0x00, 0x00, 0x00, 0x3F, 0xFB, 0x00, 0x00, 0x00, 0x00, 0x00, 0x07, 0x3F, 0x04,
    0x00, 0x00, 0x00, 0x00, 0xED, 0x18, 0xFF, 0x7F, 0x00, 0x00, 0x00, 0x00, 0x12, 0xE7, 0x9F, 0x80,
    0x00, 0x00, 0x00, 0x00, 0xFF, 0x00, 0xFF, 0xFF, 0x00, 0x00, 0x00, 0x00, 0x00, 0xFF, 0xFF, 0x00,
    0x00, 0x00, 0x00, 0x00, 0xFD, 0x01, 0xFF, 0xDF, 0x00, 0x00, 0x00, 0x00, 0x02, 0xFE, 0xF9, 0x20,
    0x00, 0x00, 0x00, 0x00, 0xF8, 0x86, 0xFF, 0xDF, 0x00, 0x00, 0x00, 0x00, 0x04, 0x78, 0xF0, 0x20,
    0x00, 0x00, 0x00, 0x00, 0x1F, 0x61, 0xFF, 0xFB, 0x00, 0x00, 0x00, 0x00, 0x20, 0x1E, 0x0F, 0x04,
    0x00, 0x00, 0x00, 0x00, 0xBF, 0x80, 0xFF, 0xFB, 0x00, 0x00, 0x00, 0x00, 0x40, 0x7F, 0x9F, 0x04,
    0x00, 0x00, 0x00, 0x00, 0xB7, 0x18, 0xFF, 0xFE, 0x00, 0x00, 0x00, 0x00, 0x48, 0xE7, 0xF9, 0x01,
    0x00, 0x00, 0x00, 0x00, 0x00, 0x00, 0xFC, 0xDF, 0x00, 0x00, 0x00, 0x00, 0x00, 0xE0, 0xFC, 0x20,
    0x00, 0x00, 0x00, 0x00, 0x00, 0x07, 0x3F, 0x03, 0x00, 0x00, 0x00, 0x00, 0x00, 0x07, 0x00, 0xFC,
    0x00, 0x00, 0x00, 0x00, 0x0C, 0xFF, 0x6F, 0x00, 0x00, 0x00, 0x00, 0x00, 0xF3, 0xE7, 0x90, 0xFF,
    0x00, 0x00, 0x00, 0x00, 0x00, 0xFF, 0xFF, 0x00, 0x00, 0x00, 0x00, 0x00, 0xFF, 0xFF, 0x00, 0xFF,
    0x00, 0x00, 0x00, 0x00, 0x01, 0xFF, 0xF6, 0x18, 0x00, 0x00, 0x00, 0x00, 0xFE, 0xFC, 0x09, 0xE7,
    0x00, 0x00, 0x00, 0x00, 0x80, 0xFE, 0xEE, 0x1E, 0x00, 0x00, 0x00, 0x00, 0x7C, 0xF8, 0x10, 0xE0,
    0x00, 0x00, 0x00, 0x00, 0x01, 0x7F, 0x77, 0x78, 0x00, 0x00, 0x00, 0x00, 0x3E, 0x1F, 0x08, 0x07,
    0x00, 0x00, 0x00, 0x00, 0x80, 0xFF, 0x6F, 0x18, 0x00, 0x00, 0x00, 0x00, 0x7F, 0x3F, 0x90, 0xE7,
    0x00, 0x00, 0x00, 0x00, 0x30, 0xFF, 0xF6, 0x00, 0x00, 0x00, 0x00, 0x00, 0xCF, 0xE7, 0x09, 0xFF,
    0x00, 0x00, 0x00, 0x00, 0x00, 0xE0, 0xFC, 0xC0, 0x00, 0x00, 0x00, 0x00, 0x00, 0xE0, 0x00, 0x3F,
    0x10, 0x10, 0x00, 0x00, 0x00, 0x03, 0x0F, 0x1F, 0x0F, 0x0F, 0x1F, 0x3F, 0x3F, 0x3F, 0x38, 0x60,
    0x08, 0x08, 0x00, 0x00, 0x00, 0x00, 0xE0, 0xF8, 0xF0, 0xF0, 0xF8, 0xFC, 0xFC, 0xFC, 0x1C, 0x06,
    0x3F, 0x7C, 0x70, 0xE0, 0xE0, 0xC0, 0xC0, 0x80, 0x40, 0x03, 0x0F, 0x1F, 0x1F, 0x3F, 0x3F, 0x7F,
    0xFC, 0x3E, 0x0E, 0x07, 0x07, 0x03, 0x03, 0x01, 0x02, 0xC0, 0xF0, 0xF8, 0xF8, 0xFC, 0xFC, 0xFE,
    0x00, 0x00, 0x03, 0x04, 0x00, 0x00, 0x00, 0x01, 0x03, 0x03, 0x00, 0x03, 0x0F, 0x0F, 0x0F, 0x1F,
    0x00, 0x00, 0xC0, 0x20, 0x00, 0x00, 0x00, 0x80, 0xC0, 0xC0, 0x00, 0xC0, 0xF0, 0xF0, 0xF0, 0xF8,
    0x07, 0x0F, 0x1E, 0x18, 0x30, 0x30, 0x20, 0x20, 0x1C, 0x10, 0x01, 0x07, 0x0F, 0x0F, 0x1F, 0x1F,
    0xE0, 0xF0, 0x78, 0x18, 0x0C, 0x0C, 0x04, 0x04, 0x18, 0x08, 0x80, 0xE0, 0xF0, 0xF0, 0xF8, 0xF8,
    0x00, 0x00, 0x00, 0x00, 0x00, 0x00, 0x01, 0x02, 0x00, 0x00, 0x00, 0x01, 0x01, 0x03, 0x02, 0x01,
    0x00, 0x00, 0x00, 0x00, 0x00, 0x00, 0xC0, 0x20, 0x00, 0x00, 0x00, 0xC0, 0xC0, 0xE0, 0x20, 0xC0,
    0x00, 0x00, 0x01, 0x03, 0x07, 0x04, 0x08, 0x08, 0x07, 0x07, 0x07, 0x0C, 0x08, 0x0B, 0x07, 0x07,
    0x00, 0x00, 0x80, 0xE0, 0xF0, 0x10, 0x08, 0x08, 0xF0, 0xF0, 0xF0, 0x18, 0x08, 0xE8, 0xF0, 0xF0,
    0x7F, 0x3F, 0x1F, 0x07, 0x03, 0x01, 0x00, 0x00, 0x80, 0xC0, 0xE0, 0xF8, 0xFC, 0xFE, 0xFF, 0xFF,
    0xFF, 0xFF, 0xFF, 0xFF, 0xFF, 0xFF, 0xFF, 0x7F, 0x00, 0x00, 0x00, 0x00, 0x00, 0x00, 0x00, 0x80,
    0x00, 0x00, 0x80, 0xC0, 0xC0, 0xE0, 0xFF, 0xFF, 0xFF, 0xFF, 0xFF, 0xFF, 0xFF, 0xFF, 0xFF, 0xFF,
    0x00, 0x00, 0x00, 0x00, 0x00, 0x00, 0xFF, 0xFF, 0xFF, 0xFF, 0xFF, 0xFF, 0xFF, 0xFF, 0xFF, 0xFF,
    0x00, 0x00, 0x01, 0x03, 0x03, 0x07, 0xFF, 0xFF, 0xFF, 0xFF, 0xFF, 0xFF, 0xFF, 0xFF, 0xFF, 0xFF,
    0xFF, 0xFF, 0xFF, 0xFF, 0xFF, 0xFF, 0xFF, 0xFE, 0x00, 0x00, 0x00, 0x00, 0x00, 0x00, 0x00, 0x01,
    0xFE, 0xFC, 0xF8, 0xE0, 0xC0, 0x80, 0x00, 0x00, 0x01, 0x03, 0x07, 0x1F, 0x3F, 0x7F, 0xFF, 0xFF,
    0x00, 0x00, 0x00, 0x00, 0x80, 0x40, 0xA8, 0x54, 0xFF, 0xFF, 0xFF, 0xFF, 0x7F, 0xBF, 0x57, 0xAB,
    0x1F, 0x0F, 0x07, 0x03, 0x01, 0x00, 0x00, 0x00, 0xE0, 0xF0, 0xF8, 0xFC, 0xFE, 0xFF, 0xFF, 0xFF,
    0xFF, 0xFF, 0xFF, 0xFF, 0xFF, 0x7F, 0x3F, 0x1F, 0x00, 0x00, 0x00, 0x00, 0x00, 0x80, 0xC0, 0xE0,
    0xFF, 0xFF, 0xFF, 0xE0, 0xCF, 0xCF, 0xCF, 0xCF, 0xFF, 0xFF, 0xFF, 0xFF, 0xFF, 0xFF, 0xFF, 0xFF,
    0xFF, 0xFF, 0xFF, 0x00, 0xFF, 0xFF, 0xFF, 0xFF, 0xFF, 0xFF, 0xFF, 0xFF, 0xFF, 0xFF, 0xFF, 0xFF,
    0xFF, 0xFF, 0xFF, 0x0F, 0xE7, 0xE7, 0xE7, 0xE7, 0xFF, 0xFF, 0xFF, 0xFF, 0xFF, 0xFF, 0xFF, 0xFF,
    0xFF, 0xFF, 0xFF, 0xFF, 0xFF, 0xFE, 0xFC, 0xF8, 0x00, 0x00, 0x00, 0x00, 0x00, 0x01, 0x03, 0x07,
    0xF8, 0xF0, 0xE0, 0xC0, 0x80, 0x00, 0x00, 0x00, 0x07, 0x0F, 0x1F, 0x3F, 0x7F, 0xFF, 0xFF, 0xFF,
    0x00, 0x00, 0x00, 0x00, 0x02, 0x05, 0x0A, 0x55, 0xFF, 0xFF, 0xFF, 0xFF, 0xFD, 0xFA, 0xF5, 0xAA,
    0xAA, 0x55, 0xAA, 0x55, 0xAA, 0x55, 0xAA, 0x55, 0x55, 0xAA, 0x55, 0xAA, 0x55, 0xAA, 0x55, 0xAA,
    0x00, 0x40, 0xA0, 0x50, 0xAA, 0x55, 0xAA, 0x55, 0xFF, 0xBF, 0x5F, 0xAF, 0x55, 0xAA, 0x55, 0xAA,
    0x00, 0x00, 0x00, 0x00, 0x00, 0x00, 0x80, 0x50, 0xFF, 0xFF, 0xFF, 0xFF, 0xFF, 0xFF, 0x7F, 0xAF,
    0x0F, 0x07, 0x01, 0x00, 0x00, 0x00, 0x00, 0x00, 0xF0, 0xF8, 0xFE, 0xFF, 0xFF, 0xFF, 0xFF, 0xFF,
    0xFF, 0xFF, 0xFF, 0xFF, 0xFF, 0xFF, 0xBC, 0xBD, 0x00, 0x00, 0x00, 0x00, 0x00, 0x00, 0x43, 0x42,
    0xFF, 0xFF, 0xFF, 0xFF, 0xFF, 0xFF, 0x00, 0xFF, 0x00, 0x00, 0x00, 0x00, 0x00, 0x00, 0xFF, 0x00,
    0xFF, 0xFF, 0xFF, 0xFF, 0xFF, 0xFF, 0x00, 0xFF, 0xFF, 0xFF, 0xFF, 0xFF, 0xFF, 0xFF, 0xFF, 0xFF,
    0xCF, 0xCF, 0xCF, 0xCF, 0xCF, 0xCF, 0x4F, 0x4F, 0xFE, 0xFE, 0xFE, 0xFE, 0xFE, 0xFE, 0xFE, 0xFE,
    0xE7, 0xE7, 0xE7, 0xE7, 0xE7, 0xE7, 0xE4, 0xE5, 0xFF, 0xFF, 0xFF, 0xFF, 0xFF, 0xFF, 0xFF, 0xFF,
    0xFF, 0xFF, 0xFF, 0xFF, 0xFF, 0xFF, 0x3D, 0xBD, 0x00, 0x00, 0x00, 0x00, 0x00, 0x00, 0xC2, 0x42,
    0xF0, 0xE0, 0x80, 0x00, 0x00, 0x00, 0x00, 0x00, 0x0F, 0x1F, 0x7F, 0xFF, 0xFF, 0xFF, 0xFF, 0xFF,
    0x00, 0x00, 0x00, 0x00, 0x00, 0x01, 0x02, 0x05, 0xFF, 0xFF, 0xFF, 0xFF, 0xFF, 0xFE, 0xFD, 0xFA,
    0x00, 0x01, 0x0A, 0x15, 0x2A, 0x55, 0xAA, 0x55, 0xFF, 0xFE, 0xF5, 0xEA, 0xD5, 0xAA, 0x55, 0xAA,
    0xA8, 0x54, 0xAA, 0x55, 0xAA, 0x55, 0xAA, 0x55, 0x57, 0xAB, 0x55, 0xAA, 0x55, 0xAA, 0x55, 0xAA,
    0x00, 0x00, 0x80, 0x40, 0xA0, 0x54, 0xAA, 0x55, 0xFF, 0xFF, 0x7F, 0xBF, 0x5F, 0xAB, 0x55, 0xAA,
    0x00, 0x00, 0x00, 0x00, 0x00, 0x00, 0x00, 0x40, 0xFF, 0xFF, 0xFF, 0xFF, 0xFF, 0xFF, 0xFF, 0xBF,
    0xBD, 0x9D, 0x9D, 0x9D, 0x8D, 0x8D, 0x8D, 0x8D, 0x42, 0x62, 0x62, 0x62, 0x72, 0x72, 0x72, 0x72,
    0xFF, 0xFF, 0xFF, 0x81, 0xBD, 0x81, 0xFF, 0xFF, 0x00, 0x00, 0x00, 0x7E, 0x42, 0x7E, 0x00, 0x00,
    0xFF, 0xFF, 0xFF, 0x81, 0xBD, 0x81, 0xFF, 0xFF, 0xFF, 0xFF, 0xFF, 0xFF, 0xFF, 0xFF, 0xFF, 0xFF,
    0x4F, 0x4F, 0x4F, 0x4F, 0x4F, 0x4F, 0x4F, 0x4F, 0xFE, 0xFE, 0xFE, 0xFE, 0xFE, 0xFE, 0xFE, 0xFE,
    0xE5, 0xE5, 0xE5, 0xE5, 0xE5, 0xE5, 0xE5, 0xE5, 0xFE, 0xFE, 0xFE, 0xFE, 0xFE, 0xFE, 0xFE, 0xFE,
    0xFF, 0xFF, 0xFF, 0xFF, 0xFF, 0xFF, 0xFF, 0xFF, 0x00, 0x00, 0x44, 0x6C, 0x7C, 0x54, 0x44, 0x00,
    0xFF, 0xFF, 0xFF, 0xFF, 0xFF, 0xFF, 0xFF, 0xFF, 0x01, 0x01, 0x01, 0x01, 0x01, 0x01, 0x01, 0x01,
    0xBD, 0xB9, 0xB9, 0xB9, 0xB1, 0xB1, 0xB1, 0xB1, 0x42, 0x46, 0x46, 0x46, 0x4E, 0x4E, 0x4E, 0x4E,
    0x00, 0x00, 0x00, 0x00, 0x00, 0x00, 0x00, 0x01, 0xFF, 0xFF, 0xFF, 0xFF, 0xFF, 0xFF, 0xFF, 0xFE,
    0x00, 0x00, 0x00, 0x05, 0x0A, 0x15, 0xAA, 0x55, 0xFF, 0xFF, 0xFF, 0xFA, 0xF5, 0xEA, 0x55, 0xAA,
    0x2A, 0x55, 0xAA, 0x55, 0xAA, 0x55, 0xAA, 0x55, 0xD5, 0xAA, 0x55, 0xAA, 0x55, 0xAA, 0x55, 0xAA,
    0xAA, 0x55, 0xFF, 0xFF, 0xFF, 0xFF, 0xFF, 0xFF, 0x55, 0xAA, 0x00, 0x00, 0x00, 0x00, 0x00, 0x00,
    0xA0, 0x54, 0xFF, 0xFF, 0xFF, 0xFF, 0xFF, 0xFF, 0x5F, 0xAB, 0x00, 0x00, 0x00, 0x00, 0x00, 0x00,
    0x8D, 0x8D, 0x8D, 0x8D, 0x8D, 0xCD, 0xCD, 0xCD, 0x72, 0x72, 0x72, 0x72, 0x72, 0x32, 0x32, 0x32,
    0xFF, 0xFF, 0x81, 0xBD, 0x81, 0xFF, 0xFF, 0xFF, 0xFF, 0xFF, 0xFF, 0xFF, 0xFF, 0xFF, 0xFF, 0xFF,
    0xFF, 0xFF, 0xFF, 0xFF, 0xFF, 0xFF, 0xFF, 0xFF, 0x00, 0x00, 0x38, 0x28, 0x38, 0x00, 0x00, 0x00,
    0xFF, 0xFF, 0xFF, 0xFF, 0xFF, 0xFF, 0xFF, 0xFF, 0x00, 0x00, 0x7C, 0x40, 0x70, 0x40, 0x7C, 0x00,
    0xB1, 0xB1, 0xB1, 0xB1, 0xB1, 0xB3, 0xB3, 0xB3, 0x4E, 0x4E, 0x4E, 0x4E, 0x4E, 0x4C, 0x4C, 0x4C,
    0x0A, 0x15, 0xFF, 0xFF, 0xFF, 0xFF, 0xFF, 0xFF, 0xF5, 0xEA, 0x00, 0x00, 0x00, 0x00, 0x00, 0x00,
    0xFF, 0xFF, 0xFF, 0x00, 0x00, 0xFF, 0xFF, 0xFF, 0x00, 0x00, 0x00, 0xFF, 0xFF, 0x00, 0x00, 0x00,
    0xED, 0xEC, 0xEE, 0x03, 0x00, 0xFF, 0xFF, 0xFF, 0x12, 0x13, 0x11, 0xFC, 0xFF, 0x00, 0x00, 0x00,
    0xFF, 0x00, 0x00, 0x80, 0xE0, 0xFF, 0xFF, 0xFF, 0x00, 0xFF, 0xFF, 0x7F, 0x1F, 0x00, 0x00, 0x00,
    0xFF, 0x00, 0x00, 0x00, 0x00, 0xFF, 0xFF, 0xFF, 0x00, 0xFF, 0xFF, 0xFF, 0xFF, 0x00, 0x00, 0x00,
    0xFF, 0x00, 0x00, 0x00, 0x00, 0xFF, 0xFF, 0xFF, 0xFF, 0xFF, 0xFF, 0xFF, 0xFF, 0xFF, 0xFF, 0xFF,
    0x4F, 0x4F, 0x40, 0x60, 0x30, 0xF8, 0xFC, 0xFF, 0xFE, 0xFF, 0xFF, 0xFF, 0xFF, 0xFF, 0xFF, 0xFF,
    0xFF, 0xFF, 0x00, 0x00, 0x00, 0x00, 0x00, 0xFF, 0x00, 0xFF, 0xFF, 0xFF, 0xFF, 0xFF, 0xFF, 0xFF,
    0xE5, 0xE4, 0x04, 0x0C, 0x18, 0x3F, 0x7F, 0xFF, 0xFE, 0xFF, 0xFF, 0xFF, 0xFF, 0xFF, 0xFF, 0xFF,
    0xFF, 0x00, 0x00, 0x00, 0x00, 0xFF, 0xFF, 0xFF, 0x00, 0xFF, 0xFF, 0xFF, 0xFF, 0xFF, 0xFF, 0xFF,
    0xFF, 0x00, 0x00, 0x00, 0x01, 0xFF, 0xFF, 0xFF, 0x01, 0xFF, 0xFF, 0xFF, 0xFF, 0xFF, 0xFF, 0xFF,
    0xB7, 0x37, 0x77, 0xC0, 0x80, 0xFF, 0xFF, 0xFF, 0x48, 0xC8, 0x88, 0x3F, 0x7F, 0x00, 0x00, 0x00,
    0x00, 0x00, 0x00, 0x00, 0x00, 0x00, 0x80, 0xFF, 0x00, 0x00, 0x00, 0x00, 0x00, 0x00, 0x7F, 0x00,
    0x00, 0x00, 0x00, 0x00, 0x00, 0x00, 0x00, 0xFF, 0x00, 0x00, 0x00, 0x00, 0x00, 0x00, 0xFF, 0x00,
    0x00, 0x00, 0x03, 0x07, 0x06, 0x0E, 0x00, 0xFF, 0x00, 0x00, 0x00, 0x00, 0x00, 0x00, 0xFF, 0x00,
    0x00, 0x00, 0x00, 0x00, 0x00, 0x00, 0x01, 0xFF, 0x00, 0x00, 0x00, 0x00, 0x00, 0x00, 0xFE, 0x00,
    0x00, 0x00, 0x30, 0x38, 0x18, 0x1C, 0x00, 0xFF, 0x00, 0x00, 0x00, 0x00, 0x00, 0x00, 0xFF, 0x00,
    0xFF, 0x00, 0xFF, 0xFF, 0xFF, 0x00, 0x00, 0xFF, 0x00, 0xFF, 0x00, 0x00, 0x00, 0xFF, 0xFF, 0xFF,
    0xFF, 0x00, 0x00, 0xFF, 0x00, 0xFF, 0xFF, 0xFF, 0xFF, 0xFF, 0xFF, 0x00, 0xFF, 0x00, 0x00, 0x00,
    0xFF, 0x00, 0x00, 0xFF, 0x00, 0xFF, 0xFF, 0xFC, 0xFF, 0xFF, 0xFF, 0x00, 0xFF, 0x00, 0x00, 0x03,
    0xFF, 0x00, 0x00, 0xFF, 0x00, 0xFF, 0xFC, 0x08, 0xFF, 0xFF, 0xFF, 0x00, 0xFF, 0x00, 0x03, 0xF7,
    0xFF, 0x00, 0x00, 0xFF, 0x00, 0xFF, 0x00, 0x00, 0xFF, 0xFF, 0xFF, 0x00, 0xFF, 0x00, 0xFF, 0xFF,
    0xFF, 0x00, 0x00, 0xFF, 0x00, 0xFF, 0x1C, 0x0E, 0xFF, 0xFF, 0xFF, 0x00, 0xFF, 0x00, 0xE3, 0xF1,
    0xFF, 0x00, 0x00, 0xFF, 0x00, 0xFF, 0xFF, 0x3F, 0xFF, 0xFF, 0xFF, 0x00, 0xFF, 0x00, 0x00, 0xC0,
    0xFF, 0xFF, 0xFB, 0xEB, 0xE3, 0xFF, 0xFF, 0xFF, 0x00, 0x00, 0x1C, 0x14, 0x1C, 0x00, 0x00, 0x00,
    0xFF, 0xFF, 0xC0, 0xDF, 0xDF, 0xD7, 0xD3, 0xD3, 0x00, 0x00, 0x3F, 0x20, 0x2F, 0x2F, 0x2C, 0x2C,
    0xFF, 0xFF, 0x00, 0xFF, 0xFF, 0xFF, 0xFF, 0xFF, 0x00, 0x00, 0xFF, 0x00, 0xFF, 0xFF, 0x00, 0x00,
    0xFF, 0xFF, 0x03, 0xFB, 0xFB, 0xEB, 0xCB, 0xCB, 0x00, 0x00, 0xFC, 0x04, 0xF4, 0xF4, 0x34, 0x34,
    0xFF, 0xFF, 0xFF, 0xFF, 0xFF, 0xFF, 0xFF, 0xFC, 0x00, 0x00, 0x00, 0x00, 0x00, 0x00, 0x00, 0x03,
    0xFF, 0xFF, 0xFF, 0xFF, 0xFF, 0xFF, 0x80, 0x00, 0x00, 0x00, 0x00, 0x00, 0x00, 0x00, 0x7F, 0xFF,
    0xFF, 0xFF, 0xFF, 0xFF, 0xFF, 0xFF, 0xFF, 0x1F, 0x00, 0x00, 0x00, 0x00, 0x00, 0x00, 0x00, 0xE0,
    0xF8, 0xF0, 0xE0, 0xFF, 0xC0, 0xC0, 0xC0, 0xC0, 0x07, 0x0F, 0x1F, 0x3F, 0x3F, 0x3F, 0x3F, 0x3F,
    0x10, 0x27, 0x4F, 0xDF, 0x58, 0x53, 0x51, 0x53, 0xEF, 0xDF, 0xB8, 0xB0, 0xA7, 0xAF, 0xAE, 0xAC,
    0x00, 0xFF, 0xFF, 0xFF, 0x00, 0xFF, 0xFF, 0xFF, 0xFF, 0xFF, 0x00, 0x00, 0xFF, 0xFF, 0x00, 0x00,
    0x07, 0xF3, 0xFB, 0xFF, 0x1B, 0xCB, 0x8B, 0xCB, 0xF8, 0xFC, 0x0C, 0x04, 0xE4, 0xF4, 0x74, 0x34,
    0x00, 0x80, 0xFF, 0xFF, 0xFF, 0xFF, 0xFF, 0xFF, 0xFF, 0x7F, 0x7F, 0x00, 0x00, 0x00, 0x00, 0x00,
    0x00, 0x00, 0xFF, 0xFF, 0xFF, 0xFF, 0xFF, 0xFF, 0xFF, 0xFF, 0xFF, 0x00, 0x00, 0x00, 0x00, 0x00,
    0x00, 0x00, 0xFF, 0xFF, 0xFF, 0xFF, 0xFF, 0xFF, 0xFF, 0xFF, 0xFF, 0x00, 0x01, 0x01, 0x01, 0x01,
    0x00, 0x00, 0x00, 0xFF, 0xFF, 0x00, 0xFF, 0xFF, 0xFF, 0xFF, 0xFF, 0xFF, 0x00, 0xFF, 0x00, 0x00,
    0x0F, 0x07, 0x03, 0xFB, 0xFB, 0x2B, 0xCB, 0xCB, 0xFF, 0xFF, 0xFF, 0xFF, 0x0F, 0xDF, 0x3F, 0x3F,
    0xFF, 0xFF, 0xFF, 0xFF, 0xFF, 0xFF, 0xFF, 0xFF, 0x00, 0x3F, 0x30, 0x30, 0x3E, 0x30, 0x30, 0x30,
    0xD3, 0xD3, 0xD3, 0xD3, 0xD3, 0xD3, 0xD3, 0xD3, 0x2C, 0x2C, 0x2C, 0x2C, 0x2C, 0x2C, 0x2C, 0x2C,
    0x7C, 0xFF, 0xFF, 0xFF, 0x7C, 0xFF, 0xFF, 0xFF, 0x83, 0x00, 0x00, 0x00, 0x83, 0x00, 0x00, 0x00,
    0xCB, 0xCB, 0xCB, 0xCB, 0xCB, 0xCB, 0xCB, 0xCB, 0x34, 0x34, 0x34, 0x34, 0x34, 0x34, 0x34, 0x34,
    0xFF, 0xFF, 0xFF, 0xFF, 0xFE, 0xFE, 0xFC, 0xF8, 0x00, 0x00, 0x00, 0x00, 0x01, 0x01, 0x03, 0x07,
    0xF0, 0xE3, 0x87, 0x1F, 0x3F, 0x7F, 0xFF, 0xFF, 0x0F, 0x1C, 0x78, 0xE0, 0xC4, 0x80, 0x00, 0x00,
    0x7F, 0xFF, 0xFF, 0xFF, 0xFF, 0xFF, 0xFF, 0xFF, 0x80, 0x08, 0x00, 0x77, 0x15, 0x35, 0x15, 0x77,
    0x07, 0xE3, 0xF0, 0xFC, 0xFE, 0xFF, 0xFF, 0xFF, 0xF8, 0x1C, 0x0F, 0x03, 0x11, 0x00, 0x00, 0x00,
    0xFF, 0xFF, 0xFF, 0x7F, 0x3F, 0x3F, 0x9F, 0x8F, 0x00, 0x00, 0x00, 0x80, 0xC0, 0xC0, 0x60, 0x70,
    0xC0, 0xDF, 0xC0, 0xC0, 0xC0, 0xC0, 0xC0, 0xFF, 0x3F, 0x3F, 0x3F, 0x3F, 0x3F, 0x3F, 0x3F, 0x00,
    0x53, 0x53, 0x53, 0x53, 0x53, 0x53, 0x53, 0xD3, 0xAC, 0xAC, 0xAC, 0xAC, 0xAC, 0xAC, 0xAC, 0x2C,
    0xFF, 0xFF, 0xE1, 0xDE, 0xDE, 0xDE, 0xDE, 0xE1, 0x00, 0x00, 0x1E, 0x21, 0x21, 0x21, 0x21, 0x1E,
    0xFF, 0xFF, 0xFF, 0xFF, 0xFF, 0xFF, 0xFF, 0xFF, 0x00, 0x00, 0x00, 0x00, 0x76, 0x49, 0x49, 0x41,
    0xFF, 0xFF, 0xFF, 0xFF, 0xFF, 0xFF, 0xFF, 0xFF, 0x00, 0x00, 0x00, 0x00, 0x76, 0x49, 0x49, 0x49,
    0xCB, 0xCB, 0xCB, 0xCB, 0xCB, 0xCB, 0xCB, 0xCB, 0x3F, 0x3F, 0x3F, 0x3F, 0x3F, 0x3F, 0x3F, 0x3F,
    0xF9, 0xF3, 0xF3, 0xE7, 0xE7, 0xE7, 0xE7, 0xCF, 0x06, 0x0C, 0x0C, 0x18, 0x18, 0x1A, 0x18, 0x30,
    0xFF, 0xFF, 0xFF, 0xFF, 0xFF, 0xFF, 0xFF, 0xFF, 0x40, 0x00, 0x3B, 0x0A, 0x3A, 0x22, 0x3B, 0x00,
    0xFF, 0xFF, 0xFF, 0xFF, 0xFF, 0xFF, 0xFF, 0xFF, 0x00, 0x00, 0x80, 0x80, 0x80, 0x80, 0x80, 0x00,
    0xFF, 0xFF, 0xFF, 0xFF, 0xFF, 0xFF, 0xFF, 0xFF, 0x01, 0x00, 0xAE, 0xAA, 0xEA, 0x2A, 0x2E, 0x00,
    0xCF, 0xE7, 0xE7, 0xF3, 0xF3, 0xF3, 0xF3, 0xFB, 0x30, 0x18, 0x18, 0x0C, 0x0C, 0x2C, 0x0C, 0x04,
    0xC0, 0xC0, 0xC0, 0xC0, 0xC0, 0xC0, 0xC0, 0xD7, 0x3F, 0x3F, 0x3F, 0x3F, 0x3F, 0x3F, 0x3F, 0x3F,
    0x53, 0x53, 0x53, 0x53, 0x53, 0x53, 0x53, 0x53, 0xAC, 0xAC, 0xAC, 0xAC, 0xAC, 0xAC, 0xAC, 0xAC,
    0xCF, 0xCF, 0xCF, 0xCF, 0xCF, 0xCF, 0xCF, 0xCF, 0x30, 0x31, 0x31, 0x35, 0x31, 0x31, 0x30, 0x30,
    0xFF, 0xFF, 0xFF, 0xFF, 0xFF, 0xFF, 0xFF, 0xFF, 0x00, 0x70, 0x50, 0x50, 0x50, 0x70, 0x00, 0x00,
    0xFF, 0xFF, 0xFF, 0xFF, 0xFF, 0xFF, 0xFF, 0xFF, 0x00, 0x00, 0x08, 0x1C, 0x08, 0x00, 0x00, 0x00,
    0xFF, 0xFF, 0xFF, 0xFF, 0xFF, 0xFF, 0xFF, 0xFF, 0x00, 0x1D, 0x11, 0x1D, 0x05, 0x1D, 0x00, 0x00,
    0xFB, 0xFB, 0xFB, 0xFB, 0xFB, 0xFB, 0xFB, 0xFB, 0x04, 0xC4, 0x44, 0x54, 0x44, 0xC4, 0x04, 0x04,
    0xC0, 0xC0, 0xC0, 0xC0, 0xC0, 0xC3, 0xC0, 0xFF, 0x3F, 0x3F, 0x3F, 0x3F, 0x3F, 0x3C, 0x3F, 0x00,
    0xE7, 0xE7, 0xF7, 0xF7, 0xFB, 0xFB, 0xFD, 0xFE, 0x18, 0x1A, 0x08, 0x08, 0x04, 0x04, 0x02, 0x01,
    0xFF, 0xFF, 0xFF, 0xFF, 0xFF, 0xFF, 0xFF, 0xFF, 0x1C, 0x14, 0x14, 0x14, 0x1C, 0x00, 0x40, 0x00,
    0xFF, 0xFF, 0xFF, 0xFF, 0xFF, 0xFF, 0xFF, 0xFF, 0x2E, 0x4A, 0xAA, 0xAA, 0xEE, 0x00, 0x01, 0x00,
    0xF7, 0xF7, 0xF7, 0xF7, 0xEF, 0xEF, 0xDF, 0xBF, 0x08, 0x28, 0x08, 0x08, 0x10, 0x10, 0x20, 0x40,
    0xC0, 0xC0, 0xC0, 0xC0, 0xC0, 0xC0, 0xDF, 0xC0, 0x3F, 0x3F, 0x3F, 0x3F, 0x3F, 0x3F, 0x3F, 0x3F,
    0xFF, 0xFF, 0xFF, 0xFF, 0xFF, 0xFF, 0xFF, 0xFF, 0x00, 0x00, 0x00, 0x00, 0x1C, 0x21, 0x21, 0x1D,
    0xFF, 0xFF, 0xFF, 0xFF, 0xFF, 0xFF, 0xFF, 0xFF, 0x00, 0x00, 0x00, 0x00, 0xC8, 0x28, 0xE8, 0x2F,
    0xFF, 0xFF, 0xFF, 0xFF, 0xFF, 0xFF, 0xFF, 0xFF, 0x00, 0x3F, 0x30, 0x30, 0x3E, 0x30, 0x30, 0x3F,
    0xFE, 0xFF, 0xFF, 0xFF, 0xFF, 0xFF, 0xFF, 0xFF, 0x01, 0x00, 0x00, 0x00, 0x00, 0x00, 0x00, 0x00,
    0xFF, 0x7F, 0xBF, 0xDF, 0xE7, 0xFB, 0xFC, 0xFF, 0x02, 0x83, 0x42, 0x22, 0x18, 0x04, 0x03, 0x00,
    0xFF, 0xFF, 0xFF, 0xFF, 0xFF, 0xFF, 0x7F, 0x80, 0xA9, 0x39, 0xAA, 0xAA, 0x00, 0x00, 0x80, 0x7F,
    0xFF, 0xFF, 0xFE, 0xFD, 0xF3, 0xEF, 0x1F, 0xFF, 0x50, 0x50, 0x71, 0x52, 0x0C, 0x10, 0xE0, 0x00,
    0xBF, 0x7F, 0xFF, 0xFF, 0xFF, 0xFF, 0xFF, 0xFF, 0x40, 0x80, 0x00, 0x00, 0x00, 0x00, 0x00, 0x00,
    0xCE, 0xC0, 0xC0, 0xC0, 0xC0, 0xC3, 0xC0, 0xFF, 0x3F, 0x3F, 0x3F, 0x3F, 0x3F, 0x3C, 0x3F, 0x00,
    0xFF, 0xFF, 0xFF, 0xFF, 0xBF, 0xC0, 0xFF, 0xFF, 0x00, 0x00, 0x00, 0x00, 0x40, 0x3F, 0x00, 0x00,
    0xFF, 0xFF, 0xFF, 0xFF, 0xFF, 0x00, 0xFF, 0xFF, 0x00, 0x00, 0x00, 0x00, 0x00, 0xFF, 0x00, 0x00,
    0xFF, 0xFF, 0xFF, 0xFF, 0xFF, 0x00, 0xFF, 0xFF, 0x01, 0x01, 0x01, 0x01, 0x00, 0xFF, 0x00, 0x00,
    0xFF, 0xFF, 0x00, 0xFF, 0xFF, 0x00, 0xFF, 0xFF, 0x00, 0x00, 0xFF, 0x00, 0xFF, 0xFF, 0xFF, 0xFF,
    0xCB, 0xCB, 0x2B, 0xFB, 0xFB, 0x03, 0xFF, 0xFF, 0x3F, 0x3F, 0xDF, 0x0F, 0xFF, 0xFF, 0xFF, 0xFF,
    0xD3, 0xD3, 0xD4, 0xDF, 0xFF, 0xFF, 0xFF, 0xFF, 0x2C, 0x2C, 0x2B, 0x20, 0x00, 0x00, 0x00, 0x00,
    0x7C, 0xFF, 0x00, 0xFF, 0xFF, 0xFF, 0xFF, 0xFF, 0x83, 0x00, 0xFF, 0x00, 0x00, 0x00, 0x00, 0x00,
    0xCB, 0xCB, 0x2B, 0xFB, 0xFF, 0xFF, 0xFF, 0xFF, 0x34, 0x34, 0xD4, 0x04, 0x00, 0x00, 0x00, 0x00,
    0xD3, 0xD9, 0xEE, 0xF3, 0xFC, 0xFF, 0xFF, 0xFF, 0x2C, 0x26, 0x11, 0x0C, 0x03, 0x00, 0x00, 0x00,
    0xFF, 0xFF, 0x00, 0xFF, 0x00, 0xFF, 0xFF, 0xFF, 0x00, 0x00, 0xFF, 0x00, 0xFF, 0x00, 0x00, 0x00,
    0xCB, 0x9B, 0x77, 0xCF, 0x3F, 0xFF, 0xFF, 0xFF, 0x34, 0x64, 0x88, 0x30, 0xC0, 0x00, 0x00, 0x00,
    0xFF, 0xFF, 0x41, 0xDD, 0xEB, 0xF7, 0xFF, 0xFF, 0x00, 0x00, 0xBE, 0x3E, 0xDD, 0xEB, 0x00, 0x00,
    0xD3, 0xD3, 0xD3, 0xD3, 0xD3, 0xD3, 0xD3, 0xD3, 0xFE, 0xFE, 0xFE, 0xFE, 0xFE, 0xFE, 0xFE, 0xFE,
    0xCB, 0xCB, 0xCB, 0xCB, 0xCB, 0xCB, 0xCB, 0xCB, 0xFF, 0xFF, 0xFF, 0xFF, 0xFF, 0xFF, 0xFF, 0xFF,
    0xD3, 0xD3, 0xD0, 0xDF, 0xFF, 0xFF, 0xFF, 0xFF, 0xFE, 0xFF, 0xFF, 0xFF, 0xFF, 0xFF, 0xFF, 0xFF,
    0xFF, 0xFF, 0x00, 0xFF, 0xFF, 0xFF, 0xFF, 0xFF, 0x00, 0xFF, 0xFF, 0xFF, 0xFF, 0xFF, 0xFF, 0xFF,
    0xD3, 0xD3, 0xD4, 0xDF, 0xFF, 0xFF, 0xFF, 0xFF, 0xFE, 0xFF, 0xFF, 0xFF, 0xFF, 0xFF, 0xFF, 0xFF,
    0xCB, 0xCB, 0x2B, 0xFB, 0xFF, 0xFF, 0xFF, 0xFF, 0xFF, 0xFF, 0xFF, 0xFF, 0xFF, 0xFF, 0xFF, 0xFF,
    0x00, 0x00, 0x00, 0x00, 0x00, 0x00, 0x00, 0x00, 0x00, 0x00, 0x00, 0x00, 0x00, 0x00, 0x00, 0x00,
    0x00, 0x00, 0x00, 0x00, 0x00, 0x00, 0x00, 0x00, 0x00, 0x00, 0x00, 0x00, 0x00, 0x00, 0x00, 0x00,
    0x00, 0x00, 0x00, 0x00, 0x00, 0x00, 0x00, 0x00, 0x00, 0x00, 0x00, 0x00, 0x00, 0x00, 0x00, 0x00,
    0x00, 0x00, 0x00, 0x00, 0x00, 0x00, 0x00, 0x00, 0x00, 0x00, 0x00, 0x00, 0x00, 0x00, 0x00, 0x00,
    0x00, 0x00, 0x00, 0x00, 0x00, 0x00, 0x00, 0x00, 0x00, 0x00, 0x00, 0x00, 0x00, 0x00, 0x00, 0x00,
    0x00, 0x00, 0x00, 0x00, 0x00, 0x00, 0x00, 0x00, 0x00, 0x00, 0x00, 0x00, 0x00, 0x00, 0x00, 0x00,
    0x00, 0x00, 0x00, 0x00, 0x00, 0x00, 0x00, 0x00, 0x00, 0x00, 0x00, 0x00, 0x00, 0x00, 0x00, 0x00,
    0x00, 0x00, 0x00, 0x00, 0x00, 0x00, 0x00, 0x00, 0x00, 0x00, 0x00, 0x00, 0x00, 0x00, 0x00, 0x00,
    0xFF, 0xFF, 0xFF, 0xFF, 0xFF, 0xFF, 0xFF, 0xFF, 0x00, 0x00, 0x00, 0x00, 0x00, 0x00, 0x00, 0x00,
    0xFF, 0xFF, 0xFF, 0xFF, 0xFF, 0xFF, 0xFF, 0xFF, 0xFF, 0xFF, 0xFF, 0xFF, 0xFF, 0xFF, 0xFF, 0xFF,
    0x00, 0x00, 0x00, 0x00, 0x00, 0x00, 0x00, 0x00, 0x00, 0x00, 0x00, 0x08, 0x00, 0x00, 0x00, 0x00,
    0x00, 0x00, 0x00, 0x00, 0x00, 0x00, 0x00, 0x00, 0x00, 0x00, 0x04, 0x10, 0x00, 0x00, 0x00, 0x00,
    0x00, 0x00, 0x00, 0x00, 0x00, 0x00, 0x00, 0x00, 0x00, 0x00, 0x08, 0x20, 0x08, 0x00, 0x00, 0x00,
    0x00, 0x00, 0x00, 0x00, 0x00, 0x00, 0x00, 0x00, 0x00, 0x00, 0x08, 0x42, 0x28, 0x00, 0x00, 0x00,
    0x40, 0xE0, 0xE0, 0xE0, 0xE0, 0xE0, 0xE0, 0xE0, 0x00, 0x00, 0x00, 0x00, 0x00, 0x00, 0x00, 0x00,
    0x18, 0x38, 0x38, 0x70, 0x70, 0x70, 0xE0, 0xE0, 0x00, 0x00, 0x00, 0x00, 0x00, 0x00, 0x00, 0x00,
    0x00, 0x07, 0x0F, 0x1E, 0x3C, 0x78, 0xF0, 0xE0, 0x00, 0x00, 0x00, 0x00, 0x00, 0x00, 0x00, 0x00,
    0x00, 0x00, 0x00, 0x00, 0x0F, 0x3E, 0xF8, 0xE0, 0x00, 0x00, 0x00, 0x00, 0x00, 0x00, 0x00, 0x00,
    0x00, 0x00, 0x00, 0x00, 0x00, 0xFE, 0xFF, 0xFE, 0x00, 0x00, 0x00, 0x00, 0x00, 0x00, 0x00, 0x00,
    0x00, 0x00, 0x80, 0x80, 0xFF, 0x80, 0x80, 0x00, 0x00, 0x00, 0x00, 0x00, 0x00, 0x00, 0x00, 0x00,
    0x3E, 0x08, 0x08, 0x08, 0x08, 0x08, 0x08, 0x08, 0x00, 0x00, 0x00, 0x00, 0x00, 0x00, 0x00, 0x00,
    0x80, 0x80, 0x80, 0x80, 0x80, 0x80, 0x80, 0x80, 0x00, 0x00, 0x00, 0x00, 0x00, 0x00, 0x00, 0x00,
    0xFF, 0x00, 0x00, 0x00, 0x00, 0x00, 0x00, 0x00, 0x00, 0x00, 0x00, 0x00, 0x00, 0x00, 0x00, 0x00,
    0x00, 0x00, 0x00, 0x18, 0x18, 0x00, 0x00, 0x00, 0x00, 0x00, 0x00, 0x00, 0x00, 0x00, 0x00, 0x00,
    0x00, 0x00, 0x00, 0x10, 0x10, 0x00, 0x00, 0x00, 0x00, 0x00, 0x00, 0x00, 0x00, 0x00, 0x00, 0x00,
    0x7E, 0x7E, 0x00, 0x00, 0x00, 0x00, 0x00, 0x00, 0x7E, 0x7E, 0x00, 0x00, 0x00, 0x00, 0x00, 0x00,
    0x7E, 0x7E, 0x00, 0x00, 0x00, 0x00, 0x7E, 0x7E, 0x7E, 0x7E, 0x00, 0x00, 0x00, 0x00, 0x7E, 0x7E,
    0x00, 0x00, 0x00, 0x00, 0x00, 0x08, 0x00, 0x00, 0x00, 0x00, 0x00, 0x00, 0x00, 0x08, 0x00, 0x00,
    0x00, 0x00, 0x00, 0x00, 0x10, 0x10, 0x00, 0x00, 0x00, 0x00, 0x00, 0x00, 0x10, 0x10, 0x00, 0x00,
    0x00, 0x00, 0x00, 0x18, 0x18, 0x18, 0x00, 0x00, 0x00, 0x00, 0x00, 0x00, 0x18, 0x18, 0x00, 0x00,
    0x00, 0x08, 0x1C, 0x1C, 0x1C, 0x1C, 0x00, 0x00, 0x00, 0x00, 0x00, 0x00, 0x1C, 0x1C, 0x00, 0x00,
    0x00, 0x00, 0x00, 0x00, 0x10, 0x00, 0x00, 0x00, 0x00, 0x00, 0x00, 0x10, 0x10, 0x00, 0x00, 0x00,
    0x00, 0x00, 0x00, 0x08, 0x00, 0x1C, 0x00, 0x00, 0x00, 0x00, 0x00, 0x08, 0x1C, 0x1C, 0x00, 0x00,
    0x00, 0x00, 0x00, 0x18, 0x00, 0x3C, 0x00, 0x00, 0x00, 0x00, 0x18, 0x7E, 0x7E, 0x3C, 0x00, 0x00,
    0x00, 0x00, 0x3C, 0x3C, 0x81, 0x7E, 0x00, 0x00, 0x18, 0x18, 0x7E, 0xFF, 0xFF, 0x7E, 0x00, 0x00,
    0x00, 0x00, 0x00, 0x00, 0x00, 0x00, 0x00, 0x00, 0x00, 0x00, 0x1E, 0x3F, 0x3F, 0x3F, 0x3F, 0x1E,
    0x00, 0x00, 0x1E, 0x3F, 0x3F, 0x3F, 0x3F, 0x1E, 0x00, 0x00, 0x1E, 0x3F, 0x3F, 0x3F, 0x3F, 0x1E,
    0x00, 0x00, 0x00, 0x00, 0x00, 0x00, 0x00, 0x00, 0x00, 0x00, 0x00, 0xFF, 0xFF, 0x00, 0x00, 0x00,
    0x00, 0x00, 0x00, 0xFF, 0xFF, 0x00, 0x00, 0x00, 0x00, 0x00, 0x00, 0xFF, 0xFF, 0x00, 0x00, 0x00,
    0x00, 0x00, 0x00, 0x00, 0x00, 0x00, 0x00, 0x00, 0x00, 0x00, 0x00, 0x00, 0x18, 0x00, 0x00, 0x00,
    0x00, 0x00, 0x00, 0x00, 0x10, 0x01, 0x03, 0x3F, 0x00, 0x00, 0x00, 0x00, 0x00, 0x3E, 0x3C, 0x00,
    0x00, 0x00, 0x04, 0x04, 0xA3, 0x83, 0xA3, 0xA3, 0x00, 0x00, 0x00, 0x40, 0x5C, 0x7C, 0x7C, 0x7C,
    0x00, 0x00, 0x00, 0x00, 0x00, 0x8E, 0x40, 0xDF, 0x00, 0x00, 0x00, 0x00, 0x0E, 0xE0, 0xB8, 0x30,
    0x00, 0x00, 0x00, 0x00, 0x80, 0x00, 0x00, 0x8C, 0x00, 0x00, 0x00, 0x00, 0x00, 0x00, 0x00, 0xF7,
    0x00, 0x00, 0x00, 0x00, 0x00, 0x00, 0x00, 0x87, 0x00, 0x00, 0x00, 0x00, 0x00, 0x00, 0x00, 0xFA,
    0x00, 0x29, 0x01, 0xFF, 0x28, 0x00, 0x00, 0x00, 0x00, 0xD6, 0xFE, 0x02, 0xFF, 0xFF, 0xFF, 0xFF,
    0x1F, 0x83, 0xFC, 0x3F, 0x57, 0x80, 0x80, 0x00, 0x00, 0x60, 0x03, 0xE3, 0xFF, 0x7F, 0x7F, 0xFF,
    0xFB, 0xFF, 0x44, 0x93, 0x7F, 0x80, 0x80, 0x00, 0x7C, 0x00, 0xBB, 0x7C, 0xFF, 0x7F, 0x7F, 0xFF,
    0xEF, 0xF0, 0x99, 0xFF, 0x5F, 0x81, 0x81, 0x00, 0x10, 0x08, 0x7E, 0x00, 0xFF, 0x7E, 0x7E, 0xFF,
    0x7B, 0x00, 0x00, 0xF8, 0x24, 0x00, 0x00, 0x30, 0x84, 0x00, 0x00, 0x00, 0xF8, 0xFC, 0xF8, 0xC0,
    0x7F, 0x00, 0x00, 0x00, 0x00, 0x00, 0x00, 0x00, 0x80, 0x00, 0x00, 0x00, 0x00, 0x00, 0x00, 0x00,
    0x78, 0x2F, 0x09, 0x0F, 0x01, 0x00, 0x00, 0x00, 0x07, 0x38, 0x16, 0x05, 0x02, 0x00, 0x00, 0x00,
    0xF0, 0xFF, 0x55, 0x77, 0xB6, 0x00, 0x00, 0x00, 0x0F, 0x88, 0xAA, 0x99, 0xDB, 0x00, 0x00, 0x00,
    0xF0, 0xFF, 0x55, 0x77, 0xDB, 0x00, 0x00, 0x00, 0x0F, 0x88, 0xAA, 0x99, 0x6D, 0x00, 0x00, 0x00,
    0xF1, 0xFE, 0x52, 0x77, 0x6C, 0x00, 0x00, 0x00, 0x0E, 0x89, 0xAC, 0x98, 0xB6, 0x00, 0x00, 0x00,
    0xF0, 0xA0, 0x80, 0x80, 0x00, 0x00, 0x00, 0x00, 0x10, 0xC0, 0x40, 0x80, 0x00, 0x00, 0x00, 0x00,
    0x00, 0x00, 0x00, 0x00, 0x00, 0x00, 0x05, 0x00, 0x00, 0x00, 0x00, 0x00, 0x00, 0x00, 0x1A, 0x1F,
    0x00, 0x04, 0x00, 0x00, 0x0F, 0x07, 0x20, 0x3F, 0x00, 0x00, 0x0F, 0x0F, 0x00, 0x00, 0xD8, 0xC0,
    0x02, 0x51, 0x41, 0xD1, 0xD1, 0xFD, 0xFF, 0x22, 0x20, 0x2E, 0xBE, 0x3E, 0x3E, 0x3E, 0x00, 0xDD,
    0x00, 0x00, 0x8E, 0x40, 0xDF, 0xEE, 0xF0, 0x98, 0x00, 0x0E, 0xE0, 0xB8, 0x31, 0x11, 0x08, 0x7E,
    0x00, 0x00, 0x00, 0x00, 0x1A, 0xF5, 0x00, 0x00, 0x00, 0x00, 0x00, 0x00, 0xEF, 0x0A, 0x00, 0x00,
    0x00, 0x00, 0x00, 0x00, 0x18, 0xF8, 0x00, 0x00, 0x00, 0x00, 0x00, 0x00, 0xE8, 0x00, 0x00, 0x00,
    0x05, 0x00, 0x00, 0x00, 0x0F, 0x05, 0x03, 0x00, 0x1F, 0x1F, 0x1F, 0x1F, 0x00, 0x03, 0x02, 0x01,
    0x15, 0x20, 0x20, 0x00, 0x3C, 0xFF, 0x15, 0xDB, 0xFF, 0xDF, 0xDF, 0xFF, 0xC3, 0x22, 0xEA, 0x6D,
    0xBF, 0x40, 0x40, 0x00, 0x78, 0xFF, 0x2A, 0x6D, 0xFF, 0xBF, 0xBF, 0xFF, 0x87, 0x44, 0xD5, 0xB6,
    0x5E, 0x80, 0x80, 0x00, 0xF1, 0xFF, 0x53, 0xB6, 0xFF, 0x7F, 0x7F, 0xFF, 0x0E, 0x89, 0xAC, 0xDB,
    0x40, 0x00, 0x00, 0x60, 0xC0, 0x40, 0x80, 0x00, 0xE0, 0xF0, 0xF0, 0x80, 0x20, 0xC0, 0x00, 0x00,
    0x00, 0x00, 0x00, 0x00, 0x00, 0x01, 0xAC, 0xFC, 0x00, 0x00, 0x00, 0x00, 0x01, 0x00, 0x52, 0x03,
    0x00, 0x00, 0x00, 0x8A, 0x3A, 0xF8, 0x3F, 0xFA, 0x00, 0x00, 0x04, 0x07, 0xC7, 0x07, 0x00, 0x37,
    0x00, 0x00, 0x80, 0x63, 0x70, 0x77, 0xFC, 0xFF, 0x00, 0x00, 0x00, 0x80, 0x8E, 0x8C, 0x02, 0x00,
    0x00, 0x00, 0x00, 0x00, 0x00, 0xBB, 0x00, 0xE0, 0x00, 0x00, 0x00, 0x00, 0x00, 0x44, 0x00, 0x00,
    0x31, 0x02, 0x00, 0x7B, 0x35, 0x0D, 0x00, 0x00, 0xFF, 0xFD, 0xFF, 0x0D, 0x2A, 0x16, 0x00, 0x00,
    0xB7, 0x08, 0x00, 0x9E, 0xD3, 0xB6, 0x00, 0x00, 0xFF, 0xF7, 0xFF, 0x73, 0x2C, 0xDB, 0x00, 0x00,
    0xAE, 0x42, 0x00, 0x7F, 0x2B, 0xDB, 0x00, 0x00, 0xFF, 0xBD, 0xFF, 0xA9, 0xD4, 0x6D, 0x00, 0x00,
    0x00, 0x20, 0x60, 0xC0, 0x00, 0x00, 0x00, 0x00, 0xE0, 0xC0, 0xA0, 0x00, 0x80, 0x00, 0x00, 0x00,
    0x00, 0x00, 0x00, 0x00, 0x00, 0x02, 0x03, 0x00, 0x00, 0x00, 0x00, 0x00, 0x00, 0x00, 0x00, 0x00,
    0x00, 0x00, 0x00, 0x00, 0x50, 0x74, 0xF4, 0xFE, 0x00, 0x00, 0x00, 0x00, 0x20, 0x9A, 0x1B, 0x00,
    0x00, 0x00, 0x00, 0x00, 0x00, 0x00, 0x5A, 0x00, 0x00, 0x00, 0x00, 0x00, 0x00, 0x00, 0xA4, 0x00,
    0x03, 0x18, 0x02, 0x1B, 0x0B, 0x00, 0x00, 0x00, 0x3C, 0x3F, 0x3D, 0x04, 0x0D, 0x00, 0x00, 0x00,
    0x82, 0x54, 0x22, 0xFF, 0x6D, 0x00, 0x00, 0x00, 0x7D, 0xFF, 0xDD, 0x00, 0xB6, 0x00, 0x00, 0x00,
    0x00, 0xC0, 0x18, 0xF0, 0xA0, 0x00, 0x00, 0x00, 0xC0, 0xF8, 0xE0, 0x10, 0xC0, 0x00, 0x00, 0x00,
    0x00, 0x03, 0x07, 0x07, 0x00, 0x77, 0x1B, 0x00, 0x00, 0x00, 0x09, 0x70, 0x7F, 0x08, 0x2D, 0x00,
    0x00, 0xC0, 0x5F, 0xE0, 0x00, 0xB4, 0x68, 0x00, 0x00, 0x00, 0xA0, 0x00, 0xFC, 0x4C, 0xB0, 0x00,
    0x00, 0x00, 0x03, 0x1C, 0x00, 0x7F, 0x00, 0x00, 0x00, 0x00, 0x1C, 0xE0, 0xFF, 0x00, 0x00, 0x00,
    0x00, 0x00, 0x00, 0x0A, 0x1E, 0x0C, 0x16, 0x00, 0x00, 0x00, 0x00, 0x0A, 0x10, 0x04, 0x12, 0x00,
    0x12, 0x7F, 0x3E, 0x7E, 0x7F, 0x3C, 0x36, 0x10, 0x12, 0x2D, 0x12, 0x64, 0x47, 0x08, 0x24, 0x10,
    0x00, 0x00, 0x14, 0x38, 0x3C, 0x18, 0x00, 0x00, 0x00, 0x00, 0x10, 0x10, 0x08, 0x10, 0x00, 0x00,
    0x00, 0x10, 0x1A, 0x3C, 0x3C, 0x1E, 0x3C, 0x00, 0x00, 0x10, 0x02, 0x28, 0x30, 0x04, 0x14, 0x00,
    0x10, 0x22, 0x14, 0x7C, 0x7E, 0x3C, 0x7E, 0x1C, 0x00, 0x00, 0x04, 0x24, 0x6C, 0x00, 0x54, 0x08,
    0x08, 0x00, 0x28, 0x1E, 0x1C, 0x3C, 0x3E, 0x1C, 0x00, 0x00, 0x20, 0x14, 0x0C, 0x20, 0x00, 0x04,
    0x3C, 0x76, 0xBF, 0xEE, 0x7B, 0xAF, 0xFA, 0x5C, 0x00, 0x00, 0x00, 0x00, 0x00, 0x00, 0x00, 0x00,
    0x08, 0x74, 0x2E, 0x6C, 0x7B, 0xA6, 0x7A, 0x10, 0x00, 0x00, 0x00, 0x00, 0x00, 0x00, 0x00, 0x00,
    0x00, 0x00, 0x08, 0x2C, 0x1A, 0x2C, 0x10, 0x00, 0x00, 0x00, 0x00, 0x00, 0x00, 0x00, 0x00, 0x00,
    0x01, 0x01, 0x11, 0x0B, 0x5F, 0x3F, 0x1F, 0xFF, 0x00, 0x01, 0x00, 0x00, 0x4A, 0x10, 0x00, 0x80,
    0x00, 0x02, 0x44, 0x98, 0xF2, 0xE4, 0xF0, 0xFF, 0x00, 0x00, 0x00, 0x80, 0x22, 0x00, 0x00, 0x11,
    0x00, 0x00, 0x01, 0x01, 0x06, 0x03, 0x07, 0x07, 0x00, 0x00, 0x00, 0x00, 0x04, 0x02, 0x01, 0x01,
    0x86, 0x0F, 0xFF, 0xFF, 0xFF, 0xFF, 0xFF, 0xFF, 0x84, 0x0C, 0x8A, 0xC7, 0x20, 0xA0, 0x80, 0x10,
    0x00, 0xF1, 0xFF, 0xFF, 0xFF, 0xFF, 0xFF, 0xFF, 0x00, 0xC0, 0x9C, 0x62, 0x00, 0x80, 0x00, 0x00,
    0x20, 0x60, 0xC0, 0x40, 0x80, 0xC0, 0xE0, 0xC0, 0x00, 0x00, 0x00, 0x00, 0x80, 0x00, 0x40, 0xC0,
    0x00, 0x00, 0x00, 0x00, 0x00, 0x03, 0x27, 0x0F, 0x00, 0x00, 0x00, 0x00, 0x00, 0x02, 0x05, 0x09,
    0x00, 0x00, 0x00, 0x83, 0x2B, 0xF7, 0xFF, 0xFF, 0x00, 0x00, 0x00, 0x81, 0x0B, 0x17, 0x1B, 0xE0,
    0x00, 0x29, 0xBF, 0xFF, 0xFF, 0xFF, 0xFF, 0xFF, 0x00, 0x09, 0x90, 0xDC, 0x86, 0x85, 0x3C, 0xEE,
    0x00, 0x00, 0x00, 0xF3, 0xF8, 0xFE, 0xFF, 0xFF, 0x00, 0x00, 0x00, 0x52, 0x00, 0xC4, 0x7E, 0x27,
    0x00, 0x00, 0x00, 0x00, 0x00, 0x10, 0x30, 0xC0, 0x00, 0x00, 0x00, 0x00, 0x00, 0x00, 0x10, 0xC0,
    0x1F, 0x4F, 0x1F, 0x1B, 0x21, 0x41, 0x80, 0x01, 0x10, 0x00, 0x05, 0x02, 0x20, 0x00, 0x00, 0x01,
    0xF0, 0xE0, 0xF0, 0xB0, 0x00, 0x00, 0x00, 0x00, 0x00, 0x20, 0x40, 0x10, 0x00, 0x00, 0x00, 0x00,
    0x0F, 0x0F, 0x0F, 0x0F, 0x0F, 0x07, 0x07, 0x07, 0x01, 0x04, 0x02, 0x0C, 0x0F, 0x01, 0x07, 0x02,
    0xFF, 0xFF, 0xFF, 0xFF, 0xFF, 0xFF, 0xFF, 0xFF, 0x20, 0x00, 0x00, 0x00, 0x40, 0x20, 0x00, 0xA2,
    0xFF, 0xFF, 0xFF, 0xFF, 0xFF, 0xFF, 0xFF, 0xFF, 0x00, 0x00, 0x00, 0x00, 0x00, 0x03, 0x00, 0x12,
    0xF0, 0xF0, 0xF0, 0xF0, 0xF0, 0xB0, 0xE0, 0xF0, 0x90, 0x10, 0x00, 0x00, 0xA0, 0x30, 0x80, 0x00,
    0x07, 0x19, 0x01, 0x0F, 0x1F, 0x1F, 0x1F, 0x17, 0x04, 0x11, 0x00, 0x08, 0x15, 0x02, 0x02, 0x06,
    0xFF, 0xFF, 0xFF, 0xFF, 0xFF, 0xFF, 0xFF, 0xFF, 0xD1, 0x10, 0xCD, 0x98, 0x30, 0x80, 0x06, 0x40,
    0xFF, 0xFF, 0xFF, 0xFF, 0xFF, 0xFF, 0xFF, 0xFF, 0xB3, 0xC1, 0x9E, 0x05, 0x83, 0x28, 0x08, 0x62,
    0xFF, 0xFF, 0xFF, 0xFF, 0xFF, 0xFF, 0xFF, 0xFF, 0xE3, 0x71, 0xBA, 0xDB, 0x20, 0x08, 0x1E, 0x2A,
    0xC0, 0xE0, 0xCC, 0xE8, 0x94, 0xFE, 0xFA, 0xFE, 0x40, 0x20, 0x0C, 0x00, 0x90, 0x78, 0x28, 0x36,
    0x07, 0x01, 0x01, 0x01, 0x03, 0x03, 0x04, 0x00, 0x07, 0x01, 0x00, 0x00, 0x00, 0x00, 0x00, 0x00,
    0xFF, 0xFF, 0xFF, 0xFF, 0xAF, 0x01, 0x00, 0x00, 0x03, 0x40, 0x8B, 0x4C, 0x0F, 0x01, 0x00, 0x00,
    0xFF, 0xFF, 0xFF, 0xFF, 0xF6, 0xC0, 0x00, 0x00, 0x31, 0xAD, 0x9F, 0xFC, 0xF4, 0xC0, 0x00, 0x00,
    0xC0, 0xC0, 0xA0, 0xE0, 0xC0, 0x60, 0x10, 0x00, 0xC0, 0x00, 0x80, 0x00, 0x00, 0x00, 0x00, 0x00,
    0x5F, 0x3F, 0x7F, 0x7F, 0x7F, 0x7F, 0x7F, 0x3F, 0x03, 0x22, 0x31, 0x03, 0x57, 0x7F, 0x7B, 0x13,
    0xFF, 0xFF, 0xFF, 0xFF, 0xFF, 0xFF, 0xFF, 0xFF, 0x10, 0x00, 0x02, 0x04, 0x10, 0xD0, 0x41, 0xF8,
    0xFF, 0xFF, 0xFF, 0xFF, 0xFF, 0xFF, 0xFF, 0xFF, 0x00, 0x00, 0x00, 0x00, 0x00, 0x00, 0x00, 0x09,
    0xFF, 0xFF, 0xFF, 0xFF, 0xFF, 0xFF, 0xFF, 0xFF, 0x23, 0x17, 0x07, 0x2D, 0x17, 0x21, 0x00, 0xA3,
    0xFF, 0xFF, 0xFD, 0xFD, 0xFE, 0xFF, 0xFF, 0xFC, 0x33, 0x9B, 0x11, 0x18, 0x5C, 0xF4, 0x76, 0x94,
    0x1F, 0x3F, 0x3F, 0x0F, 0x2F, 0x1F, 0x17, 0x03, 0x03, 0x3C, 0x3F, 0x0D, 0x29, 0x1E, 0x17, 0x02,
    0xFF, 0xFF, 0xFF, 0xFF, 0xFF, 0xFF, 0xFF, 0xFF, 0x70, 0x9D, 0x03, 0xDB, 0xFC, 0xED, 0x4E, 0x6F,
    0xFF, 0xFF, 0xFF, 0xFF, 0xFF, 0xFF, 0xFF, 0xFF, 0x68, 0x5D, 0x82, 0xA7, 0x7F, 0xFB, 0x56, 0xC7,
    0xFF, 0xFF, 0xFF, 0xFF, 0xFF, 0xFF, 0xFF, 0xFF, 0x0F, 0x52, 0x7A, 0x79, 0x57, 0xA9, 0x7D, 0x97,
    0xF7, 0xF2, 0xF8, 0xF4, 0xF4, 0xE8, 0xC0, 0x80, 0x85, 0x32, 0x60, 0x14, 0xB0, 0xA8, 0x40, 0x80,
    0x07, 0x13, 0x01, 0x00, 0x00, 0x00, 0x00, 0x00, 0x07, 0x03, 0x00, 0x00, 0x00, 0x00, 0x00, 0x00,
    0xFF, 0xFF, 0xFF, 0x67, 0x1A, 0x20, 0x00, 0x00, 0xF7, 0x9C, 0xFF, 0x67, 0x0A, 0x00, 0x00, 0x00,
    0xFF, 0xFF, 0xFF, 0xFF, 0xFF, 0x5F, 0x72, 0x00, 0xBC, 0xB9, 0xCE, 0xF9, 0xFF, 0x5F, 0x72, 0x00,
    0xFF, 0xFF, 0xFE, 0xF6, 0xA4, 0x00, 0x00, 0x00, 0x3F, 0xB9, 0xFE, 0xD2, 0xA4, 0x00, 0x00, 0x00,
    0xA0, 0x00, 0x00, 0x00, 0x00, 0x00, 0x00, 0x00, 0xA0, 0x00, 0x00, 0x00, 0x00, 0x00, 0x00, 0x00,
    0x00, 0x00, 0x00, 0x00, 0x00, 0x01, 0x00, 0x03, 0x00, 0x00, 0x00, 0x00, 0x03, 0x06, 0x07, 0x0C,
    0x00, 0x00, 0x80, 0x83, 0xBF, 0x0F, 0xDE, 0x1E, 0x00, 0x00, 0x00, 0x00, 0x40, 0xFC, 0xE3, 0xE3,
    0x00, 0x00, 0x00, 0x00, 0x00, 0x80, 0xC0, 0x40, 0x00, 0x00, 0x00, 0x00, 0xC0, 0x60, 0xA0, 0xB0,
    0x00, 0x00, 0x04, 0x14, 0x19, 0x03, 0x80, 0x80, 0x00, 0x00, 0x00, 0x00, 0x26, 0x7D, 0x7F, 0x7F,
    0x00, 0x00, 0x00, 0x00, 0x03, 0x37, 0x50, 0x7C, 0x00, 0x00, 0x00, 0x00, 0xA4, 0xC0, 0xEC, 0xCB,
    0x00, 0x00, 0x00, 0x00, 0x00, 0x00, 0x00, 0xE5, 0x00, 0x00, 0x00, 0x00, 0x00, 0x00, 0x00, 0x3E,
    0x00, 0x00, 0x00, 0x00, 0x02, 0x0A, 0xCF, 0x0A, 0x00, 0x00, 0x00, 0x00, 0x05, 0xF7, 0x30, 0xF7,
    0x00, 0x00, 0x20, 0xA0, 0x98, 0x40, 0xC1, 0x81, 0x00, 0x00, 0x00, 0x00, 0x64, 0xBE, 0x3E, 0x7E,
    0x00, 0x00, 0x00, 0x00, 0x00, 0x00, 0x00, 0x72, 0x00, 0x00, 0x00, 0x00, 0x00, 0x00, 0x00, 0x9F,
    0x00, 0x00, 0x00, 0x00, 0x01, 0x01, 0x03, 0x03, 0x00, 0x00, 0x00, 0x00, 0x02, 0x06, 0x05, 0x0C,
    0x00, 0x00, 0x01, 0x01, 0xBD, 0xC3, 0x42, 0xC3, 0x00, 0x00, 0x00, 0x00, 0x42, 0x3C, 0xBD, 0x3C,
    0x00, 0x00, 0x00, 0x00, 0x80, 0x80, 0xC0, 0xC0, 0x00, 0x00, 0x00, 0x00, 0x40, 0x60, 0xA0, 0x30,
    0x03, 0x0F, 0x03, 0x02, 0x7F, 0xFF, 0xFC, 0xFC, 0x0C, 0x00, 0x7D, 0xFD, 0xFD, 0x00, 0x03, 0x7B,
    0x1C, 0xFF, 0xE8, 0x00, 0xEA, 0xFF, 0xAA, 0x00, 0xE3, 0x00, 0x57, 0xFF, 0xFF, 0x00, 0x55, 0xFF,
    0x40, 0xF0, 0x00, 0x60, 0xFE, 0xFF, 0xBF, 0x3F, 0xB0, 0x00, 0xFE, 0xBF, 0xBF, 0x00, 0x40, 0xDE,
    0x00, 0x06, 0x58, 0x00, 0x0B, 0x41, 0x78, 0x3F, 0x00, 0x3F, 0x27, 0x7F, 0xF4, 0xBE, 0x87, 0x00,
    0xC0, 0xFF, 0x16, 0x01, 0x00, 0x00, 0x01, 0x87, 0x3F, 0x80, 0xE9, 0xFF, 0xFF, 0xFF, 0xFE, 0x78,
    0x77, 0xFC, 0x00, 0xF0, 0x88, 0xFF, 0xF0, 0xF0, 0x88, 0x00, 0xFF, 0xEF, 0xF7, 0x00, 0x0F, 0xEF,
    0xFF, 0x00, 0x00, 0x18, 0x08, 0xFF, 0x07, 0x0E, 0x00, 0x00, 0xE0, 0xEE, 0xF7, 0x00, 0xF8, 0xF6,
    0x00, 0x00, 0x00, 0x02, 0x22, 0x3E, 0x08, 0x00, 0x00, 0x00, 0x3F, 0x7F, 0x7F, 0xC1, 0xF7, 0xFF,
    0xFF, 0x3F, 0x00, 0x04, 0x52, 0x59, 0x11, 0x41, 0x00, 0x00, 0xFF, 0xFF, 0xFF, 0xA7, 0xEF, 0xBF,
    0x03, 0xFE, 0x68, 0x00, 0x00, 0x00, 0x00, 0x01, 0xFC, 0x01, 0x97, 0xFF, 0xFF, 0xFF, 0xFF, 0xFE,
    0xFF, 0x00, 0x18, 0x00, 0xD0, 0x82, 0x1E, 0xFC, 0x00, 0x80, 0xE4, 0xFE, 0x2F, 0x7D, 0xE1, 0x00,
    0x03, 0x0F, 0x03, 0x02, 0x2A, 0x0F, 0x02, 0x00, 0x0D, 0x00, 0x3F, 0x7D, 0xFD, 0xF0, 0xFD, 0xFF,
    0x7E, 0xFF, 0xE0, 0x20, 0x21, 0xF3, 0x00, 0x0D, 0x81, 0x00, 0xFF, 0xFF, 0xFF, 0x0C, 0xFF, 0xF2,
    0xC0, 0xF0, 0x00, 0x00, 0x3C, 0x40, 0x40, 0x00, 0xB0, 0x00, 0xFC, 0xFE, 0xE7, 0xBF, 0xBF, 0xFF,
    0x7C, 0x07, 0x7F, 0x7F, 0x07, 0x00, 0x00, 0x00, 0x03, 0x78, 0x78, 0x00, 0x78, 0x00, 0x00, 0x00,
    0x00, 0xFF, 0xFF, 0xFF, 0xFF, 0x00, 0x00, 0x00, 0xFF, 0x00, 0x00, 0x00, 0x00, 0x00, 0x00, 0x00,
    0x3E, 0xE0, 0xFE, 0xFE, 0xE0, 0x00, 0x00, 0x00, 0xC0, 0x1E, 0x1E, 0x00, 0x1E, 0x00, 0x00, 0x00,
    0x27, 0x30, 0x16, 0x06, 0x00, 0x00, 0x00, 0x00, 0x18, 0x1F, 0x09, 0x03, 0x00, 0x00, 0x00, 0x00,
    0xFD, 0x9C, 0x9B, 0xDF, 0x58, 0x00, 0x00, 0x00, 0x02, 0x63, 0x76, 0x20, 0x6F, 0x00, 0x00, 0x00,
    0xF0, 0x1F, 0xFF, 0xFF, 0xFF, 0x00, 0x00, 0x00, 0x0F, 0xE0, 0xE0, 0x00, 0x00, 0x00, 0x00, 0x00,
    0x0E, 0xF0, 0xFE, 0xBC, 0x80, 0x00, 0x00, 0x00, 0xF0, 0x0E, 0x0E, 0x00, 0x78, 0x00, 0x00, 0x00,
    0xF0, 0x7F, 0x7F, 0x07, 0x1F, 0x00, 0x00, 0x00, 0x0F, 0x70, 0x00, 0x38, 0x1C, 0x00, 0x00, 0x00,
    0x0F, 0xFF, 0xFF, 0xFC, 0xFF, 0x00, 0x00, 0x00, 0xF0, 0x07, 0x00, 0x03, 0x00, 0x00, 0x00, 0x00,
    0x3F, 0xF9, 0xD9, 0x7A, 0xF6, 0x00, 0x00, 0x00, 0xC0, 0x06, 0x6E, 0x85, 0xEC, 0x00, 0x00, 0x00,
    0xE4, 0x08, 0x58, 0xC0, 0x00, 0x00, 0x00, 0x00, 0x18, 0xF4, 0xB0, 0xA0, 0x00, 0x00, 0x00, 0x00,
    0xFC, 0x07, 0x7F, 0x7F, 0x07, 0x00, 0x00, 0x00, 0x03, 0x78, 0x78, 0x00, 0x78, 0x00, 0x00, 0x00,
    0x3F, 0xE0, 0xFE, 0xFE, 0xE0, 0x00, 0x00, 0x00, 0xC0, 0x1E, 0x1E, 0x00, 0x1E, 0x00, 0x00, 0x00,
    0x00, 0x00, 0x00, 0x00, 0x00, 0x00, 0x03, 0x00, 0x00, 0x00, 0x00, 0x01, 0x01, 0x03, 0x00, 0x0F,
    0x40, 0x42, 0x5E, 0x0F, 0x6F, 0x8E, 0xFF, 0xF8, 0x00, 0x00, 0xA1, 0xFC, 0xF3, 0x73, 0x00, 0x27,
    0x00, 0x00, 0x00, 0x00, 0x80, 0x80, 0xE0, 0x00, 0x00, 0x00, 0x80, 0xC0, 0x40, 0x60, 0x00, 0xF8,
    0x00, 0x00, 0x00, 0x00, 0x00, 0x00, 0x00, 0x0B, 0x00, 0x00, 0x00, 0x00, 0x00, 0x00, 0x07, 0x04,
    0x0A, 0x0C, 0x01, 0x20, 0x20, 0x30, 0xBF, 0x0B, 0x00, 0x03, 0x1E, 0x1F, 0x1F, 0x0F, 0xE0, 0xF4,
    0x00, 0x86, 0xB6, 0x50, 0x79, 0x77, 0xF8, 0x00, 0x00, 0x20, 0xC0, 0xE8, 0xCE, 0x88, 0x00, 0xFF,
    0x00, 0x00, 0x00, 0x00, 0xD4, 0xFC, 0x00, 0x00, 0x00, 0x00, 0x00, 0x00, 0x78, 0x00, 0x00, 0xC0,
    0x00, 0x00, 0x00, 0x00, 0x00, 0x00, 0x00, 0x00, 0x00, 0x00, 0x00, 0x00, 0x00, 0x00, 0x00, 0x0F,
    0x00, 0x01, 0x05, 0x67, 0x05, 0x7F, 0x1F, 0x00, 0x00, 0x02, 0x7B, 0x18, 0x7B, 0x00, 0x00, 0xFF,
    0xA0, 0x98, 0x40, 0xC0, 0x80, 0x03, 0xFE, 0x68, 0x00, 0x64, 0xBE, 0x3E, 0x7F, 0xFC, 0x01, 0x97,
    0x00, 0x00, 0x00, 0x00, 0xE4, 0xFC, 0x00, 0x30, 0x00, 0x00, 0x00, 0x00, 0x3C, 0x00, 0x00, 0xC8,
    0x00, 0x00, 0x00, 0x00, 0x00, 0x00, 0x03, 0x00, 0x00, 0x00, 0x01, 0x01, 0x03, 0x03, 0x00, 0x07,
    0x02, 0x5D, 0x63, 0xE3, 0xE3, 0xFF, 0xFF, 0xF0, 0x00, 0xA2, 0x9C, 0x5D, 0x1C, 0x41, 0x00, 0xFF,
    0x00, 0x00, 0x00, 0x80, 0x80, 0x80, 0xE0, 0x00, 0x00, 0x80, 0xC0, 0x40, 0x60, 0x60, 0x00, 0xF0,
    0x00, 0x0F, 0x1F, 0x11, 0x0F, 0x0F, 0x01, 0x01, 0x1F, 0x1F, 0x00, 0x0E, 0x0E, 0x00, 0x0E, 0x0E,
    0x80, 0xFB, 0xFF, 0x00, 0x00, 0xFF, 0xFF, 0xFF, 0x7F, 0x7F, 0x00, 0xFF, 0xFF, 0x00, 0x00, 0x00,
    0xC0, 0xF8, 0xFC, 0x44, 0x78, 0xF8, 0xC0, 0xC0, 0x7C, 0x7C, 0x00, 0xB8, 0xB8, 0x00, 0x38, 0x38,
    0x01, 0x08, 0x0F, 0x07, 0x04, 0x06, 0x03, 0x00, 0x1E, 0x17, 0x10, 0x00, 0x03, 0x01, 0x01, 0x00,
    0xC0, 0x40, 0x00, 0xE3, 0xFE, 0x2E, 0x6D, 0x2D, 0x3F, 0xBF, 0xFF, 0x1C, 0x01, 0xD1, 0xB2, 0x36,
    0x08, 0x7F, 0xF0, 0xF0, 0xF0, 0x1F, 0xFF, 0x3F, 0xF7, 0x80, 0x0F, 0x6F, 0x0F, 0xE0, 0x60, 0xC0,
    0x20, 0xFC, 0x1C, 0x38, 0x38, 0xC0, 0xF8, 0x80, 0xDC, 0x00, 0xE0, 0xD8, 0xC0, 0x38, 0x18, 0x70,
    0x08, 0x0F, 0x02, 0x00, 0x38, 0x1F, 0x1F, 0x01, 0x1F, 0x30, 0x3D, 0x3F, 0x07, 0x1C, 0x00, 0x0F,
    0xA9, 0xAC, 0x08, 0x20, 0x06, 0xFF, 0xFF, 0xFE, 0xFF, 0x53, 0xF7, 0xDF, 0xF9, 0x07, 0x00, 0x01,
    0x01, 0x01, 0x00, 0x01, 0xBF, 0xFC, 0x90, 0x6D, 0xFE, 0xFE, 0xFF, 0xFE, 0x40, 0x07, 0x6F, 0xDB,
    0xA0, 0x04, 0x3C, 0xF8, 0xC8, 0x10, 0xB0, 0x80, 0x5C, 0xF8, 0xC0, 0x00, 0x70, 0xE8, 0x60, 0x40,
    0x06, 0x03, 0x00, 0x00, 0x1F, 0x0F, 0x0F, 0x01, 0x1F, 0x1C, 0x1F, 0x1F, 0x00, 0x0E, 0x00, 0x0E,
    0x90, 0xF2, 0x80, 0x0C, 0x00, 0xFF, 0xFF, 0xFF, 0x7F, 0x0D, 0x7F, 0xF3, 0xFF, 0x00, 0x00, 0x00,
    0x70, 0x80, 0x80, 0x00, 0x7C, 0xF8, 0xF8, 0xC0, 0xDC, 0x7C, 0x7C, 0xFC, 0x80, 0x38, 0x00, 0x38,
    0x00, 0x00, 0x02, 0x03, 0x03, 0x05, 0x1F, 0x06, 0x00, 0x00, 0x00, 0x05, 0x0E, 0x1A, 0x00, 0x7D,
    0x00, 0x00, 0x40, 0xC0, 0xF0, 0xD0, 0xF8, 0x00, 0x00, 0x00, 0x00, 0xB0, 0x60, 0x68, 0x00, 0xFE,
    0x00, 0x00, 0x00, 0x00, 0x00, 0x00, 0x02, 0x1C, 0x00, 0x00, 0x00, 0x00, 0x00, 0x00, 0x0F, 0x03,
    0x00, 0x00, 0x40, 0x68, 0x04, 0x07, 0xFF, 0x50, 0x00, 0x00, 0x00, 0x12, 0xFF, 0xFD, 0x00, 0xAF,
    0x00, 0x00, 0x00, 0xC0, 0x00, 0x36, 0x00, 0x00, 0x00, 0x00, 0x00, 0x00, 0x00, 0xC8, 0x00, 0xF0,
    0x00, 0x00, 0x00, 0x00, 0x01, 0x00, 0x00, 0x00, 0x00, 0x00, 0x00, 0x00, 0x00, 0x01, 0x00, 0x0F,
    0x00, 0x00, 0x08, 0x1B, 0xBC, 0x38, 0x7F, 0x05, 0x00, 0x00, 0x00, 0x04, 0x43, 0xD7, 0x00, 0xFA,
    0x00, 0x00, 0x00, 0x00, 0x00, 0x34, 0x80, 0x18, 0x00, 0x00, 0x00, 0x00, 0x80, 0xC8, 0x00, 0xE0,
    0x00, 0x00, 0x00, 0x05, 0x0E, 0x0E, 0x1F, 0x0F, 0x00, 0x00, 0x00, 0x02, 0x05, 0x11, 0x00, 0x3F,
    0x00, 0x00, 0x40, 0xE0, 0x10, 0x30, 0xF8, 0x00, 0x00, 0x00, 0x00, 0x00, 0xF0, 0xC8, 0x00, 0xFC,
    0x7E, 0xFF, 0x88, 0x78, 0x7F, 0x0F, 0x00, 0x00, 0xFF, 0x00, 0x77, 0x77, 0x00, 0x70, 0x00, 0x00,
    0x6E, 0xFF, 0x11, 0x1E, 0xFE, 0xF0, 0x00, 0x00, 0xFF, 0x00, 0xEE, 0xEE, 0x00, 0x0E, 0x00, 0x00,
    0x07, 0x10, 0x0F, 0x03, 0x06, 0x02, 0x00, 0x00, 0x38, 0x2F, 0x00, 0x0C, 0x09, 0x03, 0x00, 0x00,
    0x01, 0x07, 0x1E, 0xEE, 0x79, 0xDF, 0x00, 0x00, 0xFE, 0xF8, 0xE7, 0x11, 0x86, 0x6C, 0x00, 0x00,
    0x08, 0xFE, 0x0E, 0x0C, 0xF0, 0xF8, 0x00, 0x00, 0xF6, 0x00, 0xF6, 0xF0, 0x0C, 0x18, 0x00, 0x00,
    0x02, 0x0E, 0x00, 0x38, 0x07, 0x0F, 0x00, 0x00, 0x1F, 0x31, 0x3F, 0x07, 0x18, 0x0C, 0x00, 0x00,
    0xD0, 0xE0, 0x80, 0x3F, 0xCF, 0xFD, 0x00, 0x00, 0xFF, 0x1F, 0x7F, 0xC0, 0x30, 0x1B, 0x00, 0x00,
    0x60, 0x04, 0x78, 0xE8, 0x30, 0x80, 0x00, 0x00, 0x9C, 0xF8, 0x80, 0x10, 0xE8, 0x40, 0x00, 0x00,
    0x19, 0x1F, 0x00, 0xF8, 0x0F, 0x7F, 0x00, 0x00, 0xF7, 0xE0, 0xFF, 0x07, 0x70, 0x70, 0x00, 0x00,
    0x2E, 0x20, 0xE0, 0x1F, 0xF0, 0xFE, 0x00, 0x00, 0xFB, 0xDF, 0x1F, 0xE0, 0x0E, 0x0E, 0x00, 0x00,
    0x00, 0x00, 0x00, 0x00, 0x01, 0x03, 0x0B, 0x0F, 0x00, 0x00, 0x00, 0x00, 0x00, 0x04, 0x06, 0x00,
    0x00, 0x00, 0x00, 0x00, 0x40, 0xC0, 0xE0, 0xF0, 0x00, 0x00, 0x00, 0x00, 0x80, 0xA0, 0x70, 0x00,
    0x00, 0x00, 0x00, 0x00, 0x01, 0x02, 0x08, 0x0F, 0x00, 0x00, 0x00, 0x00, 0x00, 0x05, 0x07, 0x00,
    0x00, 0x00, 0x00, 0x00, 0x40, 0x10, 0x5F, 0xE0, 0x00, 0x00, 0x00, 0x00, 0x80, 0xC0, 0xE0, 0x00,
    0x00, 0x00, 0x00, 0x00, 0x01, 0x09, 0x09, 0x07, 0x00, 0x00, 0x00, 0x00, 0x00, 0x06, 0x06, 0x00,
    0x00, 0x00, 0x00, 0x00, 0x40, 0xA0, 0x9F, 0xE0, 0x00, 0x00, 0x00, 0x00, 0x80, 0x40, 0x60, 0x00,
    0x00, 0x00, 0x00, 0x00, 0x01, 0x02, 0x0A, 0x0F, 0x00, 0x00, 0x00, 0x00, 0x00, 0x05, 0x07, 0x00,
    0x00, 0x00, 0x00, 0x00, 0x40, 0xC0, 0x40, 0xF0, 0x00, 0x00, 0x00, 0x00, 0x80, 0x20, 0xF0, 0x00,
    0x00, 0x1F, 0x3F, 0x04, 0x1F, 0x00, 0x00, 0x00, 0x1F, 0x3B, 0x00, 0x1B, 0x18, 0x00, 0x00, 0x00,
    0x00, 0xF8, 0xFC, 0x20, 0xF8, 0x00, 0x00, 0x00, 0xF8, 0xDC, 0x00, 0xD8, 0x18, 0x00, 0x00, 0x00,
    0x21, 0x10, 0xE0, 0x1E, 0x36, 0x00, 0x00, 0x00, 0x5E, 0xEF, 0x1F, 0x61, 0x1B, 0x00, 0x00, 0x00,
    0x00, 0x26, 0xE3, 0xE7, 0x78, 0x00, 0x00, 0x00, 0xFC, 0xD9, 0xDF, 0x18, 0x8E, 0x00, 0x00, 0x00,
    0x00, 0x51, 0x20, 0xC3, 0x7F, 0x00, 0x00, 0x00, 0xFF, 0xFF, 0xDF, 0xFD, 0x00, 0x00, 0x00, 0x00,
    0x22, 0x08, 0x03, 0xFE, 0xD8, 0x00, 0x00, 0x00, 0xDC, 0xF7, 0xFC, 0x82, 0x34, 0x00, 0x00, 0x00,
    0x06, 0x04, 0x3F, 0x04, 0x1F, 0x00, 0x00, 0x00, 0x3F, 0x3B, 0x00, 0x1B, 0x18, 0x00, 0x00, 0x00,
    0x00, 0x20, 0xFC, 0x20, 0xF8, 0x00, 0x00, 0x00, 0xFC, 0xDC, 0x00, 0xD8, 0x18, 0x00, 0x00, 0x00,
    0x00, 0x1C, 0x1E, 0x3E, 0x65, 0x7F, 0x1C, 0x00, 0x00, 0x00, 0x34, 0x00, 0x7F, 0x00, 0x63, 0x00,
    0x00, 0x03, 0x00, 0x03, 0x00, 0x1C, 0x0B, 0x00, 0x00, 0x00, 0x03, 0x0C, 0x1F, 0x03, 0x0D, 0x00,
    0x00, 0x80, 0xB8, 0xC0, 0x00, 0xC8, 0x78, 0x00, 0x00, 0x00, 0xC0, 0x00, 0xF8, 0x78, 0x80, 0x00,
    0x00, 0x03, 0x06, 0x03, 0x0C, 0x00, 0x0F, 0x00, 0x00, 0x00, 0x01, 0x00, 0x1B, 0x1F, 0x00, 0x00,
    0x00, 0x80, 0x38, 0xC0, 0xA8, 0x78, 0xB0, 0x00, 0x00, 0x00, 0xC0, 0x00, 0xD0, 0x80, 0x60, 0x00,
    0x00, 0x1C, 0x1E, 0x3E, 0x00, 0x7F, 0x1C, 0x00, 0x00, 0x00, 0x34, 0x00, 0x7F, 0x00, 0x63, 0x00,
    0x00, 0x00, 0x00, 0x08, 0x00, 0x1C, 0x00, 0x00, 0x00, 0x00, 0x1C, 0x14, 0x3E, 0x22, 0x00, 0x00,
    0x00, 0x00, 0x06, 0x3C, 0x00, 0x32, 0x00, 0x00, 0x00, 0x00, 0x18, 0x00, 0x7F, 0x4D, 0x00, 0x00,
    0x00, 0x00, 0x00, 0x00, 0x00, 0x00, 0x00, 0x00, 0x00, 0x00, 0x00, 0x00, 0x00, 0x00, 0x00, 0x00,
    0x00, 0x00, 0x00, 0x00, 0x00, 0x00, 0x00, 0x00, 0x00, 0x00, 0x00, 0x00, 0x00, 0x00, 0x00, 0x00,
    0x00, 0x00, 0x00, 0x00, 0x00, 0x00, 0x00, 0x00, 0x00, 0x00, 0x00, 0x00, 0x00, 0x00, 0x00, 0x00,
    0x00, 0x00, 0x00, 0x00, 0x00, 0x00, 0x00, 0x00, 0x00, 0x00, 0x00, 0x00, 0x00, 0x00, 0x00, 0x00,
    0x00, 0x00, 0x00, 0x00, 0x00, 0x00, 0x00, 0x00, 0x00, 0x00, 0x00, 0x00, 0x00, 0x00, 0x00, 0x00,
    0x00, 0x00, 0x00, 0x00, 0x00, 0x00, 0x00, 0x00, 0x00, 0x00, 0x00, 0x00, 0x00, 0x00, 0x00, 0x00,
    0x00, 0x00, 0x00, 0x00, 0x00, 0x00, 0x00, 0x00, 0x00, 0x00, 0x00, 0x00, 0x00, 0x00, 0x00, 0x00,
    0x00, 0x00, 0x00, 0x00, 0x00, 0x00, 0x00, 0x00, 0x00, 0x00, 0x00, 0x00, 0x00, 0x00, 0x00, 0x00,
    0x00, 0x00, 0x00, 0x00, 0x00, 0x00, 0x00, 0x00, 0x00, 0x00, 0x00, 0x00, 0x00, 0x00, 0x00, 0x00,
    0x00, 0x00, 0x00, 0x00, 0x00, 0x00, 0x00, 0x00, 0x00, 0x00, 0x00, 0x00, 0x00, 0x00, 0x00, 0x00,
    0x00, 0x00, 0x00, 0x00, 0x00, 0x00, 0x00, 0x00, 0x00, 0x00, 0x00, 0x00, 0x00, 0x00, 0x00, 0x00,
    0x00, 0x00, 0x00, 0x00, 0x00, 0x00, 0x00, 0x00, 0x00, 0x00, 0x00, 0x00, 0x00, 0x00, 0x00, 0x00,
    0x00, 0x00, 0x00, 0x00, 0x00, 0x00, 0x00, 0x00, 0x00, 0x00, 0x00, 0x00, 0x00, 0x00, 0x00, 0x00,
    0x00, 0x00, 0x00, 0x00, 0x00, 0x00, 0x00, 0x00, 0x00, 0x00, 0x00, 0x00, 0x00, 0x00, 0x00, 0x00,
    0x00, 0x00, 0x00, 0x00, 0x00, 0x00, 0x00, 0x00, 0x00, 0x00, 0x00, 0x00, 0x00, 0x00, 0x00, 0x00,
    0x00, 0x00, 0x00, 0x00, 0x00, 0x00, 0x00, 0x00, 0x00, 0x00, 0x00, 0x00, 0x00, 0x00, 0x00, 0x00,
    0x00, 0x00, 0x00, 0x00, 0x00, 0x00, 0x00, 0x00, 0x00, 0x00, 0x00, 0x00, 0x00, 0x00, 0x00, 0x00,
    0x00, 0x00, 0x00, 0x00, 0x00, 0x00, 0x00, 0x00, 0x00, 0x00, 0x00, 0x00, 0x00, 0x00, 0x00, 0x00,
    0x00, 0x00, 0x00, 0x00, 0x00, 0x00, 0x00, 0x00, 0x00, 0x00, 0x00, 0x00, 0x00, 0x00, 0x00, 0x00,
    0x00, 0x00, 0x00, 0x00, 0x00, 0x00, 0x00, 0x00, 0xFF, 0xFF, 0xFF, 0xFF, 0xFF, 0xFF, 0xFF, 0xFF,
    0xFF, 0xFF, 0xFF, 0xFF, 0xFF, 0xFF, 0xFF, 0xFF, 0x00, 0x00, 0x00, 0x00, 0x00, 0x00, 0x00, 0x00,
    0x00, 0x00, 0x00, 0x00, 0x00, 0x00, 0x03, 0x0C, 0x03, 0x07, 0x07, 0x07, 0x0F, 0x0F, 0x0C, 0x03,
    0x00, 0x00, 0x00, 0x00, 0x00, 0x00, 0xC0, 0x30, 0xC0, 0xE0, 0xE0, 0xE0, 0xF0, 0xF0, 0x30, 0xC0,
    0x00, 0x00, 0x00, 0x00, 0x00, 0x00, 0x00, 0x00, 0x00, 0x00, 0x00, 0x00, 0x00, 0x00, 0x01, 0x03,
    0x00, 0x00, 0x00, 0x00, 0x00, 0x00, 0x00, 0x00, 0x00, 0x00, 0x00, 0x00, 0x00, 0x00, 0x80, 0xC0,
    0x00, 0x00, 0x00, 0x00, 0x00, 0x00, 0x00, 0x7E, 0xFF, 0xFF, 0xFF, 0xFF, 0xFF, 0xFF, 0xFF, 0xBF,
    0x00, 0x00, 0x00, 0x00, 0x00, 0x00, 0x03, 0xFF, 0xFF, 0xFF, 0xFF, 0xFF, 0xFF, 0xFF, 0xFC, 0x80,
    0x00, 0x00, 0x00, 0x00, 0x00, 0x7C, 0xFF, 0xFF, 0xFF, 0xFF, 0xFF, 0xFF, 0xFF, 0xBF, 0x80, 0x10,
    0x00, 0x00, 0x00, 0x00, 0x1F, 0xFF, 0xFF, 0xFF, 0xFF, 0xFF, 0xFF, 0xFF, 0xFE, 0x33, 0x00, 0x00,
    0x00, 0x00, 0x01, 0x1F, 0xFF, 0xFF, 0xFF, 0xFF, 0xFF, 0xFF, 0xFF, 0xE0, 0x00, 0x00, 0x00, 0x00,
    0x00, 0x00, 0x00, 0xC0, 0xF8, 0xFF, 0xFF, 0xFF, 0xFF, 0xFF, 0xFF, 0xFF, 0x6F, 0xC0, 0x7F, 0x01,
    0x00, 0x00, 0x00, 0x00, 0x00, 0xFC, 0xFF, 0xFF, 0xFF, 0xFF, 0xFF, 0xFF, 0xFF, 0x3F, 0x80, 0x10,
    0x00, 0x00, 0x00, 0x00, 0x07, 0x3F, 0xFF, 0xFF, 0xFF, 0xFF, 0xFF, 0xFF, 0xF8, 0xC1, 0x02, 0x00,
    0x00, 0x07, 0x7F, 0xFF, 0xFF, 0xFF, 0xFF, 0xFF, 0xFF, 0xFE, 0xBC, 0x80, 0x10, 0x00, 0x03, 0x04,
    0x1F, 0xFF, 0xFF, 0xFF, 0xFF, 0xFF, 0xFF, 0xFF, 0xE1, 0xB9, 0x70, 0x10, 0x82, 0x40, 0x80, 0x00,
    0xFF, 0xFF, 0xFF, 0xFF, 0xFF, 0xFF, 0xFF, 0xFF, 0x71, 0x01, 0x09, 0x18, 0x19, 0x00, 0x00, 0x1F,
    0xF0, 0xFC, 0xFF, 0xFF, 0xFF, 0xFF, 0xFF, 0xFF, 0xEF, 0xDF, 0xFF, 0xF7, 0x3B, 0x1D, 0x00, 0xE0,
    0x00, 0x00, 0xFF, 0xFF, 0xFF, 0xFF, 0xFF, 0xFF, 0xFF, 0xFF, 0xF9, 0xFC, 0xBE, 0xE3, 0xE2, 0x00,
    0x00, 0x00, 0x00, 0x00, 0x60, 0xFF, 0xFF, 0xFF, 0xFF, 0xFF, 0xFF, 0xFF, 0x9F, 0x00, 0x00, 0x00,
    0x00, 0x00, 0x00, 0x00, 0x00, 0x00, 0xC0, 0xFF, 0xFF, 0xFF, 0xFF, 0xFF, 0xFF, 0xFF, 0x7F, 0x03,
    0x00, 0x00, 0x00, 0x00, 0x00, 0x00, 0x03, 0xFF, 0xFF, 0xFF, 0xFF, 0xFF, 0xFF, 0xFF, 0xFF, 0xFF,
    0x00, 0x78, 0x7F, 0x7F, 0x7F, 0x7F, 0x7F, 0xFF, 0xFF, 0xFF, 0xB9, 0xB9, 0xF9, 0xFF, 0xFF, 0xFE,
    0x00, 0x00, 0x00, 0x07, 0x7F, 0x7F, 0xFF, 0xFF, 0xFF, 0xFF, 0xFF, 0xFF, 0xFF, 0xFF, 0xFF, 0xFE,
    0x00, 0x1F, 0xFF, 0xFF, 0xFF, 0xFF, 0xFF, 0xFF, 0xFF, 0xFA, 0xCF, 0x83, 0x88, 0xC8, 0xE8, 0xD8,
    0x00, 0xD4, 0xFE, 0xFF, 0xFF, 0xFF, 0xFF, 0xFF, 0xFF, 0x2F, 0xC1, 0xB0, 0x01, 0x00, 0x14, 0xC0,
    0x00, 0x00, 0x00, 0x00, 0x80, 0xE0, 0xFB, 0xFF, 0xFF, 0xFF, 0xFF, 0xFF, 0x7F, 0x1F, 0x04, 0x00,
    0x00, 0x00, 0x00, 0x00, 0x80, 0xE0, 0xF0, 0xF0, 0xFF, 0xFF, 0xFF, 0xFF, 0xFF, 0x1F, 0x0F, 0x8F,
    0x1F, 0x3F, 0x7F, 0x7F, 0xFF, 0xFF, 0xFF, 0xFF, 0xE7, 0xEF, 0xFF, 0xFD, 0x7D, 0xFB, 0xFF, 0xFF,
    0xFF, 0xFF, 0xFF, 0xFF, 0xFF, 0xFF, 0xFF, 0xFF, 0xFF, 0xF7, 0xFE, 0x8D, 0xB9, 0x8D, 0xFB, 0x80,
    0xFF, 0xFF, 0xFF, 0xFF, 0xFF, 0xFF, 0xFF, 0xFF, 0xFC, 0xFC, 0xF8, 0xFC, 0xFC, 0x7E, 0x7C, 0xF5,
    0xFF, 0xFF, 0xFF, 0xFF, 0xFF, 0xFF, 0xFF, 0xFF, 0xBD, 0x70, 0xF0, 0xF2, 0xFC, 0xD4, 0xDC, 0x87,
    0xFF, 0xFF, 0xFF, 0xFF, 0xFF, 0xFF, 0xFF, 0xFF, 0xB8, 0xC0, 0x53, 0x49, 0x88, 0x7A, 0x97, 0xA1,
    0xFF, 0xFF, 0xFF, 0xFF, 0xFF, 0xFF, 0xFF, 0xFF, 0xC4, 0x7C, 0xFE, 0xD8, 0x01, 0x82, 0xE2, 0xEC,
    0xFF, 0xFF, 0xFF, 0xFF, 0xFF, 0xFF, 0xFF, 0xFF, 0x08, 0xF9, 0xF0, 0x70, 0xF0, 0xF3, 0xE7, 0x67,
    0xF8, 0xFC, 0xFC, 0xFC, 0xFC, 0xFC, 0xFC, 0xFC, 0x8F, 0xFB, 0xF3, 0xF3, 0xF3, 0xF3, 0xE7, 0xE7,
    0x00, 0x00, 0x00, 0x00, 0x04, 0x1D, 0x1F, 0x3F, 0xFF, 0xFF, 0xFF, 0xFF, 0xFB, 0xE2, 0xE0, 0xC0,
    0x00, 0x00, 0x00, 0x00, 0xF8, 0xFF, 0xFF, 0xFF, 0xFF, 0xFF, 0xFF, 0xFF, 0x07, 0x00, 0x00, 0x00,
    0x00, 0x00, 0x00, 0x00, 0x07, 0x3F, 0xFF, 0xFF, 0xFF, 0xFF, 0xFF, 0xFF, 0xF8, 0xC0, 0x00, 0x00,
    0x00, 0x00, 0x01, 0x1F, 0xFF, 0xFF, 0xFF, 0xFF, 0xFF, 0xFF, 0xFF, 0xE0, 0x06, 0x02, 0x00, 0x00,
    0x03, 0x07, 0x7F, 0xFF, 0xFF, 0xFF, 0xFF, 0xFF, 0xFE, 0xFE, 0xBC, 0x80, 0x00, 0x00, 0x00, 0x01,
    0x1F, 0xFF, 0xFF, 0xFF, 0xFF, 0xFF, 0xFF, 0xFF, 0xE1, 0xB9, 0x70, 0x00, 0x00, 0x04, 0x02, 0x0C,
    0xFF, 0xFF, 0xFF, 0xFF, 0xFF, 0xFF, 0xFF, 0xFF, 0x71, 0x01, 0x09, 0x18, 0x40, 0x60, 0x60, 0x60,
    0xF0, 0xFC, 0xFF, 0xFF, 0xFF, 0xFF, 0xFF, 0xFF, 0xEF, 0xDF, 0xFF, 0xF2, 0x20, 0x00, 0x18, 0x10,
    0x07, 0x07, 0xFF, 0xFF, 0xFF, 0xFF, 0xFF, 0xFF, 0xF8, 0xF8, 0xA0, 0x81, 0x00, 0x00, 0x00, 0x00,
    0x7D, 0xFF, 0xFF, 0xFF, 0xFF, 0xFF, 0xFF, 0xFF, 0x82, 0x00, 0x00, 0x00, 0x01, 0x01, 0x00, 0x00,
    0x00, 0x00, 0x2D, 0xFF, 0xFF, 0xFF, 0xFF, 0xFF, 0xFF, 0xFF, 0xD2, 0x00, 0x00, 0x00, 0x08, 0xC4,
    0x00, 0x00, 0xF1, 0xFF, 0xFF, 0xFF, 0xFF, 0xFF, 0xFF, 0xFF, 0x0F, 0x00, 0x2E, 0x16, 0x6A, 0x20,
    0x00, 0x00, 0x00, 0xC0, 0xF8, 0xFF, 0xFF, 0xFF, 0xFF, 0xFF, 0xFF, 0x7F, 0x0F, 0x00, 0xA0, 0x00,
    0x00, 0x01, 0x03, 0x6F, 0x7F, 0xFF, 0xFF, 0xFF, 0xFF, 0xFE, 0xFC, 0x90, 0x80, 0x00, 0x00, 0x00,
    0x00, 0x80, 0xF8, 0xFE, 0xFF, 0xFF, 0xFF, 0xFF, 0xFF, 0x7F, 0x07, 0x01, 0x00, 0x00, 0x00, 0x00,
    0x00, 0x00, 0x00, 0x00, 0x00, 0x80, 0xF0, 0xFE, 0xFF, 0xFF, 0xFF, 0xFF, 0xFF, 0x7F, 0x0F, 0x01,
    0x00, 0x00, 0x00, 0x00, 0x01, 0x07, 0x1F, 0x7F, 0xFF, 0xFF, 0xFF, 0xFF, 0xFF, 0xFE, 0xF8, 0xE0,
    0x00, 0x00, 0x00, 0x00, 0xFF, 0xFF, 0xFF, 0xC1, 0xFF, 0xFF, 0xFF, 0xFF, 0xFF, 0x00, 0x00, 0xBF,
    0x00, 0x00, 0x00, 0x00, 0xFF, 0xFF, 0xFF, 0xC3, 0xFF, 0xFF, 0xFF, 0xFF, 0xFF, 0x00, 0x00, 0xBF,
    0xFF, 0xFF, 0xFF, 0xFF, 0xFF, 0xFF, 0xFF, 0xFF, 0xFF, 0x00, 0x99, 0xFF, 0x99, 0x99, 0x99, 0xFF,
    0x00, 0x00, 0x00, 0x00, 0x80, 0xE0, 0xF8, 0xFE, 0xFF, 0xFF, 0xFF, 0xFF, 0xFF, 0x7F, 0x1F, 0x07,
    0x01, 0x07, 0x1F, 0x7F, 0xFF, 0xFB, 0xF3, 0x9B, 0xFF, 0xFE, 0xF8, 0xE0, 0x81, 0x05, 0x1D, 0x6D,
    0xFF, 0xF9, 0xF9, 0x8D, 0xE7, 0xFF, 0xDF, 0x6F, 0x80, 0x06, 0x0E, 0x76, 0xFA, 0x9D, 0x63, 0xBC,
    0xE1, 0xF1, 0xB9, 0x9D, 0x8F, 0x87, 0xFF, 0xFF, 0xDF, 0x6F, 0x77, 0x7B, 0x7D, 0x7F, 0xFF, 0x00,
    0xC7, 0xCF, 0xDD, 0xF9, 0xF1, 0xE1, 0xFF, 0xFF, 0xBF, 0xBD, 0xBB, 0xB7, 0xAF, 0xDF, 0xFF, 0x00,
    0xFF, 0xFF, 0xFF, 0xFF, 0xFF, 0xFF, 0xFF, 0xFF, 0x81, 0x81, 0x99, 0x81, 0x81, 0xFF, 0xFF, 0x00,
    0xFF, 0x9F, 0x9F, 0xB1, 0xE7, 0xFF, 0xFB, 0xF6, 0x01, 0x60, 0x70, 0x6E, 0x5F, 0xB9, 0xC6, 0x3D,
    0x80, 0xE0, 0xF8, 0xFE, 0xFF, 0xDF, 0xCF, 0xD9, 0xFF, 0x7F, 0x1F, 0x07, 0x81, 0xA0, 0xB8, 0xB6,
    0x00, 0x00, 0x00, 0x00, 0x1E, 0x3D, 0x7F, 0x7F, 0xFF, 0xFF, 0xFF, 0xFF, 0xFF, 0xCF, 0x17, 0x47,
    0x00, 0x00, 0x00, 0x00, 0x1F, 0x9F, 0xFF, 0xFF, 0xFF, 0xFF, 0xFF, 0xFF, 0xFF, 0xF4, 0xC1, 0x12,
    0x00, 0x00, 0x00, 0x00, 0x00, 0x80, 0xC0, 0xE0, 0xFF, 0xFF, 0xFF, 0xFF, 0xFF, 0x7F, 0xBF, 0x5F,
    0x00, 0x00, 0x00, 0x00, 0x01, 0x37, 0x7F, 0xFF, 0xFF, 0xFF, 0xFF, 0xFF, 0xFF, 0xEE, 0xFC, 0xD8,
    0x01, 0x07, 0x1F, 0x7F, 0xFF, 0xFB, 0xF7, 0x9F, 0xFF, 0xFE, 0xF8, 0xE0, 0x81, 0x05, 0x1F, 0x69,
    0xFF, 0xFB, 0xF3, 0x9B, 0xEF, 0xFF, 0xDF, 0xFF, 0x81, 0x05, 0x1D, 0x6D, 0xF5, 0x9B, 0xE7, 0xBC,
    0xEF, 0xFF, 0xDF, 0x6F, 0x3F, 0xFD, 0xE3, 0xFF, 0xF5, 0x9B, 0x67, 0xBC, 0xF0, 0xC2, 0x1C, 0x00,
    0x3F, 0xF9, 0xF1, 0x99, 0x3D, 0x67, 0xC3, 0xFF, 0xF0, 0xC6, 0x0E, 0x66, 0xC2, 0x98, 0x3C, 0x00,
    0x00, 0x00, 0x7C, 0x7E, 0xFF, 0xFF, 0xFF, 0xFF, 0xFF, 0xFF, 0xFF, 0xD1, 0x06, 0x49, 0x02, 0x02,
    0x00, 0x00, 0x00, 0x00, 0x01, 0x83, 0xCF, 0xBF, 0xFF, 0xFF, 0xFF, 0xFF, 0xFF, 0x7F, 0x31, 0x6A,
    0xC3, 0xE7, 0xBD, 0x99, 0xBD, 0xEF, 0xFF, 0xFF, 0x3C, 0x18, 0x42, 0x66, 0x42, 0x18, 0x3C, 0x00,
    0x00, 0x00, 0x00, 0x00, 0x1F, 0xFE, 0xFF, 0xFF, 0xFF, 0xFF, 0xFF, 0xFF, 0xFF, 0xE7, 0x3B, 0xFD,
    0x00, 0x00, 0x00, 0x00, 0x00, 0xC0, 0xF3, 0xFF, 0xFF, 0xFF, 0xFF, 0xFF, 0xFF, 0xFF, 0xBF, 0xFD,
    0x00, 0x00, 0x00, 0x00, 0x07, 0x83, 0xFF, 0xFF, 0xFF, 0xFF, 0xFF, 0xFF, 0xFF, 0xFC, 0xD2, 0xEC,
    0x00, 0x00, 0x00, 0xE0, 0xF0, 0xE0, 0xF8, 0xF0, 0xFF, 0xFF, 0xFF, 0xBF, 0xFF, 0x7F, 0xBF, 0x6F,
    0x00, 0x00, 0x00, 0x00, 0x1F, 0x3E, 0xFF, 0x7F, 0xFF, 0xFF, 0xFF, 0xFF, 0xFF, 0xE7, 0xCB, 0xA3,
    0xFC, 0x9F, 0x8F, 0x99, 0xBC, 0xE6, 0xC3, 0xFF, 0x0F, 0x63, 0x70, 0x66, 0x43, 0x19, 0x3C, 0x00,
    0xF7, 0xFF, 0xFB, 0xF6, 0xFC, 0xBF, 0xC7, 0xFF, 0xAF, 0xD9, 0xE6, 0x3D, 0x0F, 0x43, 0x38, 0x00,
    0xFF, 0xDF, 0xCF, 0xD9, 0xF7, 0xFF, 0xFB, 0xF7, 0x81, 0xA0, 0xB8, 0xB6, 0xAF, 0xD9, 0xE4, 0x3B,
    0x80, 0xE0, 0xF8, 0xFE, 0xFF, 0xFF, 0xFF, 0xFF, 0xFF, 0x7F, 0x1F, 0x07, 0x81, 0xFC, 0xB6, 0x5D,
    0x00, 0x00, 0x00, 0x00, 0x80, 0xE0, 0xF8, 0xFF, 0xFF, 0xFF, 0xFF, 0xFF, 0xFF, 0x7F, 0x1F, 0x07,
    0x00, 0x00, 0x00, 0x00, 0x00, 0x00, 0xE0, 0xF0, 0xFF, 0xFF, 0xFF, 0xFF, 0xFF, 0xFF, 0xBF, 0xF3,
    0x00, 0x00, 0x00, 0x03, 0x03, 0x3F, 0x3F, 0xFF, 0xFF, 0xFF, 0xFF, 0xFF, 0xFE, 0xF8, 0xFD, 0xDF,
    0x00, 0x00, 0x00, 0xE0, 0xF0, 0xF8, 0xF8, 0xF8, 0xFF, 0xFF, 0xFF, 0xFF, 0x8F, 0x37, 0x27, 0xC7,
    0x7F, 0x3F, 0x1F, 0x01, 0x01, 0x00, 0x00, 0x00, 0x5A, 0x05, 0x00, 0x00, 0x01, 0x00, 0x00, 0x00,
    0xFF, 0xFF, 0xFF, 0xFF, 0xFF, 0x1B, 0x0A, 0x00, 0x80, 0x00, 0xA5, 0x8A, 0xC1, 0x17, 0x0A, 0x00,
    0xF3, 0xEF, 0xF3, 0xFF, 0xFF, 0xBF, 0xBF, 0x3F, 0x8C, 0x9A, 0x3C, 0x7A, 0xA8, 0xE0, 0x80, 0x01,
    0xFF, 0xFF, 0xFF, 0xF8, 0xFF, 0xFC, 0xFF, 0xF9, 0x6E, 0x99, 0x23, 0x00, 0x0B, 0xBB, 0x2D, 0xC0,
    0xFF, 0xFF, 0xBF, 0xDF, 0xFF, 0x3F, 0xFF, 0x7E, 0x72, 0x88, 0xA1, 0xC0, 0xA8, 0xC0, 0x00, 0x00,
    0xFF, 0xFF, 0xFF, 0xFF, 0xFC, 0xDE, 0xFE, 0x10, 0xEC, 0xFE, 0x72, 0x9C, 0x34, 0x2B, 0x27, 0x10,
    0xCB, 0xFF, 0xBD, 0xFF, 0x00, 0x00, 0x00, 0x00, 0x08, 0x18, 0x00, 0x66, 0x00, 0xFF, 0xFF, 0x1F,
    0xCB, 0xFF, 0xBD, 0xFF, 0x00, 0x00, 0x00, 0x00, 0x08, 0x18, 0x00, 0x66, 0x07, 0xFF, 0xFF, 0xFF,
    0xFF, 0xFF, 0xFF, 0x6E, 0x00, 0x00, 0x00, 0x00, 0x94, 0x29, 0x06, 0x4E, 0xFF, 0xFF, 0xFF, 0xFF,
    0xCF, 0xFF, 0xFF, 0xFF, 0x00, 0x00, 0x00, 0x00, 0xC0, 0xE8, 0xA0, 0x83, 0xFF, 0xFF, 0xFF, 0xFF,
    0xFF, 0xE7, 0xBD, 0xFF, 0xFF, 0x00, 0x00, 0x00, 0x3C, 0x00, 0x00, 0x00, 0x00, 0xFF, 0xFF, 0xFF,
    0xFF, 0xFF, 0xF7, 0x78, 0xDF, 0x04, 0x00, 0x00, 0xCD, 0xF3, 0xD6, 0x2F, 0x1C, 0xC4, 0xFF, 0xFF,
    0xFF, 0xFF, 0xF7, 0x78, 0xFF, 0x44, 0x00, 0x00, 0xCD, 0x73, 0xD6, 0xAF, 0x9C, 0x44, 0xFF, 0xFF,
    0xFF, 0xFF, 0xFF, 0x00, 0xC6, 0x20, 0x00, 0x00, 0xF2, 0x42, 0xAF, 0xFF, 0x80, 0x20, 0xFF, 0xFF,
    0xFF, 0xFF, 0xFF, 0x6E, 0xAA, 0x00, 0x00, 0x00, 0x94, 0x29, 0x06, 0xCE, 0x2A, 0x00, 0xFF, 0xFF,
    0xCF, 0xFF, 0xFF, 0xFF, 0xFF, 0xFF, 0x00, 0x00, 0xC0, 0xE8, 0xA0, 0x82, 0x00, 0x07, 0xFF, 0xFF,
    0xFE, 0xE3, 0xFF, 0xFF, 0xFF, 0xE5, 0x00, 0x00, 0x8E, 0x03, 0x2E, 0xE3, 0xB4, 0x00, 0xFF, 0xFF,
    0xFF, 0x7F, 0xFF, 0xFF, 0xFF, 0xF8, 0x00, 0x00, 0x85, 0x02, 0xA0, 0x00, 0x00, 0x00, 0xFF, 0xFF,
    0xCB, 0xFF, 0xBD, 0xFF, 0x00, 0x00, 0x00, 0x00, 0x08, 0x18, 0x00, 0x66, 0x00, 0xFF, 0xFF, 0xFF,
    0xFF, 0x9F, 0x8F, 0x9F, 0x07, 0x07, 0x00, 0x2A, 0x0C, 0x02, 0x04, 0x02, 0xF2, 0xFF, 0xFF, 0x8A,
    0xFF, 0xFF, 0xFF, 0xFF, 0xFF, 0xFF, 0x64, 0xEA, 0x6F, 0x02, 0x02, 0x94, 0x29, 0x06, 0xDE, 0x8A,
    0xFF, 0xDF, 0xFF, 0xCF, 0xFF, 0xFF, 0xFF, 0xFF, 0x03, 0x01, 0x2A, 0xC0, 0xE8, 0xA0, 0x82, 0x00,
    0xE0, 0xF8, 0xF8, 0xFE, 0xE3, 0xFF, 0xFF, 0xFF, 0x7F, 0xBF, 0x6C, 0x8E, 0x1F, 0x2E, 0xE3, 0xB4,
    0xFF, 0xFF, 0x7F, 0xFF, 0x7F, 0xFF, 0xFF, 0xFF, 0xE7, 0xCB, 0x23, 0x85, 0x02, 0xA0, 0x00, 0x00,
    0xFC, 0xFC, 0xFE, 0xF8, 0xF8, 0xF0, 0x78, 0xF8, 0xEC, 0xB4, 0xFA, 0xC8, 0x70, 0xD0, 0x28, 0x98,
    0x00, 0xFF, 0xFF, 0xFF, 0xFF, 0xFF, 0x7E, 0x3C, 0xFF, 0xFF, 0xFF, 0x81, 0x81, 0xC3, 0xFF, 0xC3,
    0x00, 0x00, 0x00, 0x00, 0x00, 0x00, 0x1D, 0x3F, 0xFF, 0xFF, 0xFF, 0xFF, 0xFF, 0xFF, 0xE2, 0xC0,
    0x2B, 0xFF, 0xFF, 0xFD, 0xFF, 0xFD, 0xFF, 0xFD, 0xD4, 0xFF, 0xFF, 0xFF, 0xFF, 0xFF, 0xFF, 0xFF,
    0x00, 0x84, 0x80, 0xAA, 0xAA, 0x80, 0xAA, 0xAA, 0x7F, 0xBB, 0x80, 0x80, 0x80, 0x80, 0x80, 0x80,
    0x00, 0x00, 0x00, 0x0B, 0x7F, 0xFB, 0xFF, 0xFF, 0xFF, 0xFF, 0xFF, 0xF4, 0x80, 0x24, 0x00, 0x40,
    0x00, 0x01, 0x81, 0xEF, 0x7F, 0xFF, 0xFF, 0xFF, 0xFF, 0xFE, 0x7E, 0x11, 0x81, 0x01, 0x21, 0x01,
    0x00, 0x00, 0x00, 0x02, 0x97, 0xFF, 0xFF, 0xFF, 0xFF, 0xFF, 0xFF, 0xFD, 0x68, 0x00, 0x00, 0x00,
    0x00, 0x00, 0x00, 0x00, 0x87, 0x07, 0x07, 0xFF, 0xFF, 0xFF, 0xFF, 0xFF, 0x7F, 0xFF, 0xF8, 0xFF,
    0x00, 0x00, 0x7F, 0x7F, 0xFF, 0xFF, 0xFF, 0xFF, 0xFF, 0xFF, 0xFF, 0xFF, 0xFF, 0xE0, 0x60, 0x00,
    0x00, 0x00, 0xC0, 0xC0, 0xFF, 0xFF, 0xFF, 0xFF, 0xFF, 0xFF, 0xFF, 0xFF, 0xDF, 0xDF, 0xDF, 0x00,
    0x00, 0x00, 0x00, 0xB8, 0xFF, 0xFF, 0xFF, 0xFF, 0xFF, 0xFF, 0xFF, 0x67, 0xFF, 0xFF, 0xFF, 0x60,
    0x00, 0x00, 0x00, 0x00, 0x01, 0x07, 0x07, 0x1F, 0xFF, 0xFF, 0xFF, 0xFF, 0xFE, 0xFC, 0xF8, 0xE0,
    0x00, 0x00, 0x00, 0x0B, 0x7F, 0xFB, 0xFF, 0xFF, 0xFF, 0xFF, 0xFF, 0xF4, 0x80, 0x24, 0x40, 0xC0,
    0x38, 0x38, 0x78, 0x78, 0xF8, 0xF8, 0xF8, 0xFB, 0xFF, 0xFF, 0xBF, 0xBF, 0x3F, 0x3F, 0x3F, 0x3D,
    0x00, 0x00, 0x00, 0x00, 0x00, 0x00, 0x01, 0x0F, 0xFF, 0xFF, 0xFF, 0xFF, 0xFF, 0xFF, 0xFF, 0xFD,
    0x00, 0x01, 0x01, 0x03, 0x03, 0x1F, 0x9F, 0x8F, 0xFF, 0xFE, 0xFE, 0xFC, 0xFD, 0xFE, 0xF3, 0xFC,
    0xBF, 0xFF, 0xF5, 0xF5, 0xFF, 0xFF, 0xD7, 0xFF, 0x40, 0x00, 0x3E, 0x3E, 0x0C, 0x00, 0x28, 0x9C,
    0xFF, 0xFF, 0x7D, 0x7F, 0xFF, 0xFD, 0xFF, 0xFF, 0xFF, 0xFF, 0x7F, 0x7F, 0xFF, 0xFF, 0xBF, 0x1F,
    0x80, 0xAA, 0xAA, 0x80, 0xAA, 0xAA, 0x80, 0x80, 0x80, 0x80, 0x80, 0x80, 0x80, 0x80, 0x80, 0x80,
    0xFF, 0xBF, 0xEF, 0xFF, 0xE7, 0xE7, 0xE7, 0xF7, 0x00, 0x30, 0x0C, 0x01, 0x63, 0x63, 0x63, 0x63,
    0xF0, 0xF8, 0xFC, 0xFE, 0xFF, 0xFF, 0xFF, 0xFF, 0x20, 0x70, 0xF8, 0xFC, 0xFE, 0x8F, 0x8F, 0x08,
    0x07, 0x03, 0x01, 0x00, 0x00, 0xFF, 0xFF, 0xFF, 0x00, 0x00, 0x00, 0x00, 0x00, 0x00, 0xFF, 0x03,
    0xFF, 0xF1, 0xF0, 0xF8, 0x7F, 0xFF, 0xFF, 0xFF, 0x0C, 0x10, 0x30, 0x78, 0x00, 0x3F, 0x55, 0x7F,
    0xFF, 0xFF, 0xFF, 0xFF, 0xFF, 0xFF, 0x1F, 0x1F, 0x00, 0x00, 0x7F, 0x7F, 0x03, 0xC0, 0x06, 0x09,
    0xFF, 0xF6, 0xFF, 0xFF, 0xFF, 0xFF, 0xFF, 0xFF, 0x1F, 0x09, 0xDF, 0xDF, 0xC6, 0x04, 0x00, 0x80,
    0xFF, 0xEF, 0xFF, 0xFF, 0xFF, 0xFF, 0xFF, 0xFF, 0xFF, 0x54, 0xFF, 0x87, 0x01, 0x01, 0x00, 0x00,
    0x84, 0xE4, 0xFC, 0xFF, 0xFF, 0xFF, 0xFF, 0xFF, 0xFB, 0xDB, 0xC3, 0xC0, 0xC0, 0xD0, 0xC0, 0xC7,
    0x1F, 0x3F, 0x7F, 0x7F, 0xFF, 0xFC, 0xF8, 0x03, 0xE0, 0xF0, 0x8C, 0x81, 0x03, 0x00, 0x00, 0x03,
    0xFF, 0xEF, 0xFF, 0xFF, 0xFF, 0xFF, 0xFF, 0x7F, 0xFF, 0x54, 0xFF, 0x87, 0x01, 0x01, 0x00, 0x80,
    0xFF, 0x3F, 0x2F, 0x07, 0x13, 0x00, 0x00, 0x03, 0x80, 0x30, 0xCC, 0xC1, 0x13, 0x00, 0x20, 0x03,
    0xFF, 0xFF, 0xFF, 0xFF, 0xFF, 0xFF, 0xFF, 0xFF, 0xA2, 0x00, 0x00, 0x00, 0x3F, 0x28, 0x28, 0x3F,
    0xFB, 0xFB, 0xFB, 0xFB, 0xFB, 0xFB, 0xFB, 0xFB, 0xBC, 0x3C, 0x3C, 0x3C, 0xBC, 0xBC, 0xBC, 0xBC,
    0x9F, 0xEF, 0xEF, 0xFF, 0xFF, 0xFF, 0xFF, 0xFF, 0x7D, 0x2D, 0x28, 0x00, 0x00, 0x00, 0x00, 0x00,
    0xFF, 0xFF, 0xFF, 0xFF, 0xFF, 0xFF, 0xFF, 0xFF, 0xBE, 0x80, 0x00, 0x00, 0x00, 0x00, 0x00, 0x00,
    0xFF, 0xFF, 0xFF, 0xFF, 0xFF, 0xFF, 0xFF, 0xFF, 0x00, 0x00, 0x00, 0x44, 0x40, 0x00, 0x20, 0x00,
    0xFF, 0xFF, 0xFF, 0xFF, 0xFF, 0xFF, 0xFF, 0x7F, 0x1F, 0x37, 0x07, 0x03, 0x02, 0x41, 0x03, 0x80,
    0x80, 0x81, 0xFF, 0xFF, 0xFF, 0x80, 0x91, 0xFF, 0xFF, 0x81, 0xBF, 0xBF, 0x00, 0xFF, 0x80, 0x08,
    0xFF, 0xFF, 0xFF, 0xFF, 0xFF, 0x07, 0x5F, 0x7F, 0x42, 0x00, 0x00, 0x00, 0x00, 0xF0, 0x18, 0x30,
    0xFF, 0xFF, 0xFF, 0xFF, 0xFF, 0xFF, 0xFF, 0xFF, 0x00, 0x00, 0x00, 0x00, 0x00, 0xE0, 0xC0, 0x00,
    0xFF, 0xFF, 0xFF, 0xFF, 0xFF, 0xFF, 0xFF, 0x7F, 0x80, 0x00, 0x00, 0x00, 0x00, 0x00, 0x0B, 0x80,
    0xFF, 0xFF, 0xFF, 0xFF, 0xFF, 0xFF, 0xFF, 0xFF, 0x03, 0x00, 0x00, 0x00, 0x00, 0x00, 0xC0, 0x00,
    0xFF, 0xFF, 0xFF, 0xFF, 0xFF, 0xFF, 0xFF, 0xFF, 0x80, 0x00, 0x20, 0x00, 0x00, 0x00, 0x18, 0x08,
    0xCC, 0xEF, 0xFF, 0xFF, 0xFF, 0xFF, 0xFF, 0xFF, 0x33, 0x10, 0x00, 0x00, 0x00, 0x00, 0x00, 0x00,
    0xC0, 0xF0, 0xF0, 0xFC, 0xF8, 0xFE, 0xFE, 0xFF, 0x3F, 0x0F, 0x0F, 0x03, 0x07, 0x01, 0x01, 0x00,
    0x03, 0x0B, 0x0F, 0x00, 0x1F, 0x1F, 0x1F, 0x07, 0x07, 0x06, 0x00, 0x1F, 0x1B, 0x00, 0x18, 0x18,
    0xC0, 0xE0, 0xF0, 0x00, 0xF8, 0xF8, 0xF8, 0xE0, 0xE0, 0x70, 0x00, 0xF8, 0xD8, 0x00, 0x18, 0x18,
    0x00, 0x00, 0x06, 0x06, 0x01, 0x07, 0x03, 0xF7, 0xFF, 0xFF, 0xF9, 0xF9, 0xFE, 0xF9, 0xFC, 0x0B,
    0x40, 0x40, 0xCE, 0xDE, 0xFE, 0xFE, 0xFF, 0xAF, 0xBF, 0xBF, 0x31, 0x25, 0x05, 0xE5, 0x04, 0xD0,
    0x04, 0x0F, 0x09, 0x1F, 0x5F, 0x4F, 0x5F, 0x5F, 0xFB, 0xF3, 0xF6, 0xE0, 0xA1, 0xF9, 0xEE, 0xAE,
    0x60, 0x78, 0x9C, 0xFE, 0xFF, 0x7F, 0xFF, 0xFF, 0x9F, 0x87, 0x7B, 0x01, 0xEC, 0xBE, 0x05, 0x57,
    0x00, 0x00, 0x00, 0x00, 0xFC, 0xE0, 0xFF, 0xF8, 0xFF, 0xFF, 0xFF, 0xFF, 0x03, 0x5F, 0x00, 0x17,
    0x00, 0x00, 0x40, 0x00, 0x40, 0x40, 0x46, 0x46, 0xFF, 0xFF, 0xBF, 0xFF, 0xFF, 0xFF, 0xF9, 0xFF,
    0x41, 0x5F, 0x5F, 0x5B, 0x7F, 0x7F, 0x7F, 0x7F, 0xBF, 0xFE, 0xE4, 0xBF, 0xE4, 0x87, 0xE0, 0x80,
    0xC0, 0xF0, 0xF0, 0xF0, 0xF0, 0xEC, 0xFF, 0xFE, 0xBF, 0xEF, 0x0F, 0xEF, 0x1F, 0x3F, 0xF4, 0x07,
    0x01, 0x1F, 0x1F, 0x1F, 0x7F, 0x7F, 0x7F, 0x7F, 0xFF, 0xFE, 0xEA, 0xFF, 0xE6, 0x87, 0xE0, 0x80,
    0xC0, 0xF0, 0xF0, 0xF0, 0xF0, 0xEC, 0xFF, 0xFF, 0xBF, 0xEF, 0x0F, 0xEF, 0x1F, 0x3F, 0xF7, 0x06,
    0x00, 0x03, 0x07, 0x07, 0x17, 0xFF, 0xFF, 0xFF, 0xFF, 0xFC, 0xF9, 0xF9, 0xE8, 0x7F, 0xFF, 0x00,
    0x37, 0xFF, 0xFF, 0xFF, 0xFF, 0xFF, 0xFF, 0xFF, 0xC8, 0x04, 0x35, 0x24, 0x00, 0xFF, 0xFE, 0x00,
    0xFF, 0xFF, 0xFF, 0xFF, 0xFF, 0xFF, 0xFF, 0xFF, 0x02, 0x00, 0xFF, 0x00, 0xFF, 0xFF, 0xFF, 0x00,
    0xFF, 0xFF, 0xFF, 0xFF, 0xFF, 0xFF, 0xFF, 0xFF, 0x0E, 0x00, 0x6D, 0x01, 0xFF, 0xFF, 0xFF, 0x00,
    0xFF, 0xFF, 0xFF, 0xFF, 0xFF, 0xFF, 0xFF, 0xFF, 0x7A, 0x12, 0x91, 0xFF, 0xFF, 0xD7, 0xFF, 0x00,
    0xFF, 0xFF, 0x92, 0xBA, 0xD6, 0x92, 0xFF, 0xFF, 0xFF, 0x80, 0xED, 0xC5, 0xA9, 0xED, 0xFF, 0x00,
    0xF8, 0xF8, 0x38, 0xB0, 0xB0, 0x30, 0xE0, 0xE0, 0xF7, 0x07, 0xFF, 0x6F, 0x4F, 0xDF, 0xDF, 0x1F,
    0x00, 0x00, 0x00, 0x0E, 0x1F, 0x1F, 0x1F, 0x0F, 0xFF, 0xFF, 0xFF, 0xFB, 0xE1, 0xEB, 0xFF, 0xF0,
    0x00, 0x0F, 0x0F, 0xDF, 0xFF, 0xFF, 0xFF, 0xFF, 0xFF, 0xF9, 0xF6, 0xFF, 0x5F, 0xAF, 0xFF, 0x00,
    0x5F, 0xFF, 0xFF, 0xFF, 0xFF, 0xFF, 0xFF, 0xFF, 0xB7, 0xF9, 0x10, 0xFF, 0xFF, 0xFF, 0xFF, 0x00,
    0x7F, 0xFF, 0xFF, 0xFF, 0xFF, 0xFF, 0xFF, 0xFF, 0x80, 0x01, 0x39, 0xFF, 0xFF, 0xFF, 0xFF, 0x00,
    0xFF, 0xFF, 0xFF, 0xFF, 0xFD, 0xFD, 0xFD, 0xFF, 0x1E, 0x10, 0xC9, 0xFF, 0xFE, 0xFE, 0xFE, 0x00,
    0xF0, 0xC0, 0xFF, 0xFF, 0x1E, 0x5E, 0x1C, 0xFC, 0x0F, 0x3F, 0x98, 0x01, 0xE5, 0xAB, 0xEB, 0x03,
    0x00, 0x03, 0x03, 0x07, 0x1F, 0x1F, 0x0F, 0x07, 0xFF, 0xFC, 0xFF, 0xFF, 0xE3, 0xF7, 0xFF, 0xF8,
    0x01, 0xFF, 0x7F, 0xFF, 0xFF, 0xFF, 0xFF, 0xFF, 0xFF, 0x7A, 0x81, 0xFF, 0xFF, 0xFF, 0xFF, 0x00,
    0xFE, 0xFF, 0xFF, 0xFF, 0xFF, 0xFF, 0xFF, 0xFF, 0xBF, 0xE4, 0x80, 0xFF, 0x00, 0x00, 0xFF, 0x00,
    0x7B, 0xFF, 0xFF, 0xFF, 0xFF, 0xFF, 0xFF, 0xFF, 0xC7, 0x05, 0x53, 0xFF, 0x7F, 0x7F, 0xFF, 0x00,
    0xFC, 0xFF, 0xFF, 0xFF, 0xFF, 0xFF, 0xFF, 0xFF, 0x7F, 0xC8, 0x00, 0xFF, 0xF8, 0xF8, 0xFF, 0x00,
    0xFF, 0xFF, 0xFF, 0xFF, 0xFF, 0xFF, 0xFF, 0xFF, 0x80, 0x00, 0xAD, 0xFF, 0x0F, 0x0F, 0xFF, 0x00,
    0xFF, 0xFF, 0xFF, 0xFF, 0xFF, 0xFF, 0xFF, 0xFF, 0xC6, 0xFF, 0xE4, 0xE0, 0xFF, 0xFF, 0xFF, 0x00,
    0xFF, 0xFF, 0xFF, 0xFF, 0xFF, 0xFF, 0xFF, 0xFF, 0xAC, 0xFF, 0x74, 0x70, 0xFF, 0xFF, 0xFF, 0x00,
    0xFC, 0xFC, 0xFC, 0xF8, 0xF0, 0xE0, 0xE0, 0xE0, 0xCF, 0xFF, 0x43, 0x07, 0xFF, 0xFF, 0xFF, 0x1F,
    0x36, 0x32, 0x19, 0x02, 0x00, 0x00, 0x00, 0x00, 0xFF, 0xFF, 0x3F, 0x0F, 0x00, 0x00, 0x00, 0x00,
    0xE6, 0xF6, 0xFF, 0x67, 0x42, 0x00, 0x00, 0x00, 0xBF, 0xBF, 0xEF, 0xFF, 0xFF, 0x00, 0x00, 0x00,
    0x4F, 0x5F, 0xFF, 0xEC, 0xF8, 0x00, 0x00, 0x00, 0xFF, 0xF1, 0xFF, 0xFF, 0xBF, 0x00, 0x00, 0x00,
    0xCD, 0xDF, 0xFA, 0xED, 0xCD, 0x00, 0x00, 0x00, 0xFF, 0xFF, 0xFF, 0xFF, 0xFF, 0x00, 0x00, 0x00,
    0x9D, 0x9B, 0x7F, 0xBF, 0xFF, 0x00, 0x00, 0x00, 0xFF, 0xFF, 0xFD, 0xE6, 0xE6, 0x00, 0x00, 0x00,
    0x97, 0x97, 0xED, 0x93, 0xD3, 0x00, 0x00, 0x00, 0xFF, 0xFF, 0xFF, 0xFF, 0xFF, 0x00, 0x00, 0x00,
    0xBE, 0x7F, 0xFF, 0x32, 0x7B, 0x00, 0x00, 0x00, 0xFF, 0xFF, 0xFE, 0xFF, 0xFF, 0x00, 0x00, 0x00,
    0x66, 0x7E, 0xFF, 0xF6, 0x66, 0x00, 0x00, 0x00, 0xFF, 0xFB, 0xF7, 0x9F, 0xFF, 0x00, 0x00, 0x00,
    0x7E, 0x2F, 0xF3, 0xFC, 0xED, 0x00, 0x00, 0x00, 0xF3, 0xFF, 0xFF, 0x9F, 0xFF, 0x00, 0x00, 0x00,
    0xCC, 0xEC, 0xFF, 0xE8, 0xFC, 0x00, 0x00, 0x00, 0xFF, 0xFF, 0xDF, 0x3F, 0x3F, 0x00, 0x00, 0x00,
    0x36, 0x32, 0xD9, 0x02, 0x82, 0x00, 0x00, 0x00, 0xFF, 0xFF, 0xFF, 0xFF, 0xFF, 0x00, 0x00, 0x00,
    0xCF, 0xDF, 0xFF, 0x6C, 0xF8, 0x00, 0x00, 0x00, 0xFF, 0xF1, 0xFF, 0xFF, 0xBF, 0x00, 0x00, 0x00,
    0xB6, 0xB2, 0xD9, 0x02, 0x82, 0x00, 0x00, 0x00, 0xFF, 0xFF, 0xFF, 0xFF, 0xFF, 0x00, 0x00, 0x00,
    0xE6, 0xF6, 0xFC, 0x60, 0x00, 0x00, 0x00, 0x00, 0xBF, 0xBF, 0xEC, 0xF0, 0x00, 0x00, 0x00, 0x00,
    0x00, 0x00, 0x00, 0x00, 0x00, 0x00, 0x0F, 0x3F, 0xFF, 0xFF, 0xFF, 0xFF, 0xFF, 0xFF, 0xFF, 0xFF,
    0x00, 0x00, 0x00, 0x00, 0x00, 0xFF, 0xFF, 0xFF, 0xFF, 0xFF, 0xFF, 0xFF, 0xFF, 0xFF, 0xFF, 0xFF,
    0x00, 0x00, 0x00, 0x00, 0x00, 0x00, 0xF0, 0xFC, 0xFF, 0xFF, 0xFF, 0xFF, 0xFF, 0xFF, 0xFF, 0xFF,
    0x03, 0x03, 0x03, 0x03, 0x01, 0x01, 0x00, 0x00, 0xFF, 0xFF, 0xFE, 0xFE, 0xFF, 0xFF, 0xFF, 0xFF,
    0xFF, 0xFF, 0xFF, 0x10, 0x90, 0x90, 0xD0, 0xBF, 0xFF, 0xFF, 0x10, 0xFF, 0x7F, 0x7F, 0xBF, 0xFF,
    0xFF, 0xFF, 0xFF, 0x84, 0x84, 0x84, 0x85, 0xFF, 0xFF, 0xFF, 0x84, 0xFF, 0xFF, 0xFF, 0xFE, 0xFF,
    0xC0, 0xC0, 0xC0, 0x40, 0x80, 0x80, 0x00, 0x00, 0xFF, 0xFF, 0x3F, 0xBF, 0x7F, 0x7F, 0xFF, 0xFF,
    0x00, 0xE0, 0xE0, 0xFF, 0xFF, 0xFF, 0xFF, 0xFF, 0xFF, 0xFF, 0x1F, 0xE0, 0x09, 0x0F, 0xE8, 0x00,
    0x00, 0x0F, 0x0F, 0xEF, 0xEF, 0xE8, 0xFB, 0xFB, 0xFF, 0xFF, 0xFF, 0x1E, 0x9E, 0xFF, 0x04, 0x04,
    0x00, 0xFF, 0xFF, 0xFF, 0xFF, 0x00, 0xFF, 0xFF, 0xFF, 0xFF, 0xFF, 0x0F, 0x0F, 0xFF, 0x00, 0x00,
    0x00, 0xFF, 0xFF, 0xFF, 0xFF, 0x07, 0xFF, 0xFF, 0xFF, 0xFF, 0xFF, 0x07, 0x07, 0xFF, 0x07, 0x00,
    0x00, 0x03, 0x3B, 0xFB, 0xFB, 0xFB, 0xFF, 0xFF, 0xFF, 0xFF, 0xFF, 0x7F, 0x3F, 0x3F, 0x00, 0x00,
    0xFF, 0xFF, 0xFF, 0xFF, 0xFF, 0xFF, 0xFF, 0xFF, 0xFF, 0xF0, 0xF0, 0xF0, 0xF0, 0xF0, 0x0A, 0x00,
    0xFF, 0xFF, 0xFF, 0xFF, 0xFF, 0xFF, 0xFF, 0xFF, 0xFF, 0x00, 0x00, 0x00, 0x00, 0x00, 0xAA, 0x00,
    0xFF, 0xFF, 0xFF, 0xFF, 0xFF, 0xFF, 0xFF, 0xFF, 0xFF, 0x0F, 0x0F, 0x0F, 0x0F, 0x0F, 0xAA, 0x00,
    0x00, 0xC0, 0xF8, 0xF8, 0xF8, 0xFE, 0xFF, 0xFF, 0xFF, 0xFF, 0xDF, 0xDF, 0xDF, 0xDF, 0x5E, 0x00,
    0x00, 0x00, 0x00, 0x0F, 0xCF, 0xFF, 0xFF, 0xFF, 0xFF, 0xFF, 0xFF, 0xFF, 0xF0, 0xDF, 0xD0, 0x00,
    0x00, 0x00, 0x0F, 0xEF, 0xEF, 0xEF, 0xEF, 0xFF, 0xFF, 0xFF, 0xFF, 0xFD, 0x1F, 0xFF, 0x1D, 0x00,
    0x00, 0x00, 0xFC, 0xFF, 0xFE, 0xFE, 0xFE, 0xFF, 0xFF, 0xFF, 0xFF, 0x5D, 0xFD, 0x3D, 0x35, 0x00,
    0x00, 0x00, 0x78, 0xFB, 0xFB, 0xFB, 0xFB, 0xFF, 0xFF, 0xFF, 0xEF, 0xFF, 0x0E, 0xFE, 0x9F, 0x00,
    0x1F, 0x1F, 0x1F, 0xFF, 0xFF, 0xFF, 0xFF, 0xFF, 0xFF, 0xFF, 0xE0, 0xFF, 0x00, 0x00, 0xFF, 0x00,
    0xFF, 0xFF, 0xFF, 0xFF, 0xFF, 0xFF, 0xFF, 0xFF, 0xFF, 0xFF, 0x00, 0xFF, 0x11, 0x00, 0x8F, 0x00,
    0xFF, 0xFF, 0xFF, 0xFF, 0xFF, 0xFF, 0xFF, 0xFF, 0xFF, 0xFF, 0x00, 0xFF, 0x00, 0x00, 0xFF, 0x00,
    0xC0, 0xC0, 0xFF, 0xFF, 0xFF, 0xFF, 0xFF, 0xFF, 0xFF, 0xFF, 0x3F, 0xFF, 0x00, 0x01, 0xE0, 0x00,
    0x60, 0x60, 0xE1, 0xE1, 0xE7, 0xFF, 0xFF, 0xFF, 0xFF, 0xFF, 0xFF, 0xFF, 0x7E, 0xFE, 0x2A, 0x00,
    0x00, 0x17, 0xFF, 0xFF, 0xFF, 0xFF, 0xFF, 0xFF, 0xFF, 0xFC, 0xFF, 0xFF, 0x00, 0x01, 0xA9, 0x00,
    0x00, 0xFF, 0xFF, 0xFF, 0xFF, 0xFF, 0xFF, 0xFF, 0xFF, 0xC7, 0xFC, 0xFF, 0x00, 0xE0, 0xEF, 0x00,
    0x00, 0xFF, 0xFF, 0xFF, 0xFF, 0xFF, 0xFF, 0xFF, 0xFF, 0xFF, 0x00, 0xFF, 0x00, 0x00, 0xFF, 0x00,
    0x00, 0xE1, 0xE0, 0xFF, 0xFF, 0xFF, 0xFF, 0xFF, 0xFF, 0xFF, 0x1F, 0xE0, 0x09, 0x0F, 0xE8, 0x00,
    0xBF, 0x00, 0xFF, 0x3F, 0x3C, 0x3F, 0x3F, 0x3F, 0xFF, 0xFF, 0x00, 0xFF, 0xFF, 0xFC, 0xFC, 0xFC,
    0xFF, 0x00, 0xFF, 0xFF, 0x1F, 0xFF, 0xFF, 0xFF, 0xFF, 0xFF, 0x00, 0xFF, 0xFF, 0x1F, 0x1F, 0x1F,
    0x00, 0x8F, 0x0F, 0xEF, 0xEF, 0xE8, 0xFB, 0xFB, 0xFF, 0x7F, 0xFF, 0x1E, 0x9E, 0xFF, 0x04, 0x04,
    0x00, 0x03, 0x1F, 0x00, 0x00, 0x00, 0x00, 0x00, 0x00, 0x03, 0x1F, 0x00, 0x00, 0x00, 0x07, 0x3F,
    0x00, 0xFF, 0xFF, 0x00, 0x00, 0x00, 0x00, 0x00, 0x00, 0xFF, 0xFF, 0x00, 0x07, 0x7F, 0xFF, 0xFF,
    0x00, 0xFF, 0xFF, 0x00, 0x00, 0x00, 0x00, 0x00, 0x00, 0xFF, 0xFF, 0xFF, 0xFF, 0xFF, 0xFF, 0xFF,
    0x03, 0xFB, 0xFF, 0x10, 0x3F, 0x3C, 0x1F, 0x1F, 0x04, 0xF6, 0xF0, 0xEF, 0xFB, 0xC3, 0xF8, 0xE0,
    0xC0, 0xFF, 0xFF, 0x08, 0xFC, 0x3C, 0xF8, 0xF8, 0xA0, 0x6F, 0x0F, 0xF7, 0xDF, 0xC3, 0x1F, 0x07,
    0x3F, 0x3F, 0x3C, 0x3F, 0x3F, 0x3F, 0x3F, 0x3F, 0xFC, 0xFF, 0xFF, 0xFC, 0xFC, 0xFC, 0xFC, 0xFF,
    0xFF, 0xFF, 0x1F, 0xFF, 0xFF, 0xFF, 0xFF, 0xFF, 0x1F, 0xFF, 0xFF, 0x1F, 0x1F, 0x1F, 0x1F, 0xFF,
    0x00, 0xFF, 0xFF, 0x00, 0x00, 0x00, 0x00, 0x00, 0x00, 0xFF, 0xFF, 0x00, 0xE0, 0xFE, 0xFF, 0xFF,
    0x00, 0xC0, 0xF8, 0x00, 0x00, 0x00, 0x00, 0x00, 0x00, 0xC0, 0xF8, 0x00, 0x00, 0x00, 0xE0, 0xFC,
    0x00, 0x00, 0x00, 0x00, 0x00, 0x03, 0x3F, 0xFF, 0x00, 0x00, 0x00, 0x00, 0x00, 0x03, 0x3F, 0xFF,
    0x00, 0x00, 0x00, 0x03, 0x3F, 0xFF, 0xFF, 0xFF, 0x00, 0x00, 0x00, 0x03, 0x3F, 0xFF, 0xFF, 0xFF,
    0x00, 0x07, 0x3F, 0xFF, 0xFF, 0xFF, 0xFF, 0xFF, 0x00, 0x07, 0x3F, 0xFF, 0xFF, 0xFF, 0xFF, 0xFF,
    0xFF, 0xFF, 0xFF, 0xFF, 0xFF, 0xFF, 0xFF, 0xFF, 0xFF, 0xFF, 0xFF, 0xFF, 0xFF, 0xFF, 0xFF, 0xFF,
    0x3F, 0x3F, 0x3F, 0x3F, 0x3F, 0x3F, 0xBF, 0xFF, 0xFF, 0xFF, 0xFF, 0xFF, 0xFF, 0xFF, 0x7F, 0x80,
    0xFF, 0xFF, 0xFF, 0xFF, 0xFF, 0xFF, 0xFF, 0xFF, 0xFF, 0xFF, 0xFF, 0xFF, 0xFF, 0xFF, 0xFF, 0x00,
    0x00, 0xE0, 0xFC, 0xFF, 0xFF, 0xFF, 0xFF, 0xFF, 0x00, 0xE0, 0xFC, 0xFF, 0xFF, 0xFF, 0xFF, 0xFF,
    0x00, 0x00, 0x00, 0xC0, 0xFC, 0xFF, 0xFF, 0xFF, 0x00, 0x00, 0x00, 0xC0, 0xFC, 0xFF, 0xFF, 0xFF,
    0x00, 0x00, 0x00, 0x00, 0x00, 0xC0, 0xFC, 0xFF, 0x00, 0x00, 0x00, 0x00, 0x00, 0xC0, 0xFC, 0xFF,
    0x00, 0x00, 0x00, 0x00, 0x00, 0x00, 0x00, 0x00, 0x00, 0x00, 0x00, 0x00, 0x00, 0x00, 0x00, 0x00,
    0xFF, 0xFF, 0xFF, 0xFF, 0xFF, 0xFF, 0xFF, 0xFF, 0x00, 0x00, 0x00, 0x00, 0x00, 0x00, 0x00, 0x00,
    0xFF, 0xFF, 0xFF, 0xFF, 0xFF, 0xFF, 0xFF, 0xFF, 0xFF, 0xFF, 0xFF, 0xFF, 0xFF, 0xFF, 0xFF, 0xFF,
    0x00, 0x00, 0x00, 0x00, 0x00, 0x00, 0x00, 0x00, 0x00, 0x00, 0x00, 0x08, 0x00, 0x00, 0x00, 0x00,
    0x00, 0x00, 0x00, 0x00, 0x00, 0x00, 0x00, 0x00, 0x00, 0x00, 0x04, 0x10, 0x00, 0x00, 0x00, 0x00,
    0x00, 0x00, 0x00, 0x00, 0x00, 0x00, 0x00, 0x00, 0x00, 0x00, 0x08, 0x20, 0x08, 0x00, 0x00, 0x00,
    0x00, 0x00, 0x00, 0x00, 0x00, 0x00, 0x00, 0x00, 0x00, 0x00, 0x08, 0x42, 0x28, 0x00, 0x00, 0x00,
    0x40, 0xE0, 0xE0, 0xE0, 0xE0, 0xE0, 0xE0, 0xE0, 0x00, 0x00, 0x00, 0x00, 0x00, 0x00, 0x00, 0x00,
    0x18, 0x38, 0x38, 0x70, 0x70, 0x70, 0xE0, 0xE0, 0x00, 0x00, 0x00, 0x00, 0x00, 0x00, 0x00, 0x00,
    0x00, 0x07, 0x0F, 0x1E, 0x3C, 0x78, 0xF0, 0xE0, 0x00, 0x00, 0x00, 0x00, 0x00, 0x00, 0x00, 0x00,
    0x00, 0x00, 0x00, 0x00, 0x0F, 0x3E, 0xF8, 0xE0, 0x00, 0x00, 0x00, 0x00, 0x00, 0x00, 0x00, 0x00,
    0x00, 0x00, 0x00, 0x00, 0x00, 0xFE, 0xFF, 0xFE, 0x00, 0x00, 0x00, 0x00, 0x00, 0x00, 0x00, 0x00,
    0x00, 0x00, 0x80, 0x80, 0xFF, 0x80, 0x80, 0x00, 0x00, 0x00, 0x00, 0x00, 0x00, 0x00, 0x00, 0x00,
    0x3E, 0x08, 0x08, 0x08, 0x08, 0x08, 0x08, 0x08, 0x00, 0x00, 0x00, 0x00, 0x00, 0x00, 0x00, 0x00,
    0x80, 0x80, 0x80, 0x80, 0x80, 0x80, 0x80, 0x80, 0x00, 0x00, 0x00, 0x00, 0x00, 0x00, 0x00, 0x00,
    0xFF, 0x00, 0x00, 0x00, 0x00, 0x00, 0x00, 0x00, 0x00, 0x00, 0x00, 0x00, 0x00, 0x00, 0x00, 0x00,
    0x00, 0x00, 0x00, 0x18, 0x18, 0x00, 0x00, 0x00, 0x00, 0x00, 0x00, 0x00, 0x00, 0x00, 0x00, 0x00,
    0x00, 0x00, 0x00, 0x10, 0x10, 0x00, 0x00, 0x00, 0x00, 0x00, 0x00, 0x00, 0x00, 0x00, 0x00, 0x00,
    0x7E, 0x7E, 0x00, 0x00, 0x00, 0x00, 0x00, 0x00, 0x7E, 0x7E, 0x00, 0x00, 0x00, 0x00, 0x00, 0x00,
    0x7E, 0x7E, 0x00, 0x00, 0x00, 0x00, 0x7E, 0x7E, 0x7E, 0x7E, 0x00, 0x00, 0x00, 0x00, 0x7E, 0x7E,
    0x00, 0x00, 0x00, 0x00, 0x00, 0x08, 0x00, 0x00, 0x00, 0x00, 0x00, 0x00, 0x00, 0x08, 0x00, 0x00,
    0x00, 0x00, 0x00, 0x00, 0x10, 0x10, 0x00, 0x00, 0x00, 0x00, 0x00, 0x00, 0x10, 0x10, 0x00, 0x00,
    0x00, 0x00, 0x00, 0x18, 0x18, 0x18, 0x00, 0x00, 0x00, 0x00, 0x00, 0x00, 0x18, 0x18, 0x00, 0x00,
    0x00, 0x08, 0x1C, 0x1C, 0x1C, 0x1C, 0x00, 0x00, 0x00, 0x00, 0x00, 0x00, 0x1C, 0x1C, 0x00, 0x00,
    0x00, 0x00, 0x00, 0x00, 0x10, 0x00, 0x00, 0x00, 0x00, 0x00, 0x00, 0x10, 0x10, 0x00, 0x00, 0x00,
    0x00, 0x00, 0x00, 0x08, 0x00, 0x1C, 0x00, 0x00, 0x00, 0x00, 0x00, 0x08, 0x1C, 0x1C, 0x00, 0x00,
    0x00, 0x00, 0x00, 0x18, 0x00, 0x3C, 0x00, 0x00, 0x00, 0x00, 0x18, 0x7E, 0x7E, 0x3C, 0x00, 0x00,
    0x00, 0x00, 0x3C, 0x3C, 0x81, 0x7E, 0x00, 0x00, 0x18, 0x18, 0x7E, 0xFF, 0xFF, 0x7E, 0x00, 0x00,
    0x00, 0x00, 0x00, 0x0A, 0x1E, 0x0C, 0x16, 0x00, 0x00, 0x00, 0x00, 0x0A, 0x10, 0x04, 0x12, 0x00,
    0x12, 0x7F, 0x3E, 0x7E, 0x7F, 0x3C, 0x36, 0x10, 0x12, 0x2D, 0x12, 0x64, 0x47, 0x08, 0x24, 0x10,
    0x00, 0x00, 0x14, 0x38, 0x3C, 0x18, 0x00, 0x00, 0x00, 0x00, 0x10, 0x10, 0x08, 0x10, 0x00, 0x00,
    0x00, 0x10, 0x1A, 0x3C, 0x3C, 0x1E, 0x3C, 0x00, 0x00, 0x10, 0x02, 0x28, 0x30, 0x04, 0x14, 0x00,
    0x10, 0x22, 0x14, 0x7C, 0x7E, 0x3C, 0x7E, 0x1C, 0x00, 0x00, 0x04, 0x24, 0x6C, 0x00, 0x54, 0x08,
    0x08, 0x00, 0x28, 0x1E, 0x1C, 0x3C, 0x3E, 0x1C, 0x00, 0x00, 0x20, 0x14, 0x0C, 0x20, 0x00, 0x04,
    0x3C, 0x76, 0xBF, 0xEE, 0x7B, 0xAF, 0xFA, 0x5C, 0x00, 0x00, 0x00, 0x00, 0x00, 0x00, 0x00, 0x00,
    0x08, 0x74, 0x2E, 0x6C, 0x7B, 0xA6, 0x7A, 0x10, 0x00, 0x00, 0x00, 0x00, 0x00, 0x00, 0x00, 0x00,
    0x00, 0x00, 0x08, 0x2C, 0x1A, 0x2C, 0x10, 0x00, 0x00, 0x00, 0x00, 0x00, 0x00, 0x00, 0x00, 0x00,
    0x01, 0x01, 0x11, 0x0B, 0x5F, 0x3F, 0x1F, 0xFF, 0x00, 0x01, 0x00, 0x00, 0x4A, 0x10, 0x00, 0x80,
    0x00, 0x02, 0x44, 0x98, 0xF2, 0xE4, 0xF0, 0xFF, 0x00, 0x00, 0x00, 0x80, 0x22, 0x00, 0x00, 0x11,
    0x00, 0x00, 0x01, 0x01, 0x06, 0x03, 0x07, 0x07, 0x00, 0x00, 0x00, 0x00, 0x04, 0x02, 0x01, 0x01,
    0x86, 0x0F, 0xFF, 0xFF, 0xFF, 0xFF, 0xFF, 0xFF, 0x84, 0x0C, 0x8A, 0xC7, 0x20, 0xA0, 0x80, 0x10,
    0x00, 0xF1, 0xFF, 0xFF, 0xFF, 0xFF, 0xFF, 0xFF, 0x00, 0xC0, 0x9C, 0x62, 0x00, 0x80, 0x00, 0x00,
    0x20, 0x60, 0xC0, 0x40, 0x80, 0xC0, 0xE0, 0xC0, 0x00, 0x00, 0x00, 0x00, 0x80, 0x00, 0x40, 0xC0,
    0x00, 0x00, 0x00, 0x00, 0x00, 0x03, 0x27, 0x0F, 0x00, 0x00, 0x00, 0x00, 0x00, 0x02, 0x05, 0x09,
    0x00, 0x00, 0x00, 0x83, 0x2B, 0xF7, 0xFF, 0xFF, 0x00, 0x00, 0x00, 0x81, 0x0B, 0x17, 0x1B, 0xE0,
    0x00, 0x29, 0xBF, 0xFF, 0xFF, 0xFF, 0xFF, 0xFF, 0x00, 0x09, 0x90, 0xDC, 0x86, 0x85, 0x3C, 0xEE,
    0x00, 0x00, 0x00, 0xF3, 0xF8, 0xFE, 0xFF, 0xFF, 0x00, 0x00, 0x00, 0x52, 0x00, 0xC4, 0x7E, 0x27,
    0x00, 0x00, 0x00, 0x00, 0x00, 0x10, 0x30, 0xC0, 0x00, 0x00, 0x00, 0x00, 0x00, 0x00, 0x10, 0xC0,
    0x1F, 0x4F, 0x1F, 0x1B, 0x21, 0x41, 0x80, 0x01, 0x10, 0x00, 0x05, 0x02, 0x20, 0x00, 0x00, 0x01,
    0xF0, 0xE0, 0xF0, 0xB0, 0x00, 0x00, 0x00, 0x00, 0x00, 0x20, 0x40, 0x10, 0x00, 0x00, 0x00, 0x00,
    0x0F, 0x0F, 0x0F, 0x0F, 0x0F, 0x07, 0x07, 0x07, 0x01, 0x04, 0x02, 0x0C, 0x0F, 0x01, 0x07, 0x02,
    0xFF, 0xFF, 0xFF, 0xFF, 0xFF, 0xFF, 0xFF, 0xFF, 0x20, 0x00, 0x00, 0x00, 0x40, 0x20, 0x00, 0xA2,
    0xFF, 0xFF, 0xFF, 0xFF, 0xFF, 0xFF, 0xFF, 0xFF, 0x00, 0x00, 0x00, 0x00, 0x00, 0x03, 0x00, 0x12,
    0xF0, 0xF0, 0xF0, 0xF0, 0xF0, 0xB0, 0xE0, 0xF0, 0x90, 0x10, 0x00, 0x00, 0xA0, 0x30, 0x80, 0x00,
    0x07, 0x19, 0x01, 0x0F, 0x1F, 0x1F, 0x1F, 0x17, 0x04, 0x11, 0x00, 0x08, 0x15, 0x02, 0x02, 0x06,
    0xFF, 0xFF, 0xFF, 0xFF, 0xFF, 0xFF, 0xFF, 0xFF, 0xD1, 0x10, 0xCD, 0x98, 0x30, 0x80, 0x06, 0x40,
    0xFF, 0xFF, 0xFF, 0xFF, 0xFF, 0xFF, 0xFF, 0xFF, 0xB3, 0xC1, 0x9E, 0x05, 0x83, 0x28, 0x08, 0x62,
    0xFF, 0xFF, 0xFF, 0xFF, 0xFF, 0xFF, 0xFF, 0xFF, 0xE3, 0x71, 0xBA, 0xDB, 0x20, 0x08, 0x1E, 0x2A,
    0xC0, 0xE0, 0xCC, 0xE8, 0x94, 0xFE, 0xFA, 0xFE, 0x40, 0x20, 0x0C, 0x00, 0x90, 0x78, 0x28, 0x36,
    0x07, 0x01, 0x01, 0x01, 0x03, 0x03, 0x04, 0x00, 0x07, 0x01, 0x00, 0x00, 0x00, 0x00, 0x00, 0x00,
    0xFF, 0xFF, 0xFF, 0xFF, 0xAF, 0x01, 0x00, 0x00, 0x03, 0x40, 0x8B, 0x4C, 0x0F, 0x01, 0x00, 0x00,
    0xFF, 0xFF, 0xFF, 0xFF, 0xF6, 0xC0, 0x00, 0x00, 0x31, 0xAD, 0x9F, 0xFC, 0xF4, 0xC0, 0x00, 0x00,
    0xC0, 0xC0, 0xA0, 0xE0, 0xC0, 0x60, 0x10, 0x00, 0xC0, 0x00, 0x80, 0x00, 0x00, 0x00, 0x00, 0x00,
    0x5F, 0x3F, 0x7F, 0x7F, 0x7F, 0x7F, 0x7F, 0x3F, 0x03, 0x22, 0x31, 0x03, 0x57, 0x7F, 0x7B, 0x13,
    0xFF, 0xFF, 0xFF, 0xFF, 0xFF, 0xFF, 0xFF, 0xFF, 0x10, 0x00, 0x02, 0x04, 0x10, 0xD0, 0x41, 0xF8,
    0xFF, 0xFF, 0xFF, 0xFF, 0xFF, 0xFF, 0xFF, 0xFF, 0x00, 0x00, 0x00, 0x00, 0x00, 0x00, 0x00, 0x09,
    0xFF, 0xFF, 0xFF, 0xFF, 0xFF, 0xFF, 0xFF, 0xFF, 0x23, 0x17, 0x07, 0x2D, 0x17, 0x21, 0x00, 0xA3,
    0xFF, 0xFF, 0xFD, 0xFD, 0xFE, 0xFF, 0xFF, 0xFC, 0x33, 0x9B, 0x11, 0x18, 0x5C, 0xF4, 0x76, 0x94,
    0x1F, 0x3F, 0x3F, 0x0F, 0x2F, 0x1F, 0x17, 0x03, 0x03, 0x3C, 0x3F, 0x0D, 0x29, 0x1E, 0x17, 0x02,
    0xFF, 0xFF, 0xFF, 0xFF, 0xFF, 0xFF, 0xFF, 0xFF, 0x70, 0x9D, 0x03, 0xDB, 0xFC, 0xED, 0x4E, 0x6F,
    0xFF, 0xFF, 0xFF, 0xFF, 0xFF, 0xFF, 0xFF, 0xFF, 0x68, 0x5D, 0x82, 0xA7, 0x7F, 0xFB, 0x56, 0xC7,
    0xFF, 0xFF, 0xFF, 0xFF, 0xFF, 0xFF, 0xFF, 0xFF, 0x0F, 0x52, 0x7A, 0x79, 0x57, 0xA9, 0x7D, 0x97,
    0xF7, 0xF2, 0xF8, 0xF4, 0xF4, 0xE8, 0xC0, 0x80, 0x85, 0x32, 0x60, 0x14, 0xB0, 0xA8, 0x40, 0x80,
    0x07, 0x13, 0x01, 0x00, 0x00, 0x00, 0x00, 0x00, 0x07, 0x03, 0x00, 0x00, 0x00, 0x00, 0x00, 0x00,
    0xFF, 0xFF, 0xFF, 0x67, 0x1A, 0x20, 0x00, 0x00, 0xF7, 0x9C, 0xFF, 0x67, 0x0A, 0x00, 0x00, 0x00,
    0xFF, 0xFF, 0xFF, 0xFF, 0xFF, 0x5F, 0x72, 0x00, 0xBC, 0xB9, 0xCE, 0xF9, 0xFF, 0x5F, 0x72, 0x00,
    0xFF, 0xFF, 0xFE, 0xF6, 0xA4, 0x00, 0x00, 0x00, 0x3F, 0xB9, 0xFE, 0xD2, 0xA4, 0x00, 0x00, 0x00,
    0xA0, 0x00, 0x00, 0x00, 0x00, 0x00, 0x00, 0x00, 0xA0, 0x00, 0x00, 0x00, 0x00, 0x00, 0x00, 0x00,
    0x00, 0x00, 0x10, 0x3E, 0x3E, 0x00, 0x00, 0x00, 0x00, 0x00, 0x1C, 0x38, 0x28, 0x00, 0x00, 0x00,
    0x00, 0x00, 0x06, 0x0F, 0x10, 0x17, 0x15, 0x17, 0x00, 0x03, 0x07, 0x0F, 0x1F, 0x18, 0x18, 0x18,
    0x00, 0x00, 0x00, 0x00, 0xFE, 0x80, 0xB6, 0xCC, 0x00, 0xF8, 0xFC, 0xFE, 0x80, 0xFE, 0xC8, 0xB2,
    0x00, 0x00, 0x00, 0x01, 0x03, 0x07, 0x0F, 0x08, 0x00, 0x00, 0x00, 0x01, 0x03, 0x07, 0x0F, 0x0F,
    0x00, 0x00, 0x00, 0x80, 0xC0, 0xE0, 0xF0, 0xFF, 0x00, 0x00, 0xFF, 0xFF, 0xFF, 0xFF, 0xFF, 0xF8,
    0x00, 0x00, 0x00, 0x00, 0x00, 0x00, 0x00, 0xF8, 0x00, 0x00, 0x80, 0xC0, 0xE0, 0xF0, 0xF8, 0x00,
    0x00, 0x06, 0x0F, 0x1F, 0x3F, 0x7F, 0xC3, 0xDC, 0x03, 0x07, 0x0F, 0x1F, 0x3F, 0x7F, 0xFF, 0xFF,
    0x00, 0xFF, 0x00, 0x7F, 0x80, 0xDF, 0xE0, 0x3F, 0xFF, 0xFF, 0xFF, 0xFF, 0xFF, 0xFF, 0xFF, 0xF0,
    0x00, 0xE0, 0x00, 0xF8, 0x00, 0xFE, 0x00, 0xFF, 0xC0, 0xE0, 0xF0, 0xF8, 0xFC, 0xFE, 0xFF, 0x00,
    0x00, 0x00, 0x58, 0x58, 0x59, 0x3F, 0x00, 0x00, 0x00, 0x00, 0x7E, 0x7E, 0x7E, 0x00, 0x00, 0x00,
    0x01, 0x13, 0x1B, 0x1B, 0x1B, 0x1B, 0x0F, 0x01, 0x01, 0x1D, 0x1D, 0x1D, 0x1D, 0x1D, 0x01, 0x00,
    0xE0, 0xE0, 0xE0, 0xE0, 0xE0, 0xE0, 0xE2, 0xFC, 0xFC, 0xFC, 0xFC, 0xFC, 0xFC, 0xFC, 0xFC, 0x00,
    0x00, 0x00, 0x00, 0x00, 0x00, 0x00, 0x0C, 0x1E, 0x00, 0x00, 0x00, 0x00, 0x00, 0x00, 0x0F, 0x1F,
    0x00, 0x00, 0x00, 0x00, 0x1F, 0x7E, 0xFF, 0xFF, 0x00, 0x00, 0x00, 0x00, 0x1F, 0x7F, 0x7F, 0x7F,
    0x00, 0x00, 0x00, 0x00, 0xE0, 0x00, 0x40, 0x40, 0x00, 0x00, 0x00, 0x00, 0xE0, 0xF8, 0xF8, 0xF8,
    0x00, 0x01, 0x7D, 0xC7, 0xF3, 0xF3, 0xF3, 0xF3, 0x00, 0x01, 0x7F, 0xF9, 0xFD, 0xFD, 0xFD, 0xFD,
    0x7F, 0xFE, 0xFF, 0xFF, 0xFF, 0xFF, 0xFF, 0xFF, 0x7F, 0xFF, 0xFF, 0xFF, 0xFF, 0xFF, 0xFF, 0xFF,
    0xF0, 0x00, 0x40, 0x40, 0x40, 0x40, 0x40, 0x40, 0xF0, 0xFC, 0xFC, 0xFC, 0xFC, 0xFC, 0xFC, 0xFC,
    0x0B, 0x0A, 0x0A, 0x0B, 0x00, 0x00, 0x00, 0x00, 0x0C, 0x0C, 0x0C, 0x0C, 0x00, 0x00, 0x00, 0x00,
    0x18, 0xBB, 0xBB, 0xF8, 0xFA, 0x00, 0x00, 0x00, 0xFF, 0x1C, 0x1C, 0x1F, 0x1D, 0x00, 0x00, 0x00,
    0x00, 0x60, 0x60, 0x00, 0xA0, 0x00, 0x00, 0x00, 0xF8, 0x98, 0x98, 0xF8, 0x58, 0x00, 0x00, 0x00,
    0xDF, 0xDF, 0xD2, 0xD2, 0xDF, 0xDF, 0xDF, 0x03, 0xE3, 0xE0, 0xE0, 0xE0, 0xE0, 0xE0, 0xE0, 0x00,
    0xB0, 0xF1, 0x76, 0x76, 0xF6, 0xF8, 0xFA, 0xF0, 0xFF, 0x3E, 0x39, 0x39, 0x39, 0x37, 0x35, 0x3F,
    0xAA, 0x54, 0xDA, 0xDA, 0xDA, 0x28, 0x50, 0x50, 0x55, 0xAB, 0x25, 0x25, 0x25, 0xD7, 0xAF, 0xAF,
    0x1E, 0x1E, 0x1E, 0x1E, 0x0E, 0x0F, 0x10, 0x02, 0x1F, 0x1F, 0x1F, 0x1F, 0x1F, 0x00, 0x00, 0x00,
    0xFF, 0xFF, 0xFF, 0xFF, 0xFF, 0xFF, 0x7F, 0x1F, 0x7F, 0x7F, 0x7F, 0x7F, 0x7F, 0x7F, 0x1F, 0x00,
    0x40, 0x40, 0x40, 0x40, 0x40, 0x44, 0x5E, 0xF8, 0xF8, 0xF8, 0xF8, 0xF8, 0xF8, 0xF8, 0xE0, 0x00,
    0xF3, 0xF3, 0xF3, 0xF3, 0x73, 0x7F, 0x89, 0x04, 0xFD, 0xFD, 0xFD, 0xFD, 0xFD, 0x01, 0x00, 0x00,
    0xFF, 0xFF, 0xFF, 0xFF, 0xFF, 0xFF, 0xFF, 0x7F, 0xFF, 0xFF, 0xFF, 0xFF, 0xFF, 0xFF, 0x7F, 0x00,
    0x40, 0x40, 0x40, 0x40, 0x40, 0x42, 0x4F, 0xFC, 0xFC, 0xFC, 0xFC, 0xFC, 0xFC, 0xFC, 0xF0, 0x00,
    0x00, 0x00, 0x08, 0x08, 0x14, 0x00, 0x00, 0x00, 0x00, 0x00, 0x00, 0x00, 0x00, 0x00, 0x00, 0x00,
    0x00, 0x04, 0x04, 0x0C, 0x0C, 0x1E, 0x2D, 0x00, 0x00, 0x00, 0x00, 0x00, 0x04, 0x00, 0x00, 0x00,
    0x00, 0x04, 0x04, 0x04, 0x1C, 0x3E, 0x08, 0x3E, 0x00, 0x00, 0x00, 0x00, 0x00, 0x00, 0x36, 0x00,
    0x00, 0x00, 0x00, 0x00, 0x01, 0x07, 0x09, 0x01, 0x00, 0x00, 0x00, 0x00, 0x00, 0x00, 0x06, 0x06,
    0x40, 0x20, 0x40, 0x40, 0xC0, 0xE0, 0xD0, 0xC0, 0x00, 0x40, 0x00, 0x00, 0x00, 0x80, 0x20, 0x20,
    0x00, 0x00, 0x08, 0x08, 0x0C, 0x1C, 0x08, 0x1C, 0x00, 0x00, 0x00, 0x08, 0x00, 0x00, 0x14, 0x00,
    0x00, 0x00, 0x00, 0x00, 0x60, 0x60, 0x4E, 0x0F, 0x00, 0x00, 0x00, 0x00, 0x00, 0x0C, 0x3E, 0xF0,
    0x1C, 0x7F, 0x5D, 0x1C, 0x14, 0x08, 0x00, 0x00, 0x00, 0x08, 0x00, 0x08, 0x08, 0x00, 0x00, 0x00,
    0x07, 0x07, 0x03, 0x17, 0x3F, 0x33, 0x33, 0x01, 0x00, 0x00, 0x00, 0x29, 0x01, 0x20, 0x01, 0x03,
    0xE0, 0xE0, 0xC0, 0xE8, 0x7C, 0xCC, 0xCC, 0x40, 0x00, 0x00, 0x00, 0x94, 0x80, 0x04, 0x00, 0x80,
    0x00, 0x00, 0x00, 0x00, 0x00, 0x00, 0x0F, 0x0D, 0x00, 0x00, 0x00, 0x00, 0x00, 0x03, 0x00, 0x08,
    0x18, 0x77, 0xFF, 0xDF, 0xD9, 0x8E, 0xF3, 0x36, 0x1C, 0x98, 0x1A, 0x32, 0x3E, 0x71, 0x2C, 0x29,
    0x00, 0x00, 0x80, 0x80, 0x80, 0xC0, 0xB8, 0x18, 0x00, 0x80, 0x00, 0x00, 0x00, 0x30, 0x40, 0x48,
    0x01, 0x07, 0x07, 0x7F, 0x7E, 0x44, 0x66, 0x66, 0x0E, 0x08, 0x08, 0x3E, 0x01, 0x13, 0x55, 0x19,
    0x29, 0x3D, 0x7F, 0x7F, 0xFF, 0x7D, 0xF9, 0xD1, 0xF6, 0xE6, 0xC0, 0x80, 0x00, 0x80, 0x00, 0x20,
    0x00, 0x80, 0x80, 0xE0, 0xE0, 0x20, 0xB0, 0xB0, 0x00, 0x00, 0x00, 0x00, 0x00, 0x00, 0x00, 0x00,
    0x00, 0x00, 0x00, 0x00, 0x00, 0x00, 0x19, 0x0C, 0x00, 0x00, 0x00, 0x00, 0x00, 0x00, 0x03, 0x03,
    0x00, 0x00, 0x00, 0x01, 0x07, 0x00, 0x01, 0x00, 0x00, 0x00, 0x01, 0x06, 0x00, 0x00, 0x00, 0x07,
    0x00, 0x01, 0xC1, 0xC1, 0xF7, 0xFF, 0xFF, 0xF0, 0x00, 0x00, 0xC0, 0x0F, 0x0E, 0x06, 0x1F, 0xBF,
    0x00, 0x80, 0x80, 0x00, 0xC0, 0xF0, 0xF8, 0xF8, 0x00, 0x00, 0x00, 0x80, 0x60, 0xA8, 0xCC, 0x00,
    0x01, 0x0A, 0x00, 0x01, 0x00, 0x00, 0x00, 0x00, 0x02, 0x01, 0x01, 0x00, 0x00, 0x00, 0x00, 0x00,
    0xC0, 0x50, 0x80, 0x80, 0x00, 0x00, 0x00, 0x00, 0x00, 0x80, 0x00, 0x00, 0x00, 0x00, 0x00, 0x00,
    0x0D, 0x0D, 0x0D, 0x00, 0x00, 0x00, 0x00, 0x00, 0x00, 0x00, 0x00, 0x00, 0x00, 0x00, 0x00, 0x00,
    0x3E, 0xBE, 0xBE, 0x08, 0x5D, 0x49, 0x41, 0x00, 0x00, 0x00, 0x04, 0x00, 0x00, 0x00, 0x00, 0x00,
    0x40, 0xD8, 0xD8, 0x00, 0x00, 0x00, 0x00, 0x00, 0x18, 0x00, 0x00, 0x00, 0x00, 0x00, 0x00, 0x00,
    0x00, 0x01, 0x02, 0xFE, 0xF1, 0x04, 0x04, 0x00, 0x1F, 0x0E, 0x0D, 0x05, 0x0E, 0x00, 0x00, 0x00,
    0xA0, 0x40, 0x80, 0xE0, 0xE0, 0x00, 0x00, 0x00, 0x40, 0x80, 0x00, 0x00, 0x00, 0x00, 0x00, 0x00,
    0x07, 0x02, 0x07, 0x01, 0x08, 0x00, 0x00, 0x00, 0x00, 0x05, 0x00, 0x04, 0x00, 0x00, 0x00, 0x00,
    0x07, 0x0F, 0xFD, 0x80, 0xC0, 0x70, 0x00, 0x00, 0xB8, 0xF0, 0x02, 0x00, 0x00, 0x00, 0x00, 0x00,
    0xFF, 0xFF, 0xFF, 0x0F, 0x3F, 0x01, 0x07, 0x00, 0x00, 0x40, 0x00, 0x00, 0x00, 0x06, 0x08, 0x00,
    0xE0, 0x80, 0x00, 0x80, 0xC0, 0xC0, 0x00, 0x00, 0x10, 0x40, 0x00, 0x00, 0x00, 0x00, 0x00, 0x00,
    0x00, 0x00, 0x2A, 0x00, 0x00, 0x00, 0x00, 0x00, 0x00, 0x00, 0x1C, 0x00, 0x00, 0x00, 0x00, 0x00,
    0x00, 0x00, 0x00, 0x31, 0x00, 0x00, 0x00, 0x00, 0x00, 0x00, 0x00, 0x0F, 0x00, 0x00, 0x00, 0x00,
    0x00, 0x00, 0x00, 0x8C, 0x00, 0x00, 0x00, 0x00, 0x00, 0x00, 0x00, 0xF0, 0x00, 0x00, 0x00, 0x00,
    0x00, 0x06, 0x0F, 0x08, 0x03, 0x01, 0x00, 0x00, 0x00, 0x07, 0x00, 0x07, 0x07, 0x00, 0x00, 0x00,
    0xF3, 0x77, 0xE1, 0x5E, 0xDB, 0x39, 0x00, 0x00, 0x3C, 0x9B, 0xF6, 0xF5, 0x36, 0xF7, 0x00, 0x00,
    0x80, 0x00, 0xF8, 0x78, 0x80, 0x80, 0x00, 0x00, 0x80, 0xF0, 0x00, 0xF8, 0x70, 0x00, 0x00, 0x00,
    0x00, 0x00, 0x00, 0x00, 0x00, 0x0F, 0x1F, 0x18, 0x00, 0x00, 0x00, 0x00, 0x01, 0x0F, 0x00, 0x07,
    0x00, 0x00, 0x00, 0x1F, 0x3F, 0x87, 0xFC, 0x03, 0x00, 0x00, 0x00, 0x0F, 0xC7, 0xFB, 0x7F, 0xFC,
    0x00, 0x00, 0x00, 0x1E, 0x3F, 0x7E, 0x33, 0x21, 0x00, 0x00, 0x00, 0xE0, 0xC7, 0x9F, 0x3C, 0x1F,
    0x00, 0x00, 0x00, 0x00, 0x00, 0x00, 0xFC, 0xFC, 0x00, 0x00, 0x00, 0x00, 0xC0, 0xF8, 0x00, 0xFC,
    0x00, 0x00, 0x3F, 0x00, 0x00, 0x00, 0x00, 0x00, 0x00, 0x00, 0x00, 0x00, 0x00, 0x00, 0x00, 0x00,
    0x00, 0x00, 0x80, 0x00, 0x00, 0x00, 0x00, 0x00, 0x00, 0x00, 0x70, 0x0F, 0x00, 0x00, 0x00, 0x00,
    0x00, 0x00, 0x18, 0xFF, 0x00, 0x00, 0x00, 0x00, 0x00, 0x00, 0x0C, 0xFF, 0x00, 0x00, 0x00, 0x00,
    0x00, 0x00, 0x00, 0xF8, 0x00, 0x00, 0x00, 0x00, 0x00, 0x00, 0x07, 0x80, 0x00, 0x00, 0x00, 0x00,
    0x00, 0x00, 0xFE, 0x00, 0x00, 0x00, 0x00, 0x00, 0x00, 0x00, 0x00, 0x00, 0x00, 0x00, 0x00, 0x00,
    0x00, 0x00, 0x00, 0x00, 0x07, 0x0F, 0x1F, 0x3F, 0x00, 0x00, 0x00, 0x01, 0x07, 0x03, 0x00, 0x00,
    0x00, 0x03, 0x1F, 0x07, 0xC1, 0xF8, 0xFE, 0xFF, 0x00, 0x00, 0x20, 0xF8, 0xFE, 0xFF, 0x3F, 0x03,
    0x00, 0xE1, 0xE3, 0xE3, 0xE7, 0x67, 0x6F, 0x88, 0x00, 0xFE, 0xFC, 0x7C, 0x78, 0xB9, 0xB3, 0xF7,
    0x00, 0xF0, 0xFF, 0xFE, 0xF8, 0xC0, 0x07, 0xFF, 0x00, 0x00, 0x1F, 0x3F, 0xFF, 0xFF, 0xF8, 0x00,
    0x00, 0x00, 0x00, 0x00, 0x00, 0x78, 0xFC, 0xFE, 0x00, 0x00, 0x00, 0xC0, 0xF0, 0x80, 0x00, 0x00,
    0x00, 0x00, 0x00, 0x04, 0x0F, 0x1F, 0x3F, 0x7F, 0x00, 0x00, 0x01, 0x07, 0x0F, 0x0F, 0x03, 0x00,
    0x03, 0x3F, 0x1F, 0x0F, 0x07, 0xC3, 0xF3, 0xF9, 0x03, 0x03, 0xE1, 0xF1, 0xF9, 0xFC, 0xFC, 0x3E,
    0x8F, 0x8F, 0x8F, 0x9F, 0x9F, 0x9F, 0x9E, 0xB8, 0xF0, 0xF0, 0xF0, 0xE1, 0xE3, 0xE7, 0xE7, 0xCF,
    0x00, 0xF0, 0xFC, 0xF0, 0xE0, 0x80, 0x07, 0x7F, 0x00, 0x70, 0xFE, 0xFF, 0xFF, 0xFF, 0xF8, 0x80,
    0x00, 0x00, 0x00, 0x00, 0x00, 0xC0, 0xE0, 0xF0, 0x00, 0x00, 0x00, 0x00, 0x80, 0x00, 0x00, 0x00,
    0x01, 0x0F, 0x03, 0x00, 0x00, 0x00, 0x00, 0x00, 0x1F, 0x0F, 0x00, 0x00, 0x00, 0x00, 0x00, 0x00,
    0xFC, 0xE7, 0xCF, 0x1F, 0x00, 0x00, 0x00, 0x00, 0xE3, 0x1F, 0x3E, 0x1C, 0x00, 0x00, 0x00, 0x00,
    0xBC, 0x9F, 0x8F, 0x86, 0x00, 0x00, 0x00, 0x00, 0xE3, 0x7C, 0x7E, 0x7E, 0x00, 0x00, 0x00, 0x00,
    0x1C, 0x80, 0xE0, 0x00, 0x00, 0x00, 0x00, 0x00, 0xFC, 0x78, 0x00, 0x00, 0x00, 0x00, 0x00, 0x00,
    0x00, 0x00, 0x1F, 0x0F, 0x07, 0x00, 0x00, 0x00, 0x3F, 0x3F, 0x1F, 0x0F, 0x06, 0x00, 0x00, 0x00,
    0x00, 0xFF, 0xFE, 0xFC, 0xF0, 0xC1, 0x03, 0x00, 0xFF, 0xFC, 0xE1, 0x83, 0x0F, 0x3F, 0x03, 0x00,
    0x77, 0x9D, 0x3C, 0x7C, 0xFC, 0xFC, 0xFC, 0x00, 0x88, 0x73, 0xE3, 0xE3, 0xE3, 0xC3, 0xC3, 0x00,
    0x0F, 0xE0, 0xFC, 0xFF, 0xFF, 0x7F, 0x70, 0x00, 0xFF, 0x1F, 0x83, 0x80, 0xE0, 0xF0, 0xF0, 0x00,
    0xFE, 0x3E, 0x00, 0x00, 0xE0, 0x80, 0x00, 0x00, 0xFE, 0xFE, 0xFC, 0xF8, 0x10, 0x00, 0x00, 0x00,
    0x7F, 0x03, 0x00, 0x00, 0x03, 0x3F, 0x3F, 0x1F, 0x00, 0xFC, 0xFF, 0xFF, 0x7F, 0x3F, 0x3F, 0x1C,
    0xFE, 0xFF, 0x00, 0x03, 0xFE, 0xF8, 0xF1, 0xE1, 0x07, 0x00, 0xFF, 0xFC, 0xF1, 0xC7, 0x0F, 0x1F,
    0xA3, 0xDF, 0xF8, 0xBE, 0x77, 0xF7, 0xF3, 0xF3, 0x5C, 0x20, 0x07, 0x41, 0xCC, 0x8E, 0x8E, 0x8F,
    0xFF, 0xFF, 0xFF, 0x0F, 0x80, 0xC0, 0xF0, 0xF8, 0x00, 0x01, 0xFF, 0xFF, 0x7F, 0x3F, 0x0F, 0x07,
    0xF0, 0xF8, 0xF8, 0xF8, 0xF0, 0x00, 0x00, 0x00, 0x00, 0xF8, 0xF8, 0xF8, 0xF0, 0xF0, 0xE0, 0xC0,
    0x0F, 0x03, 0x00, 0x00, 0x00, 0x00, 0x00, 0x00, 0x00, 0x00, 0x00, 0x00, 0x00, 0x00, 0x00, 0x00,
    0xC3, 0x83, 0x07, 0x07, 0x00, 0x00, 0x00, 0x00, 0x3F, 0x7F, 0xFF, 0x0F, 0x00, 0x00, 0x00, 0x00,
    0xF3, 0xF3, 0xF1, 0xF1, 0x00, 0x00, 0x00, 0x00, 0x8F, 0x8F, 0x0F, 0x0F, 0x00, 0x00, 0x00, 0x00,
    0xFE, 0xFE, 0xF0, 0xC0, 0x00, 0x00, 0x00, 0x00, 0x81, 0xC0, 0xC0, 0xC0, 0x00, 0x00, 0x00, 0x00,
    0x00, 0x14, 0x14, 0x00, 0x7E, 0x7E, 0x54, 0x1C, 0x00, 0x00, 0x00, 0x1C, 0x50, 0x00, 0x2E, 0x06,
    0x00, 0x00, 0x01, 0x01, 0x01, 0x00, 0x03, 0x13, 0x00, 0x00, 0x00, 0x01, 0x01, 0x01, 0x07, 0x07,
    0x00, 0x00, 0x60, 0x40, 0x40, 0x40, 0x30, 0x30, 0x00, 0x00, 0x00, 0x60, 0x60, 0x60, 0xC0, 0xC0,
    0x00, 0x00, 0x00, 0x01, 0x01, 0x01, 0x01, 0x01, 0x00, 0x00, 0x00, 0x00, 0x01, 0x01, 0x01, 0x01,
    0x00, 0x00, 0x00, 0xB0, 0x20, 0x20, 0x20, 0x20, 0x00, 0x00, 0x00, 0x00, 0xB0, 0xB0, 0xB0, 0xB0,
    0x00, 0x00, 0x00, 0x73, 0x73, 0x63, 0x63, 0x63, 0x00, 0x00, 0x00, 0x00, 0x00, 0x73, 0x73, 0x73,
    0x00, 0x00, 0x00, 0x80, 0x80, 0x00, 0x00, 0x00, 0x00, 0x00, 0x00, 0x00, 0x00, 0x80, 0x80, 0x80,
    0x3B, 0x0F, 0x3B, 0x1A, 0x3F, 0x2F, 0x2F, 0x03, 0x34, 0x30, 0x04, 0x05, 0x00, 0x10, 0x10, 0x02,
    0xFC, 0xDC, 0xFC, 0x9C, 0x7C, 0xF0, 0xB0, 0x70, 0x00, 0x20, 0x00, 0x60, 0x80, 0x3C, 0x7C, 0xBC,
    0x20, 0x26, 0x27, 0x20, 0xDE, 0x1F, 0x1E, 0x57, 0x0F, 0x09, 0x0F, 0x0F, 0x21, 0xE0, 0xE1, 0x28,
    0x10, 0x98, 0x18, 0x1E, 0x1F, 0xEF, 0x1F, 0x6F, 0xE0, 0x60, 0xE0, 0xF0, 0xF0, 0x10, 0xF0, 0x90,
    0x00, 0x00, 0x20, 0x01, 0x23, 0x21, 0x22, 0xF8, 0x00, 0x00, 0x07, 0x07, 0x04, 0x07, 0x05, 0xF7,
    0x63, 0x63, 0x00, 0xE0, 0xD0, 0xE0, 0x00, 0xFF, 0x73, 0x73, 0xFF, 0xFF, 0x2F, 0xFF, 0xFF, 0x00,
    0x00, 0x00, 0x80, 0xE0, 0xE0, 0xE0, 0xFC, 0xFE, 0x80, 0x80, 0x00, 0x00, 0x00, 0x00, 0x80, 0x00,
    0x7E, 0xFC, 0xB7, 0xB7, 0xB7, 0x9D, 0xF3, 0x01, 0x01, 0x4B, 0x48, 0x48, 0x48, 0x62, 0x0E, 0x00,
    0x4F, 0xDF, 0xFC, 0x38, 0x78, 0xF8, 0xF8, 0xFF, 0xB0, 0x20, 0x03, 0xDF, 0x9F, 0x1F, 0x1F, 0x18,
    0x00, 0x00, 0x00, 0x00, 0x00, 0x00, 0x80, 0x00, 0x00, 0x00, 0x00, 0x80, 0x80, 0x80, 0x00, 0x00,
    0xCF, 0x0F, 0x0D, 0xF9, 0x49, 0x7D, 0xFD, 0xAB, 0x30, 0xF0, 0xF2, 0x06, 0x36, 0x02, 0x56, 0x54,
    0x81, 0xFF, 0x80, 0xFF, 0xE7, 0xCC, 0x5C, 0xE6, 0x7E, 0x00, 0x7F, 0x00, 0x18, 0x33, 0xA3, 0x19,
    0xFE, 0x7E, 0xFE, 0xFE, 0x7C, 0x7C, 0xFC, 0xFE, 0x80, 0x80, 0x80, 0x00, 0x80, 0x80, 0x00, 0x00,
    0xAB, 0xAB, 0xAB, 0xFF, 0x8F, 0xF8, 0x0F, 0x00, 0x54, 0x54, 0x54, 0x00, 0x70, 0x07, 0x00, 0x00,
    0xFF, 0xEB, 0xE7, 0xED, 0x7F, 0xB7, 0xFF, 0x1F, 0x00, 0x14, 0x19, 0x13, 0x81, 0xC9, 0x00, 0x00,
    0xE1, 0xC0, 0xE0, 0xE0, 0xE1, 0xE7, 0xFE, 0xF0, 0x1E, 0xFF, 0xFF, 0xFF, 0xFE, 0xF8, 0xC0, 0x00,
    0x00, 0x00, 0x00, 0x00, 0x00, 0x00, 0x00, 0x00, 0x00, 0x00, 0x00, 0x00, 0x00, 0x00, 0x00, 0x00,
    0x00, 0x00, 0x00, 0x00, 0x00, 0x00, 0x00, 0x00, 0x00, 0x00, 0x00, 0x00, 0x00, 0x00, 0x00, 0x00,
    0x00, 0x00, 0x00, 0x00, 0x00, 0x00, 0x00, 0x00, 0x00, 0x00, 0x00, 0x00, 0x00, 0x00, 0x00, 0x00,
    0x00, 0x00, 0x00, 0x00, 0x00, 0x00, 0x00, 0x00, 0x00, 0x00, 0x00, 0x00, 0x00, 0x00, 0x00, 0x00,
    0x00, 0x00, 0x00, 0x00, 0x00, 0x00, 0x00, 0x00, 0x00, 0x00, 0x00, 0x00, 0x00, 0x00, 0x00, 0x00,
    0x00, 0x00, 0x00, 0x00, 0x00, 0x00, 0x00, 0x00, 0x00, 0x00, 0x00, 0x00, 0x00, 0x00, 0x00, 0x00,
    0x00, 0x00, 0x00, 0x00, 0x00, 0x00, 0x00, 0x00, 0x00, 0x00, 0x00, 0x00, 0x00, 0x00, 0x00, 0x00,
    0x00, 0x00, 0x00, 0x00, 0x00, 0x00, 0x00, 0x00, 0x00, 0x00, 0x00, 0x00, 0x00, 0x00, 0x00, 0x00,
    0x00, 0x00, 0x00, 0x00, 0x00, 0x00, 0x00, 0x00, 0x00, 0x00, 0x00, 0x00, 0x00, 0x00, 0x00, 0x00,
    0x00, 0x00, 0x00, 0x00, 0x00, 0x00, 0x00, 0x00, 0x00, 0x00, 0x00, 0x00, 0x00, 0x00, 0x00, 0x00,
    0x00, 0x00, 0x00, 0x00, 0x00, 0x00, 0x00, 0x00, 0x00, 0x00, 0x00, 0x00, 0x00, 0x00, 0x00, 0x00,
    0x00, 0x00, 0x00, 0x00, 0x00, 0x00, 0x00, 0x00, 0x00, 0x00, 0x00, 0x00, 0x00, 0x00, 0x00, 0x00,
    0x00, 0x00, 0x00, 0x00, 0x00, 0x00, 0x00, 0x00, 0x00, 0x00, 0x00, 0x00, 0x00, 0x00, 0x00, 0x00,
    0x00, 0x00, 0x00, 0x00, 0x00, 0x00, 0x00, 0x00, 0x00, 0x00, 0x00, 0x00, 0x00, 0x00, 0x00, 0x00,
    0x00, 0x00, 0x00, 0x00, 0x00, 0x00, 0x00, 0x00, 0x00, 0x00, 0x00, 0x00, 0x00, 0x00, 0x00, 0x00,
    0x00, 0x00, 0x00, 0x00, 0x00, 0x00, 0x00, 0x00, 0x00, 0x00, 0x00, 0x00, 0x00, 0x00, 0x00, 0x00,
    0x00, 0x00, 0x00, 0x00, 0x00, 0x00, 0x00, 0x00, 0x00, 0x00, 0x00, 0x00, 0x00, 0x00, 0x00, 0x00,
    0x00, 0x00, 0x00, 0x00, 0x00, 0x00, 0x00, 0x00, 0x00, 0x00, 0x00, 0x00, 0x00, 0x00, 0x00, 0x00,
    0x00, 0x00, 0x00, 0x00, 0x00, 0x00, 0x00, 0x00, 0x00, 0x00, 0x00, 0x00, 0x00, 0x00, 0x00, 0x00,
    0x00, 0x00, 0x00, 0x00, 0x00, 0x00, 0x00, 0x00, 0x00, 0x00, 0x00, 0x00, 0x00, 0x00, 0x00, 0x00,
    0x00, 0x00, 0x00, 0x00, 0x00, 0x00, 0x00, 0x00, 0x00, 0x00, 0x00, 0x00, 0x00, 0x00, 0x00, 0x00,
    0x00, 0x00, 0x00, 0x00, 0x00, 0x00, 0x00, 0x00, 0x00, 0x00, 0x00, 0x00, 0x00, 0x00, 0x00, 0x00,
    0x00, 0x00, 0x00, 0x00, 0x00, 0x00, 0x00, 0x00, 0x00, 0x00, 0x00, 0x00, 0x00, 0x00, 0x00, 0x00,
    0x00, 0x00, 0x00, 0x00, 0x00, 0x00, 0x00, 0x00, 0x00, 0x00, 0x00, 0x00, 0x00, 0x00, 0x00, 0x00,
    0x00, 0x00, 0x00, 0x00, 0x00, 0x00, 0x00, 0x00, 0x00, 0x00, 0x00, 0x00, 0x00, 0x00, 0x00, 0x00,
    0x00, 0x00, 0x00, 0x00, 0x00, 0x00, 0x00, 0x00, 0x00, 0x00, 0x00, 0x00, 0x00, 0x00, 0x00, 0x00,
    0x00, 0x00, 0x00, 0x00, 0x00, 0x00, 0x00, 0x00, 0x00, 0x00, 0x00, 0x00, 0x00, 0x00, 0x00, 0x00,
    0x00, 0x00, 0x00, 0x00, 0x00, 0x00, 0x00, 0x00, 0x00, 0x00, 0x00, 0x00, 0x00, 0x00, 0x00, 0x00,
    0x00, 0x00, 0x00, 0x00, 0x00, 0x00, 0x00, 0x00, 0x00, 0x00, 0x00, 0x00, 0x00, 0x00, 0x00, 0x00,
    0x00, 0x00, 0x00, 0x00, 0x00, 0x00, 0x00, 0x00, 0x00, 0x00, 0x00, 0x00, 0x00, 0x00, 0x00, 0x00,
    0x00, 0x00, 0x00, 0x00, 0x00, 0x00, 0x00, 0x00, 0x00, 0x00, 0x00, 0x00, 0x00, 0x00, 0x00, 0x00,
    0x00, 0x00, 0x00, 0x00, 0x00, 0x00, 0x00, 0x00, 0x00, 0x00, 0x00, 0x00, 0x00, 0x00, 0x00, 0x00,
    0x00, 0x00, 0x00, 0x00, 0x00, 0x00, 0x00, 0x00, 0x00, 0x00, 0x00, 0x00, 0x00, 0x00, 0x00, 0x00,
    0x00, 0x00, 0x00, 0x00, 0x00, 0x00, 0x00, 0x00, 0x00, 0x00, 0x00, 0x00, 0x00, 0x00, 0x00, 0x00,
    0x00, 0x00, 0x00, 0x00, 0x00, 0x00, 0x00, 0x00, 0x00, 0x00, 0x00, 0x00, 0x00, 0x00, 0x00, 0x00,
    0x00, 0x00, 0x00, 0x00, 0x00, 0x00, 0x00, 0x00, 0x00, 0x00, 0x00, 0x00, 0x00, 0x00, 0x00, 0x00,
    0x00, 0x00, 0x00, 0x00, 0x00, 0x00, 0x00, 0x00, 0x00, 0x00, 0x00, 0x00, 0x00, 0x00, 0x00, 0x00,
    0x00, 0x00, 0x00, 0x00, 0x00, 0x00, 0x00, 0x00, 0x00, 0x00, 0x00, 0x00, 0x00, 0x00, 0x00, 0x00,
    0x00, 0x00, 0x00, 0x00, 0x00, 0x00, 0x00, 0x00, 0x00, 0x00, 0x00, 0x00, 0x00, 0x00, 0x00, 0x00,
    0x00, 0x00, 0x00, 0x00, 0x00, 0x00, 0x00, 0x00, 0x00, 0x00, 0x00, 0x00, 0x00, 0x00, 0x00, 0x00,
    0x00, 0x00, 0x00, 0x00, 0x00, 0x00, 0x00, 0x00, 0x00, 0x00, 0x00, 0x00, 0x00, 0x00, 0x00, 0x00,
    0x00, 0x00, 0x00, 0x00, 0x00, 0x00, 0x00, 0x00, 0x00, 0x00, 0x00, 0x00, 0x00, 0x00, 0x00, 0x00,
    0x00, 0x00, 0x00, 0x00, 0x00, 0x00, 0x00, 0x00, 0x00, 0x00, 0x00, 0x00, 0x00, 0x00, 0x00, 0x00,
    0x00, 0x00, 0x00, 0x00, 0x00, 0x00, 0x00, 0x00, 0x00, 0x00, 0x00, 0x00, 0x00, 0x00, 0x00, 0x00,
    0x00, 0x00, 0x00, 0x00, 0x00, 0x00, 0x00, 0x00, 0x00, 0x00, 0x00, 0x00, 0x00, 0x00, 0x00, 0x00,
    0x00, 0x00, 0x00, 0x00, 0x00, 0x00, 0x00, 0x00, 0x00, 0x00, 0x00, 0x00, 0x00, 0x00, 0x00, 0x00,
    0x00, 0x00, 0x00, 0x00, 0x00, 0x00, 0x00, 0x00, 0x00, 0x00, 0x00, 0x00, 0x00, 0x00, 0x00, 0x00,
    0x00, 0x00, 0x00, 0x00, 0x00, 0x00, 0x00, 0x00, 0x00, 0x00, 0x00, 0x00, 0x00, 0x00, 0x00, 0x00,
    0x00, 0x00, 0x00, 0x00, 0x00, 0x00, 0x00, 0x00, 0x00, 0x00, 0x00, 0x00, 0x00, 0x00, 0x00, 0x00,
    0x00, 0x00, 0x00, 0x00, 0x00, 0x00, 0x00, 0x00, 0x00, 0x00, 0x00, 0x00, 0x00, 0x00, 0x00, 0x00,
    0x00, 0x00, 0x00, 0x00, 0x00, 0x00, 0x00, 0x00, 0x00, 0x00, 0x00, 0x00, 0x00, 0x00, 0x00, 0x00,
    0x00, 0x00, 0x00, 0x00, 0x00, 0x00, 0x00, 0x00, 0x00, 0x00, 0x00, 0x00, 0x00, 0x00, 0x00, 0x00,
    0x00, 0x00, 0x00, 0x00, 0x00, 0x00, 0x00, 0x00, 0xFF, 0xFF, 0xFF, 0xFF, 0xFF, 0xFF, 0xFF, 0xFF,
    0xFF, 0xFF, 0xFF, 0xFF, 0xFF, 0xFF, 0xFF, 0xFF, 0x00, 0x00, 0x00, 0x00, 0x00, 0x00, 0x00, 0x00,
    0x00, 0x00, 0x00, 0x00, 0x00, 0x00, 0x03, 0x0C, 0x03, 0x07, 0x07, 0x07, 0x0F, 0x0F, 0x0C, 0x03,
    0x00, 0x00, 0x00, 0x00, 0x00, 0x00, 0xC0, 0x30, 0xC0, 0xE0, 0xE0, 0xE0, 0xF0, 0xF0, 0x30, 0xC0,
    0x00, 0x00, 0x00, 0x00, 0x00, 0x00, 0x00, 0x00, 0x00, 0x00, 0x00, 0x00, 0x00, 0x00, 0x01, 0x03,
    0x00, 0x00, 0x00, 0x00, 0x00, 0x00, 0x00, 0x00, 0x00, 0x00, 0x00, 0x00, 0x00, 0x00, 0x80, 0xC0,
    0x00, 0x00, 0x00, 0x00, 0x00, 0x00, 0x00, 0x7E, 0xFF, 0xFF, 0xFF, 0xFF, 0xFF, 0xFF, 0xFF, 0xBF,
    0x00, 0x00, 0x00, 0x00, 0x00, 0x00, 0x03, 0xFF, 0xFF, 0xFF, 0xFF, 0xFF, 0xFF, 0xFF, 0xFC, 0x80,
    0x00, 0x00, 0x00, 0x00, 0x00, 0x7C, 0xFF, 0xFF, 0xFF, 0xFF, 0xFF, 0xFF, 0xFF, 0xBF, 0x80, 0x10,
    0x00, 0x00, 0x00, 0x00, 0x1F, 0xFF, 0xFF, 0xFF, 0xFF, 0xFF, 0xFF, 0xFF, 0xFE, 0x33, 0x00, 0x00,
    0x00, 0x00, 0x01, 0x1F, 0xFF, 0xFF, 0xFF, 0xFF, 0xFF, 0xFF, 0xFF, 0xE0, 0x00, 0x00, 0x00, 0x00,
    0x00, 0x00, 0x00, 0xC0, 0xF8, 0xFF, 0xFF, 0xFF, 0xFF, 0xFF, 0xFF, 0xFF, 0x6F, 0xC0, 0x7F, 0x01,
    0x00, 0x00, 0x00, 0x00, 0x00, 0xFC, 0xFF, 0xFF, 0xFF, 0xFF, 0xFF, 0xFF, 0xFF, 0x3F, 0x80, 0x10,
    0x00, 0x00, 0x00, 0x00, 0x07, 0x3F, 0xFF, 0xFF, 0xFF, 0xFF, 0xFF, 0xFF, 0xF8, 0xC1, 0x02, 0x00,
    0x00, 0x07, 0x7F, 0xFF, 0xFF, 0xFF, 0xFF, 0xFF, 0xFF, 0xFE, 0xBC, 0x80, 0x10, 0x00, 0x03, 0x04,
    0x1F, 0xFF, 0xFF, 0xFF, 0xFF, 0xFF, 0xFF, 0xFF, 0xE1, 0xB9, 0x70, 0x10, 0x82, 0x40, 0x80, 0x00,
    0xFF, 0xFF, 0xFF, 0xFF, 0xFF, 0xFF, 0xFF, 0xFF, 0x71, 0x01, 0x09, 0x18, 0x19, 0x00, 0x00, 0x1F,
    0xF0, 0xFC, 0xFF, 0xFF, 0xFF, 0xFF, 0xFF, 0xFF, 0xEF, 0xDF, 0xFF, 0xF7, 0x3B, 0x1D, 0x00, 0xE0,
    0x00, 0x00, 0xFF, 0xFF, 0xFF, 0xFF, 0xFF, 0xFF, 0xFF, 0xFF, 0xF9, 0xFC, 0xBE, 0xE3, 0xE2, 0x00,
    0x00, 0x00, 0x00, 0x00, 0x60, 0xFF, 0xFF, 0xFF, 0xFF, 0xFF, 0xFF, 0xFF, 0x9F, 0x00, 0x00, 0x00,
    0x00, 0x00, 0x00, 0x00, 0x00, 0x00, 0xC0, 0xFF, 0xFF, 0xFF, 0xFF, 0xFF, 0xFF, 0xFF, 0x7F, 0x03,
    0x00, 0x00, 0x00, 0x00, 0x00, 0x00, 0x03, 0xFF, 0xFF, 0xFF, 0xFF, 0xFF, 0xFF, 0xFF, 0xFF, 0xFF,
    0x00, 0x78, 0x7F, 0x7F, 0x7F, 0x7F, 0x7F, 0xFF, 0xFF, 0xFF, 0xB9, 0xB9, 0xF9, 0xFF, 0xFF, 0xFE,
    0x00, 0x00, 0x00, 0x07, 0x7F, 0x7F, 0xFF, 0xFF, 0xFF, 0xFF, 0xFF, 0xFF, 0xFF, 0xFF, 0xFF, 0xFE,
    0x00, 0x1F, 0xFF, 0xFF, 0xFF, 0xFF, 0xFF, 0xFF, 0xFF, 0xFA, 0xCF, 0x83, 0x88, 0xC8, 0xE8, 0xD8,
    0x00, 0xD4, 0xFE, 0xFF, 0xFF, 0xFF, 0xFF, 0xFF, 0xFF, 0x2F, 0xC1, 0xB0, 0x01, 0x00, 0x14, 0xC0,
    0x00, 0x00, 0x00, 0x00, 0x80, 0xE0, 0xFB, 0xFF, 0xFF, 0xFF, 0xFF, 0xFF, 0x7F, 0x1F, 0x04, 0x00,
    0x00, 0x00, 0x00, 0x00, 0x80, 0xE0, 0xF0, 0xF0, 0xFF, 0xFF, 0xFF, 0xFF, 0xFF, 0x1F, 0x0F, 0x8F,
    0x1F, 0x3F, 0x7F, 0x7F, 0xFF, 0xFF, 0xFF, 0xFF, 0xE7, 0xEF, 0xFF, 0xFD, 0x7D, 0xFB, 0xFF, 0xFF,
    0xFF, 0xFF, 0xFF, 0xFF, 0xFF, 0xFF, 0xFF, 0xFF, 0xFF, 0xF7, 0xFE, 0x8D, 0xB9, 0x8D, 0xFB, 0x80,
    0xFF, 0xFF, 0xFF, 0xFF, 0xFF, 0xFF, 0xFF, 0xFF, 0xFC, 0xFC, 0xF8, 0xFC, 0xFC, 0x7E, 0x7C, 0xF5,
    0xFF, 0xFF, 0xFF, 0xFF, 0xFF, 0xFF, 0xFF, 0xFF, 0xBD, 0x70, 0xF0, 0xF2, 0xFC, 0xD4, 0xDC, 0x87,
    0xFF, 0xFF, 0xFF, 0xFF, 0xFF, 0xFF, 0xFF, 0xFF, 0xB8, 0xC0, 0x53, 0x49, 0x88, 0x7A, 0x97, 0xA1,
    0xFF, 0xFF, 0xFF, 0xFF, 0xFF, 0xFF, 0xFF, 0xFF, 0xC4, 0x7C, 0xFE, 0xD8, 0x01, 0x82, 0xE2, 0xEC,
    0xFF, 0xFF, 0xFF, 0xFF, 0xFF, 0xFF, 0xFF, 0xFF, 0x08, 0xF9, 0xF0, 0x70, 0xF0, 0xF3, 0xE7, 0x67,
    0xF8, 0xFC, 0xFC, 0xFC, 0xFC, 0xFC, 0xFC, 0xFC, 0x8F, 0xFB, 0xF3, 0xF3, 0xF3, 0xF3, 0xE7, 0xE7,
    0x00, 0x00, 0x00, 0x00, 0x04, 0x1D, 0x1F, 0x3F, 0xFF, 0xFF, 0xFF, 0xFF, 0xFB, 0xE2, 0xE0, 0xC0,
    0x00, 0x00, 0x00, 0x00, 0xF8, 0xFF, 0xFF, 0xFF, 0xFF, 0xFF, 0xFF, 0xFF, 0x07, 0x00, 0x00, 0x00,
    0x00, 0x00, 0x00, 0x00, 0x07, 0x3F, 0xFF, 0xFF, 0xFF, 0xFF, 0xFF, 0xFF, 0xF8, 0xC0, 0x00, 0x00,
    0x00, 0x00, 0x01, 0x1F, 0xFF, 0xFF, 0xFF, 0xFF, 0xFF, 0xFF, 0xFF, 0xE0, 0x06, 0x02, 0x00, 0x00,
    0x03, 0x07, 0x7F, 0xFF, 0xFF, 0xFF, 0xFF, 0xFF, 0xFE, 0xFE, 0xBC, 0x80, 0x00, 0x00, 0x00, 0x01,
    0x1F, 0xFF, 0xFF, 0xFF, 0xFF, 0xFF, 0xFF, 0xFF, 0xE1, 0xB9, 0x70, 0x00, 0x00, 0x04, 0x02, 0x0C,
    0xFF, 0xFF, 0xFF, 0xFF, 0xFF, 0xFF, 0xFF, 0xFF, 0x71, 0x01, 0x09, 0x18, 0x40, 0x60, 0x60, 0x60,
    0xF0, 0xFC, 0xFF, 0xFF, 0xFF, 0xFF, 0xFF, 0xFF, 0xEF, 0xDF, 0xFF, 0xF2, 0x20, 0x00, 0x18, 0x10,
    0x07, 0x07, 0xFF, 0xFF, 0xFF, 0xFF, 0xFF, 0xFF, 0xF8, 0xF8, 0xA0, 0x81, 0x00, 0x00, 0x00, 0x00,
    0x7D, 0xFF, 0xFF, 0xFF, 0xFF, 0xFF, 0xFF, 0xFF, 0x82, 0x00, 0x00, 0x00, 0x01, 0x01, 0x00, 0x00,
    0x00, 0x00, 0x2D, 0xFF, 0xFF, 0xFF, 0xFF, 0xFF, 0xFF, 0xFF, 0xD2, 0x00, 0x00, 0x00, 0x08, 0xC4,
    0x00, 0x00, 0xF1, 0xFF, 0xFF, 0xFF, 0xFF, 0xFF, 0xFF, 0xFF, 0x0F, 0x00, 0x2E, 0x16, 0x6A, 0x20,
    0x00, 0x00, 0x00, 0xC0, 0xF8, 0xFF, 0xFF, 0xFF, 0xFF, 0xFF, 0xFF, 0x7F, 0x0F, 0x00, 0xA0, 0x00,
    0x00, 0x01, 0x03, 0x6F, 0x7F, 0xFF, 0xFF, 0xFF, 0xFF, 0xFE, 0xFC, 0x90, 0x80, 0x00, 0x00, 0x00,
    0x00, 0x80, 0xF8, 0xFE, 0xFF, 0xFF, 0xFF, 0xFF, 0xFF, 0x7F, 0x07, 0x01, 0x00, 0x00, 0x00, 0x00,
    0x00, 0x00, 0x00, 0x00, 0x00, 0x80, 0xF0, 0xFE, 0xFF, 0xFF, 0xFF, 0xFF, 0xFF, 0x7F, 0x0F, 0x01,
    0x00, 0x00, 0x00, 0x00, 0x00, 0x00, 0x00, 0x07, 0xFF, 0xFF, 0xFF, 0xFF, 0xFF, 0xFF, 0xFF, 0xFF,
    0x00, 0x00, 0x00, 0x00, 0x00, 0x00, 0x00, 0xFF, 0xFF, 0xFF, 0xFF, 0xFF, 0xFF, 0xFF, 0xFF, 0xF1,
    0x00, 0x00, 0x00, 0x00, 0x00, 0x00, 0x00, 0xFF, 0xFF, 0xFF, 0xFF, 0xFF, 0xFF, 0xFF, 0xFF, 0x3F,
    0x00, 0x00, 0x00, 0x00, 0x00, 0x00, 0x00, 0xFF, 0xFF, 0xFF, 0xFF, 0xFF, 0xFF, 0xFF, 0xFF, 0xFF,
    0x00, 0x00, 0x00, 0x00, 0x00, 0x00, 0x00, 0xFF, 0xFF, 0xFF, 0xFF, 0xFF, 0xFF, 0xFF, 0xFF, 0xE8,
    0x2B, 0xFF, 0xFF, 0xFD, 0xFF, 0xFD, 0xFF, 0xFD, 0xD4, 0xFF, 0xFF, 0xFF, 0xFF, 0xFF, 0xFF, 0xFF,
    0x00, 0x84, 0x80, 0xAA, 0xAA, 0x80, 0xAA, 0xAA, 0x7F, 0xBB, 0x80, 0x80, 0x80, 0x80, 0x80, 0x80,
    0x0F, 0x0F, 0x07, 0x07, 0x07, 0x07, 0x07, 0x07, 0xF7, 0xF0, 0xFA, 0xF8, 0xF8, 0xF9, 0xFA, 0xF9,
    0x55, 0xFF, 0xFF, 0xFF, 0xFF, 0xFF, 0xFF, 0xFF, 0x55, 0x00, 0xFF, 0x55, 0xFE, 0x55, 0xFF, 0x55,
    0x40, 0xC0, 0x80, 0x80, 0x80, 0x80, 0x80, 0x80, 0x7F, 0x3F, 0x7F, 0x7F, 0xFF, 0x7F, 0xFF, 0x7F,
    0x07, 0x07, 0x07, 0x07, 0x07, 0x07, 0x07, 0x07, 0xFF, 0xFF, 0xFF, 0xFF, 0xFF, 0xFF, 0xFF, 0xFF,
    0x10, 0x7F, 0x7B, 0x7B, 0x7B, 0x7B, 0x7B, 0x7B, 0xEF, 0x80, 0x84, 0x84, 0x84, 0x84, 0x84, 0x84,
    0x40, 0xFF, 0xFF, 0x7F, 0xF0, 0x70, 0xF7, 0xB0, 0xBF, 0x00, 0x00, 0x80, 0x0F, 0x8F, 0x08, 0x4F,
    0x00, 0xFF, 0xFF, 0xFF, 0x00, 0x00, 0xD3, 0x13, 0xFF, 0x00, 0x00, 0x00, 0xFF, 0xFF, 0x2D, 0xEF,
    0x06, 0xDF, 0xDF, 0xEF, 0xFF, 0xFE, 0xFF, 0xFF, 0xF9, 0x20, 0x20, 0x30, 0x00, 0x79, 0xFE, 0xFF,
    0xFF, 0xFF, 0x7D, 0x7F, 0xFF, 0xFD, 0xFF, 0xFF, 0xFF, 0xFF, 0x7F, 0x7F, 0xFF, 0xFF, 0xFF, 0xFF,
    0x80, 0xAA, 0xAA, 0x80, 0xAA, 0xAA, 0x80, 0x80, 0x80, 0x80, 0x80, 0x80, 0x80, 0x80, 0x80, 0x80,
    0x00, 0x00, 0x00, 0x00, 0x00, 0x00, 0xFF, 0xFF, 0xFF, 0xFF, 0xFF, 0xFF, 0xFF, 0xFF, 0x3F, 0x3F,
    0x00, 0x00, 0x00, 0x00, 0x00, 0x00, 0xFF, 0xFF, 0xFF, 0xFF, 0xFF, 0xFF, 0xFF, 0xFF, 0xFE, 0xFE,
    0x07, 0x0F, 0x0F, 0x0F, 0x0F, 0x1F, 0x1F, 0x1F, 0xFA, 0xF1, 0xF3, 0xF5, 0xF3, 0xE5, 0xEB, 0xE5,
    0xFF, 0xFF, 0xFF, 0xFF, 0xFF, 0xFF, 0xFF, 0xFF, 0xFF, 0x57, 0xFF, 0x57, 0xFF, 0x57, 0xFF, 0x57,
    0x80, 0xC0, 0xC0, 0xC0, 0xC0, 0xE0, 0xE0, 0xE0, 0xFF, 0x7F, 0xFF, 0x7F, 0xBF, 0x7F, 0xBF, 0xDF,
    0x07, 0x07, 0x07, 0x7F, 0x7F, 0x7F, 0x7F, 0x7F, 0xFF, 0xFF, 0xFF, 0xFF, 0x80, 0xFF, 0xC0, 0xFF,
    0x79, 0x0B, 0x68, 0x16, 0xF8, 0x11, 0xF9, 0x00, 0x86, 0xF4, 0xF7, 0xEF, 0x07, 0xEE, 0x06, 0xFF,
    0xB7, 0x10, 0x37, 0xFF, 0x0F, 0xFF, 0xFF, 0xFD, 0x48, 0xEF, 0xE8, 0xEF, 0xFF, 0x00, 0x00, 0x02,
    0xD7, 0x15, 0xD7, 0xFF, 0xFF, 0x9F, 0xFF, 0x87, 0x2F, 0xEF, 0x2F, 0xD7, 0xD7, 0x67, 0x07, 0x7F,
    0xFF, 0x41, 0xE9, 0xE9, 0xE9, 0xE9, 0xE9, 0xE9, 0xFF, 0xFE, 0xFE, 0xFE, 0xFE, 0xFE, 0xFE, 0xFE,
    0x7F, 0xFF, 0xFF, 0xEF, 0xFF, 0xFF, 0xFF, 0xFF, 0xFF, 0x7F, 0x7F, 0x73, 0x12, 0x51, 0x03, 0x00,
    0x80, 0x81, 0xFF, 0xFF, 0xFF, 0x80, 0x91, 0xFF, 0xFF, 0x81, 0xBF, 0xBF, 0x00, 0xFF, 0x80, 0x00,
    0xFF, 0xFF, 0xFF, 0xFF, 0xFF, 0x7F, 0x7F, 0xFF, 0x18, 0x1F, 0x70, 0x40, 0x00, 0x80, 0x3E, 0x34,
    0xFF, 0xFF, 0xFF, 0xFF, 0xFF, 0xFF, 0xFF, 0xFF, 0x00, 0xFE, 0x00, 0x00, 0x00, 0x72, 0x7F, 0x7F,
    0x1F, 0x3F, 0x3F, 0x3F, 0xFF, 0xFF, 0xFF, 0xFF, 0xEB, 0xD5, 0xCF, 0xD7, 0x2B, 0x15, 0x2F, 0x55,
    0xFF, 0xFF, 0xFF, 0xFF, 0xFF, 0xFF, 0xFF, 0xFF, 0xFF, 0x5F, 0xFF, 0x5F, 0xFF, 0x7F, 0xFF, 0x7F,
    0xE0, 0xF0, 0xF0, 0xF0, 0xFF, 0xFF, 0xFF, 0xFF, 0xBF, 0xDF, 0xEF, 0xDF, 0xE8, 0xD0, 0xE8, 0x51,
    0x07, 0xFF, 0xFF, 0xFF, 0xFF, 0xFF, 0xFF, 0xFF, 0xFF, 0xE7, 0xE7, 0x6F, 0x00, 0xFF, 0xC0, 0xFF,
    0x00, 0xFF, 0xFF, 0xFF, 0xFF, 0xFF, 0xFF, 0xFF, 0xFF, 0xFF, 0xFF, 0x0C, 0x00, 0x83, 0xFB, 0xFB,
    0xFF, 0xFF, 0xFF, 0xFF, 0xFF, 0xFF, 0xFF, 0xFF, 0xEF, 0x80, 0x84, 0x84, 0x84, 0x84, 0x84, 0x84,
    0x00, 0xFF, 0xFF, 0xFF, 0xFF, 0xFF, 0xFF, 0xFF, 0xFF, 0xFF, 0xFF, 0x8C, 0x00, 0x03, 0xFB, 0xFB,
    0x00, 0xFF, 0xFF, 0x00, 0xFD, 0xFF, 0x00, 0x00, 0xFF, 0x00, 0x00, 0xFF, 0x02, 0x00, 0x00, 0x00,
    0x7F, 0x7F, 0xFF, 0x80, 0xFF, 0xFF, 0xFF, 0xFE, 0xFF, 0xFF, 0x7F, 0x7F, 0x00, 0x00, 0x00, 0x01,
    0xFF, 0xFF, 0xFF, 0x00, 0x9F, 0xFF, 0xFF, 0xDF, 0xFF, 0xFF, 0xFF, 0xFF, 0x60, 0x00, 0x00, 0x60,
    0xFF, 0xFF, 0xFF, 0x00, 0xCF, 0xFF, 0xF0, 0xF8, 0xFF, 0xFF, 0xFF, 0xFF, 0x30, 0x00, 0x0F, 0x07,
    0x80, 0x80, 0xC1, 0xDF, 0xC7, 0xFF, 0x40, 0x40, 0x7F, 0x7F, 0x3E, 0x20, 0x38, 0x00, 0x80, 0x80,
    0x0C, 0xFF, 0xFF, 0xCC, 0xAF, 0xFF, 0x00, 0x00, 0xF3, 0x00, 0x00, 0x33, 0x50, 0x00, 0x00, 0x00,
    0x00, 0xFF, 0xFF, 0x00, 0xFE, 0xFF, 0x00, 0x00, 0xFF, 0x00, 0x00, 0xFF, 0x01, 0x00, 0x00, 0x00,
    0x47, 0xE0, 0xC0, 0x60, 0x60, 0xFF, 0x00, 0x00, 0xB8, 0x1F, 0x3F, 0x9F, 0x9F, 0x00, 0x00, 0x00,
    0xDF, 0x21, 0xFF, 0x01, 0x81, 0x81, 0x01, 0x01, 0x20, 0xDE, 0x00, 0xFE, 0x7E, 0x7E, 0x7E, 0x7E,
    0xD5, 0x81, 0xFF, 0x81, 0xEE, 0xD5, 0xBB, 0xFF, 0x2A, 0x7F, 0x00, 0x7F, 0x11, 0x2A, 0x44, 0x00,
    0x55, 0x15, 0xFF, 0x7E, 0xEE, 0x55, 0xBB, 0xFF, 0xAA, 0xFF, 0x00, 0xFF, 0x11, 0xAA, 0x44, 0x00,
    0x57, 0x43, 0xFF, 0x82, 0xEF, 0x57, 0xBB, 0xFF, 0xA9, 0xFD, 0x01, 0xFD, 0x10, 0xA8, 0x44, 0x00,
    0xB0, 0x72, 0xFF, 0xFF, 0xFF, 0xFF, 0xFF, 0xFF, 0x4F, 0x8D, 0x00, 0x00, 0x00, 0x00, 0x00, 0x00,
    0x00, 0x7D, 0x3F, 0x7D, 0x3F, 0x3F, 0x3F, 0x3F, 0xFF, 0x83, 0xC0, 0x82, 0xC0, 0xC0, 0xC0, 0xC0,
    0x00, 0x00, 0x00, 0x00, 0xFF, 0x01, 0xF7, 0xFF, 0xFF, 0xFF, 0xFF, 0xFF, 0x00, 0xFE, 0x08, 0x07,
    0x00, 0x00, 0x00, 0x00, 0x00, 0x00, 0xE0, 0xE0, 0xFF, 0xFF, 0xFF, 0xFF, 0xFF, 0xFF, 0x1F, 0x1F,
    0x1E, 0x1E, 0x1E, 0x1E, 0x1E, 0x1E, 0x1E, 0x1E, 0xE1, 0xF1, 0xF9, 0xFD, 0xF9, 0xF9, 0xF9, 0xFD,
    0xF0, 0xF0, 0xF0, 0xF0, 0xF0, 0xF0, 0xF0, 0xF0, 0x0F, 0x8F, 0x8F, 0xEF, 0xCF, 0xCF, 0xCF, 0xCF,
    0x00, 0x00, 0x00, 0x00, 0x00, 0x00, 0x00, 0x7F, 0xFF, 0xFF, 0xFF, 0xFF, 0xFF, 0xFF, 0xFF, 0xFF,
    0x3D, 0x3D, 0x3D, 0x3D, 0x3D, 0x3D, 0x3D, 0xFF, 0xC2, 0xC2, 0xC2, 0xC2, 0xC2, 0xC2, 0xC2, 0xC2,
    0x7F, 0x07, 0x1F, 0x07, 0x07, 0x07, 0x07, 0x07, 0x87, 0xFF, 0xE7, 0xFF, 0xFF, 0xFF, 0xFF, 0xFF,
    0xE0, 0xE0, 0xFC, 0xF4, 0xF4, 0xFC, 0xF4, 0xF4, 0x1F, 0x1F, 0x43, 0x4B, 0x4B, 0x43, 0x4B, 0x4B,
    0x00, 0x00, 0x00, 0x06, 0x0F, 0x0F, 0x06, 0x0F, 0xFF, 0xFF, 0xFF, 0xFF, 0xF0, 0xFF, 0xFF, 0xF0,
    0x01, 0x01, 0x01, 0x01, 0x01, 0x01, 0xFF, 0xAB, 0xFF, 0xFF, 0xFF, 0xFF, 0xFF, 0xFE, 0xFE, 0xFE,
    0xC0, 0xC0, 0xC0, 0xC0, 0xC3, 0xFF, 0xFF, 0xFF, 0xBF, 0x3F, 0xBF, 0xBF, 0xBC, 0x00, 0x01, 0x00,
    0x00, 0x00, 0x30, 0x20, 0xF8, 0xFC, 0xFC, 0xFC, 0xFF, 0xFF, 0xDF, 0xDF, 0x07, 0x07, 0x27, 0x07,
    0x00, 0x00, 0x00, 0x00, 0x00, 0x00, 0x7F, 0x7F, 0xFF, 0xFF, 0xFF, 0xFF, 0xFF, 0xFF, 0xFE, 0xFE,
    0x73, 0x73, 0x73, 0x77, 0x77, 0x77, 0xFF, 0xFF, 0x8E, 0x8E, 0x9E, 0x9E, 0x9E, 0xFE, 0xFE, 0xFF,
    0x1E, 0x1E, 0x1E, 0x1E, 0x1E, 0x1E, 0xFE, 0xFF, 0xFD, 0xFD, 0xFD, 0xF9, 0xFD, 0xF9, 0x59, 0x59,
    0x07, 0x07, 0x07, 0x07, 0x7F, 0x47, 0xC7, 0xC7, 0xF8, 0xFE, 0xFE, 0xFE, 0xC8, 0xBE, 0xBE, 0xBF,
    0x38, 0x38, 0x38, 0x38, 0xF9, 0xFF, 0x7F, 0xFF, 0xC7, 0xF7, 0xF7, 0xD7, 0x0F, 0xC1, 0xCD, 0xE4,
    0xF0, 0xF0, 0xF0, 0xF0, 0xF0, 0xF0, 0xF0, 0xF0, 0xCF, 0xEF, 0xCF, 0xCF, 0xCF, 0xEF, 0xEF, 0xEF,
    0xFF, 0xFF, 0xFF, 0xFF, 0xFF, 0xFF, 0xFF, 0xFF, 0xF7, 0xC7, 0x87, 0x00, 0x07, 0x02, 0x81, 0x01,
    0xFF, 0xFF, 0xFF, 0xFF, 0xFF, 0xFF, 0xFF, 0xFF, 0x00, 0x00, 0x00, 0x00, 0x80, 0x01, 0xD2, 0x40,
    0x07, 0x07, 0x27, 0xE7, 0xF7, 0xFF, 0xFF, 0xFF, 0xFF, 0xFF, 0xFF, 0xFF, 0x98, 0x87, 0x11, 0x00,
    0xF4, 0xF4, 0xFE, 0xFE, 0xFA, 0xFF, 0xFF, 0xFF, 0x4B, 0x4B, 0x43, 0x45, 0x4F, 0x01, 0xFF, 0x17,
    0x0F, 0x06, 0x06, 0x0F, 0x0F, 0xFF, 0xFF, 0xFF, 0xFD, 0xFF, 0xFF, 0xF0, 0xFD, 0xE2, 0xE7, 0xC0,
    0x00, 0x00, 0x00, 0x00, 0x00, 0xFF, 0xFF, 0xFF, 0xFF, 0xFF, 0xFF, 0xFF, 0xFF, 0x93, 0x97, 0x01,
    0xFF, 0xFF, 0x01, 0x07, 0xA7, 0xF7, 0xFF, 0xFF, 0xF8, 0x06, 0xFF, 0xFF, 0xFF, 0xFF, 0xF7, 0x87,
    0xFF, 0xFF, 0xFF, 0xFF, 0xFF, 0xFF, 0xFF, 0xFF, 0x00, 0x00, 0x64, 0x20, 0xC0, 0xE0, 0x81, 0xFE,
    0xFC, 0xFE, 0xFF, 0xFF, 0xFF, 0xFF, 0xFF, 0xFF, 0x07, 0x07, 0x01, 0x0E, 0x0A, 0x00, 0xCF, 0xFF,
    0xFF, 0xFF, 0xFF, 0xFF, 0xFF, 0xFF, 0xFF, 0xFF, 0xFC, 0xFE, 0x00, 0x00, 0x00, 0xF2, 0xFF, 0xFF,
    0xFF, 0xFF, 0xFF, 0xFF, 0xFF, 0xFF, 0xFF, 0xFF, 0xEF, 0x6F, 0x06, 0x02, 0x02, 0x02, 0x00, 0x3F,
    0xFF, 0xFF, 0xFF, 0xFF, 0xFF, 0xFF, 0xFF, 0xFF, 0x5B, 0x5F, 0x5C, 0x59, 0x48, 0x38, 0x21, 0xFF,
    0xE7, 0xFF, 0xFF, 0xFF, 0xFF, 0xFF, 0xFF, 0xFF, 0x7C, 0x50, 0x1F, 0x00, 0xC0, 0x10, 0x10, 0xFF,
    0xFF, 0xFF, 0xFF, 0xFF, 0xFF, 0xFF, 0xFF, 0xFF, 0x20, 0x80, 0x80, 0x40, 0x00, 0x20, 0x28, 0x02,
    0xFF, 0xFF, 0xFF, 0xFF, 0xFF, 0xFF, 0xFF, 0xFF, 0xE6, 0xE0, 0xC0, 0x00, 0x0A, 0x42, 0x7F, 0x06,
    0xFE, 0xFE, 0xFE, 0xFE, 0xFE, 0xFC, 0xFF, 0xF1, 0x01, 0x01, 0x01, 0x01, 0x01, 0x03, 0x01, 0x0F,
    0xBF, 0xB7, 0xF7, 0xF7, 0xA0, 0x8F, 0x00, 0x40, 0x40, 0x48, 0x08, 0x08, 0x5F, 0x70, 0xE0, 0xA0,
    0xFF, 0xF7, 0xF7, 0xBE, 0x48, 0xFF, 0x00, 0x00, 0x00, 0x08, 0x08, 0x49, 0xFF, 0x00, 0x00, 0x00,
    0xCF, 0x3F, 0x7F, 0x00, 0x00, 0xFF, 0x00, 0x00, 0x30, 0xC0, 0x80, 0xFF, 0xFF, 0x00, 0x00, 0x00,
    0x8F, 0x2F, 0x7F, 0x4F, 0x0F, 0xFF, 0x0F, 0x0F, 0xFF, 0xDF, 0xCF, 0xFF, 0xFF, 0x0F, 0x0F, 0x0F,
    0xFF, 0x83, 0xD3, 0xD3, 0xD3, 0xD3, 0xD3, 0xD3, 0xFF, 0xFC, 0xFC, 0xFC, 0xFC, 0xFC, 0xFC, 0xFC,
    0x8F, 0x7F, 0xFF, 0x0F, 0xFF, 0xFF, 0x0F, 0x8F, 0x7F, 0x8F, 0x0F, 0xFF, 0xFF, 0x0F, 0x0F, 0x0F,
    0xB3, 0x32, 0x33, 0x10, 0x10, 0xF0, 0x10, 0x9F, 0x4C, 0xCD, 0xED, 0xEF, 0xEF, 0x0F, 0x0F, 0x00,
    0xDF, 0x21, 0xFF, 0x00, 0x00, 0x00, 0x00, 0xFF, 0x20, 0xDE, 0x00, 0xFF, 0xFF, 0xFF, 0xFF, 0x00,
    0xC0, 0xC6, 0xC7, 0xFF, 0xFB, 0xFF, 0xFF, 0xFF, 0x3F, 0x3D, 0x3C, 0x04, 0x04, 0x00, 0x00, 0x00,
    0x7F, 0x7F, 0xC1, 0xF9, 0xFF, 0xFF, 0xFF, 0xFE, 0xFF, 0xFF, 0x3F, 0x06, 0x00, 0x00, 0x00, 0x01,
    0xDE, 0xF1, 0xF5, 0x0D, 0xEC, 0xFC, 0xF0, 0xF8, 0xF7, 0xDF, 0xCF, 0xFF, 0x13, 0x03, 0x0F, 0x07,
    0xB9, 0xB9, 0xBA, 0xFB, 0xFD, 0xFD, 0x00, 0x00, 0x66, 0x66, 0x67, 0x0E, 0x02, 0x02, 0xFF, 0xFF,
    0x00, 0x00, 0x00, 0x00, 0x00, 0x00, 0x00, 0x18, 0xFF, 0xFF, 0xFF, 0xFF, 0xFF, 0xFF, 0xFF, 0xFF,
    0x00, 0x00, 0x00, 0x00, 0x00, 0x00, 0x00, 0x03, 0xFF, 0xFF, 0xFF, 0xFF, 0xFF, 0xFF, 0xFF, 0xFF,
    0x00, 0x00, 0x00, 0x00, 0x00, 0x00, 0x00, 0x80, 0xFF, 0xFF, 0xFF, 0xFF, 0xFF, 0xFF, 0xFF, 0xFF,
    0x00, 0x00, 0x00, 0x00, 0x00, 0x0F, 0x3F, 0x7F, 0xFF, 0xFF, 0xFF, 0xFF, 0xFF, 0xFF, 0xFD, 0xFF,
    0x00, 0x00, 0x00, 0x00, 0x00, 0xF0, 0xFF, 0xFF, 0xFF, 0xFF, 0xFF, 0xFF, 0xFF, 0xFF, 0x7D, 0xFE,
    0x00, 0x00, 0x00, 0x00, 0x00, 0x00, 0x80, 0xE0, 0xFF, 0xFF, 0xFF, 0xFF, 0xFF, 0xFF, 0xFF, 0xFF,
    0x00, 0x00, 0x00, 0x00, 0x00, 0x00, 0x06, 0x06, 0xFF, 0xFF, 0xFF, 0xFF, 0xFF, 0xFF, 0xFF, 0xF9,
    0x00, 0x00, 0x00, 0x00, 0x00, 0x20, 0x03, 0x23, 0xFF, 0xFF, 0xFF, 0xFF, 0xFF, 0xDF, 0xFF, 0xDC,
    0x00, 0x00, 0x07, 0x0F, 0x3F, 0x3F, 0x3F, 0x3F, 0xFF, 0xFF, 0xFF, 0xFC, 0xF5, 0xC1, 0xF5, 0xF2,
    0x7E, 0xFF, 0xFF, 0xFF, 0xFF, 0xFF, 0xFF, 0xFF, 0xE7, 0x81, 0x08, 0x25, 0x97, 0x13, 0xF3, 0x71,
    0x00, 0x80, 0xE0, 0xF8, 0xFC, 0xFE, 0xFE, 0xFE, 0xFF, 0xFF, 0xFF, 0x1F, 0x87, 0xC7, 0xD7, 0xB7,
    0x0F, 0x1F, 0x7F, 0x7F, 0xFF, 0xFD, 0xFF, 0xFF, 0xFC, 0xF0, 0xE1, 0x84, 0x32, 0x22, 0xB2, 0x42,
    0xFF, 0xFF, 0xFF, 0xFF, 0xFF, 0xFF, 0xFF, 0xFF, 0xFF, 0x3F, 0x1F, 0xA3, 0xF0, 0x78, 0x7A, 0x36,
    0xC0, 0xF0, 0xFC, 0xFC, 0xFC, 0xFC, 0xFC, 0xFC, 0xFF, 0xFF, 0xFF, 0xF3, 0x5F, 0xFF, 0xFF, 0xFF,
    0x7F, 0xFF, 0xFF, 0xFF, 0xFF, 0xFF, 0xFF, 0xFF, 0xE0, 0xC0, 0xC0, 0x80, 0x80, 0x80, 0x80, 0x80,
    0xFF, 0xFF, 0xFF, 0xFF, 0xFF, 0xFF, 0xFF, 0xFF, 0x0E, 0x07, 0x07, 0x03, 0x03, 0x03, 0x03, 0x03,
    0xF0, 0xF8, 0xFC, 0xFC, 0xFC, 0xFC, 0xFC, 0xFC, 0xFF, 0x57, 0x77, 0x57, 0x77, 0x57, 0x77, 0x57,
    0x00, 0x00, 0x00, 0x00, 0x03, 0x07, 0x0F, 0x0F, 0xFF, 0xFF, 0xFF, 0xFF, 0xFE, 0xFC, 0xF5, 0xFC,
    0x00, 0x00, 0x00, 0x00, 0xF8, 0xFE, 0xFE, 0xFE, 0xFF, 0xFF, 0xFF, 0xFF, 0xFF, 0x3F, 0xC3, 0xFF,
    0x00, 0x00, 0x08, 0x23, 0x00, 0x90, 0x00, 0x00, 0x00, 0x00, 0x00, 0x00, 0x00, 0x00, 0x00, 0x00,
    0x09, 0x0F, 0x0F, 0x0D, 0x5E, 0xF7, 0x28, 0xBF, 0x00, 0x19, 0x10, 0x7F, 0x21, 0xFF, 0xD7, 0x40,
    0x24, 0x77, 0x77, 0xF7, 0x60, 0xBF, 0x2F, 0xF0, 0x00, 0x04, 0x88, 0x7F, 0x9F, 0xC0, 0xDF, 0x0F,
    0x80, 0x80, 0x80, 0xF8, 0xFF, 0x18, 0xFF, 0x4F, 0x00, 0xC0, 0x40, 0x7E, 0x00, 0xFF, 0x80, 0xBF,
    0x0C, 0x0C, 0x0D, 0x0C, 0x1E, 0x00, 0x08, 0x00, 0x33, 0x33, 0x32, 0x33, 0x21, 0x00, 0x00, 0x00,
    0x8E, 0x8E, 0x8E, 0x8E, 0x0E, 0x00, 0x08, 0x00, 0x71, 0x71, 0x71, 0x71, 0xF1, 0x00, 0x00, 0x00,
    0x0C, 0x0C, 0x48, 0x0C, 0x04, 0x00, 0x20, 0x80, 0xF2, 0xF2, 0xB6, 0xF2, 0xFA, 0x00, 0x00, 0x00,
    0x9D, 0x9D, 0xBD, 0xBD, 0xFD, 0x00, 0x42, 0x00, 0x62, 0x62, 0x42, 0x42, 0x02, 0x00, 0x00, 0x00,
    0xC1, 0xC1, 0xC9, 0xC1, 0xC1, 0x00, 0x10, 0x00, 0x3E, 0x3E, 0x36, 0x3E, 0x3E, 0x00, 0x00, 0x00,
    0x00, 0x00, 0x00, 0x0C, 0xB0, 0x00, 0x00, 0x00, 0xFC, 0xFC, 0xFC, 0xF0, 0x40, 0x00, 0x00, 0x00,
    0x7F, 0x7F, 0x7F, 0x40, 0xFD, 0x7F, 0x7E, 0x0F, 0x80, 0x80, 0x80, 0xBF, 0x02, 0x00, 0x00, 0x30,
    0xFC, 0xFC, 0xFC, 0x05, 0x7F, 0xFF, 0x3F, 0xCB, 0x03, 0x03, 0x03, 0xFA, 0x80, 0x00, 0x00, 0x34,
    0x88, 0xA8, 0xB8, 0xEC, 0xB8, 0x18, 0xFC, 0xF0, 0x74, 0x54, 0x44, 0x10, 0x00, 0x00, 0x00, 0x00,
    0x83, 0x03, 0x47, 0x0F, 0x00, 0x04, 0x00, 0x00, 0x0C, 0x0C, 0x08, 0x00, 0x00, 0x00, 0x00, 0x00,
    0x80, 0x80, 0xC6, 0xC8, 0x01, 0x00, 0x00, 0x10, 0x7E, 0x7E, 0x38, 0x30, 0x00, 0x00, 0x00, 0x00,
    0x00, 0x20, 0x00, 0x00, 0x00, 0x00, 0x00, 0x00, 0x00, 0x00, 0x00, 0x00, 0x00, 0x00, 0x00, 0x00,
    0x00, 0x00, 0x08, 0x23, 0x00, 0x10, 0x00, 0x00, 0x00, 0x00, 0x00, 0x00, 0x00, 0x00, 0x00, 0x00,
    0xCF, 0xBC, 0xFF, 0x00, 0x00, 0x00, 0x00, 0x00, 0xFF, 0xCF, 0x00, 0x00, 0x00, 0x00, 0x00, 0x00,
    0xDF, 0x7F, 0xFF, 0x00, 0x00, 0x00, 0x00, 0x00, 0xA0, 0xBE, 0x00, 0x00, 0x00, 0x00, 0x00, 0x00,
    0xF3, 0xFB, 0xFF, 0x00, 0x00, 0x00, 0x00, 0x00, 0x0C, 0xF7, 0x00, 0x00, 0x00, 0x00, 0x00, 0x00,
    0x00, 0x00, 0x01, 0x0F, 0x7F, 0xD7, 0x72, 0x0D, 0x00, 0x00, 0x00, 0x11, 0x01, 0x08, 0x00, 0x00,
    0x00, 0xC0, 0x21, 0xFF, 0x3F, 0xFF, 0xED, 0xDE, 0xC0, 0x00, 0x00, 0x21, 0xED, 0x0C, 0x00, 0x00,
    0x00, 0xC0, 0x20, 0xF8, 0x3E, 0xF5, 0xEF, 0xD4, 0xC0, 0x00, 0x00, 0x24, 0xE1, 0x08, 0x00, 0x00,
    0x3F, 0x7F, 0x00, 0x00, 0x00, 0x00, 0x00, 0x00, 0x00, 0x00, 0x00, 0x00, 0x00, 0x00, 0x00, 0x00,
    0xFF, 0xFE, 0x00, 0x00, 0x00, 0x00, 0x00, 0x00, 0x00, 0x00, 0x00, 0x00, 0x00, 0x00, 0x00, 0x00,
    0xC0, 0x00, 0x00, 0x00, 0x00, 0x00, 0x00, 0x00, 0x00, 0x00, 0x00, 0x00, 0x00, 0x00, 0x00, 0x00,
    0x80, 0x00, 0x00, 0x00, 0x00, 0x00, 0x00, 0x00, 0x00, 0x00, 0x00, 0x00, 0x00, 0x00, 0x00, 0x00,
    0x00, 0x00, 0x00, 0x08, 0x1C, 0x3E, 0x7F, 0x3E, 0xFF, 0xFF, 0xFF, 0xFF, 0xEF, 0xC7, 0x87, 0xC1,
    0x00, 0x00, 0x00, 0x0F, 0x0F, 0x0D, 0x0D, 0x0D, 0xFF, 0xFF, 0xFF, 0xF0, 0xF0, 0xF2, 0xF2, 0xF2,
    0x00, 0x00, 0x00, 0xFF, 0xFF, 0x95, 0x56, 0x3C, 0xFF, 0xFF, 0xFF, 0x00, 0x00, 0x6A, 0xA9, 0xC3,
    0x00, 0x00, 0x00, 0xFF, 0xFF, 0x95, 0x57, 0x3D, 0xFF, 0xFF, 0xFF, 0x00, 0x00, 0x6A, 0xA8, 0xC2,
    0x00, 0x00, 0x00, 0xF0, 0xF0, 0xB0, 0xF0, 0xB0, 0xFF, 0xFF, 0xFF, 0x0F, 0x0F, 0x4F, 0x0F, 0x4F,
    0x3E, 0x3E, 0x3E, 0x3E, 0x7F, 0x5D, 0x49, 0x6D, 0xC7, 0xC7, 0xC7, 0xC7, 0x80, 0xA2, 0xB6, 0x92,
    0x00, 0x00, 0x00, 0x00, 0x00, 0x03, 0x7F, 0xFF, 0xFF, 0xFF, 0xFF, 0xFF, 0xFF, 0xFF, 0xFF, 0x80,
    0x0F, 0x0C, 0x0C, 0x0D, 0x7F, 0xEF, 0xFF, 0xDF, 0xF0, 0xF3, 0xF3, 0xF2, 0x80, 0x90, 0xFE, 0x3F,
    0xFF, 0x00, 0x00, 0x7C, 0xFE, 0xFE, 0xFF, 0xFF, 0x00, 0xFF, 0xFF, 0x83, 0x55, 0x41, 0x19, 0xFF,
    0xFF, 0x00, 0x01, 0x0F, 0x09, 0x0F, 0xE8, 0xFF, 0x00, 0xFF, 0xFE, 0xF0, 0xF6, 0xF0, 0xF7, 0xFC,
    0xFF, 0x00, 0x00, 0xFF, 0x24, 0xFF, 0x00, 0xE0, 0x00, 0xFF, 0xFF, 0x00, 0xDB, 0x00, 0xFF, 0x3F,
    0xFF, 0x00, 0x80, 0xFF, 0x92, 0xFF, 0x00, 0x00, 0x00, 0xFF, 0x7F, 0x00, 0x6D, 0x00, 0xFF, 0xFF,
    0xFF, 0x00, 0x40, 0xFF, 0x49, 0xFF, 0x00, 0x00, 0x00, 0xFF, 0xBF, 0x00, 0xB6, 0x00, 0xFF, 0xFF,
    0xFF, 0x00, 0x20, 0xFF, 0x3F, 0xFF, 0xFF, 0xFF, 0x00, 0xFF, 0xDF, 0x07, 0xD9, 0x20, 0xC1, 0x00,
    0xFF, 0x00, 0x10, 0xFF, 0xF2, 0xFF, 0xFE, 0xFE, 0x00, 0xFF, 0xEF, 0xC0, 0xFD, 0xB8, 0xE7, 0x63,
    0xFF, 0x00, 0x10, 0xFC, 0x4C, 0xFC, 0x04, 0x04, 0x00, 0xFF, 0xEF, 0x03, 0xB3, 0x03, 0xFB, 0xFB,
    0xF0, 0x30, 0x30, 0x30, 0x30, 0x33, 0x7F, 0xFF, 0x0F, 0xCF, 0xCF, 0xCF, 0xCF, 0xCF, 0xFF, 0x80,
    0xF0, 0x30, 0x30, 0x30, 0x30, 0x30, 0x30, 0x30, 0x0F, 0xCF, 0xCF, 0xCF, 0xCF, 0xCF, 0xCF, 0xCF,
    0x5B, 0x5B, 0x49, 0x69, 0x5B, 0x5B, 0x6D, 0x6D, 0xA4, 0xA4, 0xB6, 0x96, 0xA4, 0xA4, 0x92, 0x92,
    0xFF, 0xFF, 0xCE, 0xCE, 0xFF, 0xFF, 0xFF, 0xFF, 0x00, 0x00, 0x31, 0x31, 0x00, 0x00, 0x00, 0x00,
    0xEF, 0xFF, 0x7F, 0x7F, 0xFF, 0xFF, 0xFF, 0xFF, 0x1F, 0x1C, 0x9C, 0x9C, 0x1C, 0x1F, 0x1F, 0x1F,
    0xFF, 0xFF, 0xFF, 0xFF, 0xFF, 0xFF, 0xFF, 0xFF, 0xFF, 0x92, 0x92, 0x92, 0x92, 0xFF, 0xFF, 0xFF,
    0xFF, 0xFF, 0xFF, 0xFF, 0xFF, 0xFF, 0xFF, 0xFF, 0xFC, 0xFE, 0xAE, 0xAE, 0xAE, 0xFE, 0xFE, 0xFE,
    0xFF, 0xFF, 0xFF, 0xFF, 0xFF, 0xFF, 0xFF, 0xFF, 0xEF, 0xFF, 0xFF, 0xD5, 0xD5, 0xD5, 0xFF, 0xFF,
    0xE0, 0xF8, 0xFF, 0xFF, 0xFF, 0xFF, 0xFF, 0xFF, 0xFF, 0xFF, 0xFB, 0x5B, 0x5B, 0x5B, 0xFB, 0xFB,
    0x00, 0x00, 0xC0, 0xE0, 0xE0, 0xE0, 0xE0, 0xE1, 0xFF, 0xFF, 0xFF, 0xFF, 0xFF, 0xFF, 0xFF, 0xFF,
    0xFC, 0xFC, 0xFF, 0xFF, 0xFF, 0xFF, 0xFF, 0xFF, 0x07, 0x03, 0x00, 0x38, 0x00, 0x00, 0x00, 0x3F,
    0xFE, 0xFF, 0xFF, 0xFF, 0xFF, 0xFF, 0xFF, 0xFF, 0x47, 0x02, 0x02, 0x62, 0x62, 0x62, 0x03, 0xFB,
    0x04, 0x04, 0x04, 0x04, 0x04, 0x04, 0x04, 0x04, 0xFB, 0xFB, 0xFB, 0xFB, 0xFB, 0xFB, 0xFB, 0xFB,
    0x30, 0x30, 0x30, 0x30, 0x30, 0x30, 0x30, 0x30, 0xCF, 0xCF, 0xCF, 0xCF, 0xCF, 0xCF, 0xCF, 0xCF,
    0x5B, 0x5B, 0x6D, 0x00, 0x00, 0x00, 0x00, 0x83, 0x00, 0x00, 0x00, 0x00, 0x00, 0x00, 0x00, 0x00,
    0x00, 0x00, 0x00, 0x00, 0x01, 0x0B, 0x3F, 0xFB, 0x00, 0x00, 0x00, 0x00, 0x00, 0x00, 0x00, 0x00,
    0xFF, 0xFF, 0x7F, 0x3F, 0xFF, 0xFF, 0xFF, 0xFE, 0x00, 0x3F, 0x00, 0x00, 0x00, 0x00, 0x00, 0x00,
    0xFF, 0xFF, 0xFF, 0xFF, 0xFF, 0xFF, 0xEE, 0x3F, 0x1F, 0x80, 0x0C, 0x40, 0x00, 0x00, 0x00, 0x00,
    0xFF, 0xFF, 0xFF, 0xFF, 0xFF, 0xD0, 0x18, 0x00, 0xF3, 0x00, 0x63, 0x00, 0x00, 0x00, 0x00, 0x00,
    0xFF, 0xFF, 0xFF, 0xFB, 0xE8, 0x80, 0x07, 0xF8, 0x8E, 0x0E, 0x40, 0x00, 0x00, 0x00, 0x00, 0x00,
    0xFF, 0xFF, 0xFF, 0xF8, 0x0B, 0x3E, 0xC0, 0x07, 0xFF, 0x02, 0x10, 0x00, 0x00, 0x00, 0x00, 0x00,
    0xFF, 0xFE, 0xC1, 0x3E, 0xFF, 0x21, 0x06, 0xB0, 0xA0, 0x00, 0x00, 0x00, 0x00, 0x00, 0x00, 0x00,
    0xFF, 0x07, 0xF1, 0x00, 0x0F, 0xBF, 0x07, 0x7F, 0x06, 0x00, 0x00, 0x00, 0x00, 0x00, 0x00, 0x00,
    0xFF, 0xFF, 0xFF, 0xFF, 0xFF, 0xFF, 0x83, 0xFF, 0x00, 0x02, 0x02, 0x00, 0x00, 0x00, 0x00, 0x00,
    0xFF, 0xFF, 0xFF, 0xFC, 0xF8, 0xC0, 0x80, 0xC0, 0x03, 0x82, 0x03, 0x00, 0x00, 0x00, 0x00, 0x00,
    0x04, 0x04, 0x00, 0x00, 0x01, 0x0B, 0x3F, 0xFB, 0x00, 0x00, 0x00, 0x00, 0x00, 0x00, 0x00, 0x00,
    0xFF, 0xFE, 0xC1, 0x3E, 0xF0, 0x20, 0x00, 0x00, 0xA0, 0x00, 0x00, 0x00, 0x00, 0x00, 0x00, 0x00,
    0x04, 0x04, 0x00, 0x00, 0x00, 0x00, 0x00, 0x00, 0x00, 0x00, 0x00, 0x00, 0x00, 0x00, 0x00, 0x00,
    0x30, 0x30, 0x30, 0x00, 0x00, 0x00, 0x00, 0x00, 0x00, 0x00, 0x00, 0x00, 0x00, 0x00, 0x00, 0x00,
    0x5B, 0x5B, 0x6D, 0x00, 0x00, 0x00, 0x00, 0x00, 0x00, 0x00, 0x00, 0x00, 0x00, 0x00, 0x00, 0x00,
    0x00, 0x00, 0x00, 0x00, 0x00, 0x00, 0x00, 0x00, 0x00, 0x00, 0x00, 0x00, 0x00, 0x00, 0x00, 0x00,
    0x00, 0x00, 0x00, 0x00, 0x00, 0x00, 0x00, 0x00, 0x00, 0x00, 0x00, 0x00, 0x00, 0x00, 0x00, 0x00,
    0x00, 0x00, 0x00, 0x00, 0x00, 0x00, 0x00, 0x00, 0x00, 0x00, 0x00, 0x00, 0x00, 0x00, 0x00, 0x00,
    0x00, 0x00, 0x00, 0x00, 0x00, 0x00, 0x00, 0x00, 0x00, 0x00, 0x00, 0x00, 0x00, 0x00, 0x00, 0x00,
    0x00, 0x00, 0x00, 0x00, 0x00, 0x00, 0x00, 0x00, 0x00, 0x00, 0x00, 0x00, 0x00, 0x00, 0x00, 0x00,
    0x00, 0x00, 0x00, 0x00, 0x00, 0x00, 0x00, 0x00, 0x00, 0x00, 0x00, 0x00, 0x00, 0x00, 0x00, 0x00,
    0x00, 0x00, 0x00, 0x00, 0x00, 0x00, 0x00, 0x00, 0x00, 0x00, 0x00, 0x00, 0x00, 0x00, 0x00, 0x00,
    0x00, 0x00, 0x00, 0x00, 0x00, 0x00, 0x00, 0x00, 0x00, 0x00, 0x00, 0x00, 0x00, 0x00, 0x00, 0x00,
    0x00, 0x00, 0x00, 0x00, 0x00, 0x00, 0x00, 0x00, 0x00, 0x00, 0x00, 0x00, 0x00, 0x00, 0x00, 0x00,
    0x00, 0x00, 0x00, 0x00, 0x00, 0x00, 0x00, 0x00, 0x00, 0x00, 0x00, 0x00, 0x00, 0x00, 0x00, 0x00,
    0x00, 0x00, 0x00, 0x00, 0x00, 0x00, 0x00, 0x00, 0x00, 0x00, 0x00, 0x00, 0x00, 0x00, 0x00, 0x00,
    0x00, 0x00, 0x00, 0x00, 0x00, 0x00, 0x00, 0x00, 0x00, 0x00, 0x00, 0x00, 0x00, 0x00, 0x00, 0x00,
    0x00, 0x00, 0x00, 0x00, 0x00, 0x00, 0x00, 0x00, 0x00, 0x00, 0x00, 0x00, 0x00, 0x00, 0x00, 0x00,
    0x00, 0x00, 0x00, 0x00, 0x00, 0x00, 0x00, 0x00, 0x00, 0x00, 0x00, 0x00, 0x00, 0x00, 0x00, 0x00,
    0xFF, 0xFF, 0xFF, 0xFF, 0xFF, 0xFF, 0xFF, 0xFF, 0x00, 0x00, 0x00, 0x00, 0x00, 0x00, 0x00, 0x00,
    0xFF, 0xFF, 0xFF, 0xFF, 0xFF, 0xFF, 0xFF, 0xFF, 0xFF, 0xFF, 0xFF, 0xFF, 0xFF, 0xFF, 0xFF, 0xFF,
    0x57, 0xFC, 0x7E, 0xF0, 0xFA, 0x50, 0xEA, 0xF5, 0xA8, 0x00, 0x80, 0x00, 0x00, 0x00, 0x00, 0x00,
    0xF4, 0x07, 0xAF, 0x01, 0xAA, 0x45, 0xAF, 0x57, 0x0B, 0x00, 0x00, 0x00, 0x00, 0x00, 0x00, 0x00,
    0x00, 0x83, 0x57, 0xFF, 0xDF, 0x7F, 0xFE, 0xFF, 0xFF, 0x7C, 0xA8, 0x00, 0x20, 0x00, 0x00, 0x00,
    0x50, 0xDE, 0xFD, 0x77, 0xBF, 0x55, 0xEE, 0x77, 0xAF, 0x01, 0x02, 0x00, 0x00, 0x00, 0x00, 0x00,
    0x06, 0x2C, 0x5F, 0xFF, 0xF5, 0x5E, 0xF5, 0x5F, 0xF8, 0xD0, 0xA0, 0x00, 0x0A, 0x01, 0x0A, 0x00,
    0xAA, 0x04, 0xD7, 0x88, 0x00, 0x00, 0x40, 0xFF, 0x00, 0x00, 0x28, 0x77, 0xFF, 0xFF, 0xBF, 0x00,
    0x7F, 0x7B, 0x11, 0x00, 0x00, 0x03, 0x01, 0x80, 0x80, 0x84, 0xEE, 0xFF, 0xFF, 0xFC, 0xFE, 0x7F,
    0x00, 0x00, 0x00, 0xFE, 0xAD, 0x07, 0xAD, 0x5A, 0xFF, 0xFF, 0xFF, 0x01, 0x02, 0x00, 0x02, 0x05,
    0x00, 0x00, 0x00, 0x00, 0x00, 0xA8, 0xF5, 0xFE, 0xFF, 0xFF, 0xFF, 0xFF, 0xFF, 0x57, 0x0A, 0x01,
    0x00, 0x00, 0x00, 0x00, 0x00, 0x00, 0x00, 0x00, 0xFF, 0xFF, 0xFF, 0xFF, 0xFF, 0xFF, 0xFF, 0xFF,
    0x5F, 0xBF, 0x15, 0xAA, 0x00, 0x00, 0x00, 0x00, 0xA0, 0x40, 0xEA, 0x55, 0xFF, 0xFF, 0xFF, 0xFF,
    0xFD, 0xFA, 0x40, 0x80, 0x00, 0x00, 0x00, 0x00, 0x02, 0x05, 0xBF, 0x7F, 0xFF, 0xFF, 0xFF, 0xFF,
    0x55, 0xAB, 0x00, 0x00, 0x00, 0x00, 0x00, 0x00, 0xAA, 0x54, 0xFF, 0xFF, 0xFF, 0xFF, 0xFF, 0xFF,
    0x7F, 0xFB, 0x11, 0x00, 0x00, 0x03, 0x01, 0x00, 0x80, 0x04, 0xEE, 0xFF, 0xFF, 0xFC, 0xFE, 0xFF,
    0xBA, 0xFD, 0x7E, 0xFF, 0x5F, 0xBF, 0x15, 0xA8, 0x00, 0x00, 0x80, 0x00, 0xA0, 0x40, 0xEA, 0x57,
    0xBE, 0x7F, 0xFF, 0x7E, 0x55, 0xEA, 0x10, 0x00, 0x00, 0x00, 0x00, 0x01, 0xAA, 0x15, 0xEF, 0xFF,
    0x7F, 0xFB, 0x11, 0x00, 0x00, 0x83, 0x01, 0x80, 0x80, 0x04, 0xEE, 0xFF, 0xFF, 0x7C, 0xFE, 0x7F,
    0xF4, 0xFA, 0xF0, 0xE8, 0x40, 0xA8, 0x50, 0xFA, 0x0B, 0x05, 0x0F, 0x17, 0xBF, 0x57, 0xAF, 0x05,
    0x55, 0xBF, 0x11, 0x00, 0x00, 0x00, 0x00, 0x00, 0xAA, 0x40, 0xEE, 0xFF, 0xFF, 0xFF, 0xFF, 0xFF,
    0xFF, 0xFF, 0x11, 0x88, 0x00, 0x00, 0x00, 0x00, 0x00, 0x00, 0xEE, 0x77, 0xFF, 0xFF, 0xFF, 0xFF,
    0x54, 0xFF, 0x55, 0x0A, 0x00, 0x00, 0x00, 0x00, 0xAB, 0x00, 0xAA, 0xF5, 0xFF, 0xFF, 0xFF, 0xFF,
    0x00, 0xB8, 0x50, 0x80, 0x00, 0x00, 0x00, 0x00, 0xFF, 0x47, 0xAF, 0x7F, 0xFF, 0xFF, 0xFF, 0xFF,
    0x54, 0x3A, 0x00, 0x00, 0x00, 0x00, 0x00, 0x00, 0xAB, 0xC5, 0xFF, 0xFF, 0xFF, 0xFF, 0xFF, 0xFF,
    0x00, 0x00, 0x00, 0x00, 0x00, 0xAA, 0x55, 0xF7, 0xFF, 0xFF, 0xFF, 0xFF, 0xFF, 0x55, 0xAA, 0x00,
    0x00, 0x00, 0x00, 0x00, 0x01, 0x0F, 0x1E, 0xF4, 0xFF, 0xFF, 0xFF, 0xFF, 0xFE, 0xF0, 0xE0, 0x00,
    0x00, 0x00, 0x00, 0x00, 0x55, 0x54, 0xAA, 0x00, 0xFF, 0xFF, 0xFF, 0xFF, 0xAA, 0x00, 0x00, 0x00,
    0x00, 0x00, 0x00, 0x80, 0x00, 0xA0, 0x40, 0x80, 0xFF, 0xFF, 0xFF, 0x7F, 0xFF, 0x5F, 0xBF, 0x7F,
    0x00, 0x00, 0x00, 0x00, 0x00, 0x00, 0x00, 0xFA, 0xFF, 0xFF, 0xFF, 0xFF, 0xFF, 0xFF, 0xFF, 0x05,
    0x5D, 0x3F, 0x01, 0x00, 0x00, 0x00, 0x00, 0x8A, 0xA2, 0xC0, 0xFE, 0xFF, 0xFF, 0xFF, 0xFF, 0x75,
    0x5A, 0xF5, 0x1E, 0x0E, 0x00, 0x00, 0x00, 0xE8, 0xA0, 0x00, 0xE0, 0xF1, 0xFF, 0xFF, 0xFF, 0x17,
    0xAA, 0x55, 0xFF, 0xAA, 0x00, 0x00, 0x00, 0x00, 0x00, 0x00, 0x00, 0x55, 0xFF, 0xFF, 0xFF, 0xFF,
    0xD0, 0xFA, 0x55, 0xBE, 0x15, 0x0A, 0x00, 0x28, 0x2F, 0x05, 0xAA, 0x41, 0xEA, 0xF5, 0xFF, 0xD7,
    0x00, 0x00, 0x00, 0x80, 0x40, 0x2B, 0x07, 0x0D, 0xFF, 0xFF, 0xFF, 0x7F, 0xBF, 0xD4, 0xF8, 0xF0,
    0x00, 0x00, 0x00, 0x00, 0x01, 0x0B, 0x17, 0xF7, 0xFF, 0xFF, 0xFF, 0xFF, 0xFE, 0xF4, 0xE8, 0x00,
    0x00, 0x00, 0x00, 0x00, 0x00, 0x00, 0x00, 0x80, 0xFF, 0xFF, 0xFF, 0xFF, 0xFF, 0xFF, 0xFF, 0x7F,
    0x00, 0x00, 0x00, 0x00, 0x54, 0xC7, 0xAB, 0x01, 0xFF, 0xFF, 0xFF, 0xFF, 0xAB, 0x38, 0x54, 0xFE,
    0x00, 0x00, 0x00, 0x80, 0x00, 0xAA, 0xF7, 0xFF, 0xFF, 0xFF, 0xFF, 0x7F, 0xFF, 0x55, 0x08, 0x00,
    0x55, 0xAA, 0x15, 0x3F, 0x1F, 0xBD, 0x7E, 0xBF, 0xAA, 0x55, 0xEA, 0xC0, 0xE0, 0x40, 0x80, 0x40,
    0xAA, 0x40, 0xAA, 0xF5, 0x57, 0x2B, 0x01, 0x0B, 0x00, 0x00, 0x00, 0x00, 0xA8, 0xD4, 0xFE, 0xF4,
    0x05, 0x00, 0x00, 0x00, 0xA2, 0xC0, 0xA5, 0x4A, 0x00, 0x00, 0x00, 0x00, 0x00, 0x00, 0x00, 0x00,
    0x42, 0x01, 0x00, 0x00, 0x00, 0x00, 0x00, 0x00, 0x00, 0x00, 0x00, 0x00, 0x00, 0x00, 0x00, 0x00,
    0x40, 0xE8, 0xF5, 0x1F, 0x2F, 0x04, 0x0A, 0x00, 0xBF, 0x17, 0x0A, 0x00, 0x00, 0x00, 0x00, 0x00,
    0x87, 0xB5, 0xEB, 0x57, 0xFD, 0xDF, 0x7D, 0xBF, 0x78, 0x40, 0x00, 0x00, 0x02, 0x00, 0x82, 0x40,
    0xEB, 0x41, 0xEA, 0x77, 0xFF, 0xD7, 0xEF, 0xF7, 0x00, 0x00, 0x00, 0x00, 0x00, 0x00, 0x00, 0x00,
    0x05, 0x0A, 0x11, 0x00, 0x00, 0x00, 0x00, 0x00, 0xFA, 0xF5, 0xEE, 0xFF, 0xFF, 0xFF, 0xFF, 0xFF,
    0xBF, 0xFF, 0x5D, 0xAA, 0x00, 0x08, 0x00, 0x00, 0x00, 0x00, 0xA2, 0x55, 0xFF, 0xF7, 0xFF, 0xFF,
    0xFA, 0xF5, 0x7E, 0xFF, 0x54, 0x20, 0x00, 0x00, 0x00, 0x00, 0x80, 0x00, 0xAB, 0xDF, 0xFF, 0xFF,
    0xAA, 0xF0, 0x1E, 0xBC, 0x5A, 0xF0, 0x7E, 0xF5, 0x00, 0x00, 0xE0, 0x40, 0xA0, 0x00, 0x80, 0x00,
    0x80, 0x00, 0x88, 0x00, 0xAA, 0x00, 0xAA, 0x51, 0x00, 0x00, 0x00, 0x00, 0x00, 0x00, 0x00, 0x00,
    0xAA, 0x54, 0xFE, 0xEF, 0x01, 0x00, 0x00, 0x00, 0x00, 0x00, 0x00, 0x10, 0xFE, 0xFF, 0xFF, 0xFF,
    0x00, 0x00, 0x00, 0x00, 0xA2, 0xC0, 0xA0, 0x40, 0x00, 0x00, 0x00, 0x00, 0x00, 0x00, 0x00, 0x00,
    0x00, 0x00, 0x00, 0x00, 0x00, 0x00, 0x01, 0x00, 0xFF, 0xFF, 0xFF, 0xFF, 0xFF, 0xFF, 0xFE, 0xFF,
    0x00, 0x00, 0x00, 0x08, 0x05, 0x2B, 0x55, 0xAA, 0xFF, 0xFF, 0xFF, 0xF7, 0xFA, 0xD4, 0xAA, 0x55,
    0x00, 0x0B, 0x56, 0xF1, 0xFA, 0xF4, 0x7E, 0xFF, 0xFF, 0xF4, 0xA8, 0x00, 0x00, 0x00, 0x80, 0x00,
    0x17, 0xF4, 0xE8, 0x00, 0xAA, 0x54, 0xFE, 0xF7, 0xE8, 0x00, 0x00, 0x00, 0x00, 0x00, 0x00, 0x00,
    0xA0, 0x00, 0x00, 0x00, 0xA2, 0x00, 0xA8, 0x50, 0x00, 0x00, 0x00, 0x00, 0x00, 0x00, 0x00, 0x00,
    0x00, 0x00, 0x00, 0x00, 0x00, 0x00, 0x00, 0x00, 0xFF, 0xFF, 0xFF, 0xFF, 0xFF, 0xFD, 0xF8, 0xF1,
    0x55, 0x2A, 0x00, 0x00, 0x00, 0x00, 0x00, 0x00, 0xAA, 0xD5, 0xFF, 0xFF, 0xFF, 0xFF, 0xFF, 0xFF,
    0x55, 0xAB, 0x01, 0x00, 0x00, 0x00, 0x00, 0x00, 0xAA, 0x54, 0xFE, 0xFF, 0xFF, 0xFF, 0xFF, 0xFF,
    0xAA, 0xF5, 0x5F, 0xBF, 0x05, 0x00, 0x00, 0x00, 0x00, 0x00, 0xA0, 0x40, 0xFA, 0xFF, 0xFF, 0xFF,
    0x00, 0x00, 0x00, 0x00, 0x00, 0x00, 0x00, 0x00, 0xFF, 0xFF, 0xFF, 0xFF, 0xFE, 0xE0, 0xC0, 0x80,
    0x00, 0x00, 0x00, 0x00, 0x00, 0x00, 0x00, 0x00, 0xE3, 0xC7, 0x8F, 0x1F, 0x3F, 0x7F, 0xC7, 0x07,
    0x00, 0x00, 0x00, 0x00, 0x00, 0x00, 0x00, 0x00, 0xFF, 0xFF, 0xFF, 0xFF, 0xFF, 0xFF, 0xFF, 0xFE,
    0x00, 0x00, 0x00, 0x00, 0x00, 0x00, 0x00, 0x00, 0xFF, 0xFF, 0xFF, 0xFF, 0x87, 0x03, 0x03, 0x01,
    0x00, 0x00, 0x00, 0x00, 0x00, 0x00, 0x00, 0x00, 0x00, 0x00, 0x00, 0x00, 0x00, 0x00, 0x00, 0x01,
    0x00, 0x00, 0x00, 0x00, 0x00, 0x00, 0x00, 0x00, 0x07, 0x00, 0x00, 0x00, 0x40, 0x60, 0xFF, 0xFF,
    0x00, 0x00, 0x00, 0x00, 0x00, 0x00, 0x00, 0x00, 0xFF, 0xFF, 0x3F, 0x3F, 0x3F, 0x7F, 0xFF, 0xFF,
    0x00, 0x00, 0x00, 0x00, 0x00, 0x00, 0x00, 0x00, 0xFE, 0xFE, 0xFE, 0xFE, 0xFE, 0xFE, 0xFE, 0xFE,
    0x00, 0x00, 0x00, 0x00, 0x00, 0x00, 0x00, 0x00, 0x01, 0x01, 0x01, 0x01, 0x01, 0x01, 0x01, 0x03,
    0x00, 0x00, 0x00, 0x00, 0x00, 0x00, 0x00, 0x3F, 0x03, 0x07, 0x0F, 0x0F, 0x0F, 0x0F, 0x0F, 0x00,
    0x00, 0x00, 0x00, 0x00, 0x00, 0x00, 0x00, 0x20, 0xFF, 0xFF, 0xFF, 0xFF, 0xFF, 0xFF, 0xFF, 0x07,
    0x00, 0x00, 0x00, 0x00, 0x00, 0x00, 0x00, 0x00, 0xFE, 0xFF, 0xFF, 0xFF, 0xFE, 0xFC, 0xF8, 0xF8,
    0x00, 0x00, 0x00, 0x00, 0x00, 0x00, 0x00, 0x00, 0x03, 0x03, 0x00, 0x00, 0x00, 0x00, 0x00, 0x00,
    0x00, 0x00, 0x00, 0x00, 0x00, 0x00, 0x00, 0x00, 0xFF, 0xFF, 0xFF, 0x0F, 0x07, 0x07, 0x03, 0x03,
    0x3F, 0x00, 0x00, 0x00, 0x00, 0x00, 0x00, 0x00, 0x00, 0x00, 0x00, 0x00, 0x00, 0x00, 0x00, 0x00,
    0x80, 0x00, 0x00, 0x00, 0x00, 0x00, 0x00, 0x00, 0x0F, 0x00, 0x00, 0x00, 0x01, 0x01, 0x01, 0x07,
    0x00, 0x00, 0x00, 0x00, 0x00, 0x00, 0x00, 0x00, 0xFF, 0x3F, 0x3F, 0x3F, 0xFF, 0xFF, 0xFF, 0xFF,
    0x00, 0x00, 0x00, 0x00, 0x00, 0x00, 0x00, 0x00, 0xF0, 0xE0, 0xE0, 0xE0, 0xE0, 0xE0, 0xE0, 0xF0,
    0x00, 0x00, 0x00, 0x00, 0x00, 0x00, 0x00, 0x00, 0x03, 0x01, 0x00, 0x00, 0x00, 0x00, 0x00, 0x00,
    0x00, 0x00, 0x00, 0x00, 0x00, 0x00, 0x00, 0x00, 0xFF, 0xFF, 0xFF, 0x7F, 0x7F, 0x7F, 0x7F, 0xFF,
    0x3F, 0x7F, 0x7F, 0x7F, 0x7F, 0x7E, 0x00, 0x00, 0x00, 0x00, 0x00, 0x00, 0x00, 0x00, 0x00, 0x00,
    0xF0, 0xFF, 0xBF, 0x9E, 0x9F, 0x1F, 0x07, 0x01, 0x01, 0x00, 0x00, 0x00, 0x00, 0x00, 0x00, 0x00,
    0x00, 0x00, 0xC0, 0x00, 0x00, 0x00, 0x80, 0x00, 0xFF, 0x7F, 0x3F, 0x0F, 0x03, 0x00, 0x00, 0x00,
    0x00, 0x00, 0x00, 0x00, 0x00, 0x00, 0x00, 0x00, 0xFF, 0xFF, 0xFF, 0xFF, 0xFF, 0xFF, 0x1F, 0x0F,
    0x00, 0x00, 0x00, 0x00, 0x00, 0x00, 0x00, 0x00, 0xFF, 0xFF, 0xFF, 0xFF, 0xFF, 0xFF, 0xFC, 0xF8,
    0x00, 0x00, 0x00, 0x00, 0x00, 0x00, 0x00, 0x00, 0xFF, 0xFF, 0xFF, 0xFF, 0xFF, 0x7F, 0x3F, 0x1F,
    0x00, 0x00, 0x00, 0x00, 0x00, 0x00, 0x00, 0x00, 0xF0, 0xF0, 0xF0, 0xF0, 0xE0, 0xE0, 0xE0, 0xE0,
    0x00, 0x00, 0x00, 0x00, 0x00, 0x00, 0x00, 0x00, 0x00, 0x00, 0x00, 0x00, 0x00, 0x00, 0x00, 0x04,
    0x00, 0x00, 0x00, 0x00, 0x00, 0x00, 0x00, 0x00, 0xFF, 0x7F, 0x7F, 0x7F, 0x7F, 0x7F, 0x7F, 0x7F,
    0x00, 0x03, 0x00, 0x00, 0x00, 0x00, 0x00, 0x00, 0x00, 0x00, 0x00, 0x00, 0x00, 0x00, 0x00, 0x00,
    0x00, 0xE0, 0x00, 0x00, 0x00, 0xF0, 0x20, 0x00, 0x00, 0x00, 0x00, 0x00, 0x00, 0x00, 0x00, 0x00,
    0x00, 0x00, 0x00, 0x00, 0x00, 0x00, 0x00, 0x00, 0x03, 0x00, 0x00, 0x00, 0x00, 0x00, 0x00, 0x00,
    0x00, 0x00, 0x00, 0x00, 0x00, 0x00, 0x00, 0x00, 0xE0, 0x00, 0x00, 0x00, 0x01, 0x01, 0x00, 0x00,
    0x00, 0x00, 0x00, 0x00, 0x00, 0x00, 0x00, 0x00, 0x0F, 0x0F, 0x0F, 0x1F, 0xFF, 0xFF, 0x7F, 0x3F,
    0x00, 0x00, 0x00, 0x00, 0x00, 0x00, 0x00, 0x00, 0xC0, 0xC0, 0xC0, 0xE1, 0xE1, 0xE1, 0xE3, 0xE2,
    0x00, 0x00, 0x00, 0x00, 0x00, 0x00, 0x00, 0x00, 0x04, 0x03, 0x0B, 0x0B, 0x09, 0x0D, 0x0C, 0x04,
    0x00, 0x00, 0x00, 0x00, 0x00, 0x00, 0x00, 0x00, 0xFF, 0xFF, 0xFF, 0xFF, 0xFF, 0xFF, 0xFF, 0xBF,
    0x00, 0x00, 0x00, 0x03, 0x0F, 0x1F, 0x3F, 0x3F, 0x00, 0x00, 0x00, 0x00, 0x00, 0x00, 0x00, 0x00,
    0x00, 0x00, 0x00, 0xF8, 0xFE, 0xFF, 0xFF, 0x0F, 0x3F, 0x1F, 0x00, 0x00, 0x00, 0x00, 0x00, 0xF0,
    0x00, 0x02, 0x00, 0x00, 0x00, 0x00, 0x80, 0xC0, 0xFF, 0xFC, 0x00, 0x00, 0x00, 0x00, 0x00, 0x00,
    0x00, 0x1F, 0x07, 0x03, 0x00, 0x00, 0x00, 0x00, 0xFF, 0x00, 0x00, 0x00, 0x00, 0x00, 0x00, 0x00,
    0x00, 0xFC, 0xFE, 0xFE, 0x00, 0x00, 0x00, 0x00, 0xFF, 0x01, 0x00, 0x00, 0x00, 0x00, 0x00, 0x00,
    0x00, 0x00, 0x00, 0x00, 0x00, 0x00, 0x00, 0x00, 0xFF, 0xFF, 0x0F, 0x01, 0x00, 0x00, 0x00, 0x00,
    0x00, 0x00, 0x00, 0x01, 0x00, 0x00, 0x00, 0x00, 0xFF, 0xFF, 0xFF, 0x00, 0x00, 0x00, 0x00, 0x00,
    0x00, 0x00, 0x00, 0x00, 0x00, 0x00, 0x00, 0x00, 0xFF, 0xFF, 0xFF, 0xFF, 0x00, 0x00, 0x00, 0x00,
    0x00, 0x00, 0x02, 0x04, 0x00, 0x00, 0x00, 0x00, 0xFF, 0xFF, 0xFC, 0xF8, 0x00, 0x00, 0x00, 0x00,
    0x40, 0x00, 0x00, 0x00, 0x00, 0x00, 0x00, 0x00, 0x81, 0x81, 0x01, 0x01, 0x00, 0x00, 0x00, 0x01,
    0x00, 0x00, 0x00, 0x00, 0x00, 0x00, 0x00, 0x00, 0xFF, 0xFF, 0xFF, 0xFF, 0xFC, 0xF0, 0xE0, 0xE0,
    0x00, 0x00, 0x00, 0x00, 0x00, 0x00, 0x00, 0x00, 0xC2, 0xC0, 0xC0, 0x80, 0x00, 0x00, 0x00, 0x00,
    0x00, 0x00, 0x00, 0x00, 0x00, 0x00, 0x00, 0x00, 0x04, 0x04, 0x00, 0x00, 0x00, 0x00, 0x00, 0x00,
    0x00, 0x00, 0x00, 0x00, 0x00, 0x00, 0x00, 0x00, 0x3F, 0x3F, 0x3F, 0x3F, 0x1F, 0x1F, 0x1F, 0x1F,
    0x7E, 0x7C, 0x7C, 0x78, 0x78, 0x78, 0x78, 0x7C, 0x01, 0x03, 0x03, 0x07, 0x07, 0x07, 0x07, 0x03,
    0x07, 0x03, 0x06, 0x0E, 0x3E, 0x3E, 0x3C, 0x7C, 0xF8, 0xFC, 0xFF, 0xFF, 0xFF, 0xFF, 0xFF, 0xFF,
    0xC0, 0xC0, 0x00, 0x00, 0x00, 0x00, 0x00, 0x00, 0x00, 0x00, 0xFC, 0xFF, 0xFF, 0xFF, 0xFF, 0xFF,
    0x00, 0x00, 0x00, 0x00, 0x00, 0x00, 0x00, 0x00, 0x00, 0x00, 0x0F, 0xFF, 0xFF, 0xFF, 0xFF, 0xFF,
    0x00, 0x00, 0x00, 0x00, 0x00, 0x00, 0x00, 0x00, 0x00, 0x00, 0xFF, 0xFF, 0xFF, 0xFF, 0xFF, 0xFF,
    0x00, 0x00, 0x00, 0x00, 0x00, 0x00, 0x00, 0x00, 0x00, 0x7F, 0xFF, 0xFF, 0xFF, 0xFF, 0xFF, 0xFF,
    0x00, 0x00, 0x00, 0x00, 0x00, 0x00, 0x00, 0x00, 0x00, 0xFF, 0xFF, 0xFF, 0xFF, 0xFF, 0xFF, 0xFF,
    0x00, 0x00, 0x00, 0x00, 0x00, 0x00, 0x00, 0x00, 0xC0, 0xC0, 0xC0, 0xC0, 0xC0, 0xE0, 0xE0, 0xF0,
    0x00, 0x00, 0x00, 0x00, 0x00, 0x00, 0x00, 0x00, 0x00, 0x00, 0x00, 0x04, 0x04, 0x08, 0x08, 0x08,
    0x00, 0x00, 0x00, 0x00, 0x00, 0x00, 0x00, 0x00, 0x00, 0x00, 0x00, 0x00, 0x00, 0x07, 0x07, 0x07,
    0x00, 0x00, 0x00, 0x00, 0x00, 0x00, 0x00, 0x00, 0x3F, 0x3F, 0x7F, 0x7F, 0xFF, 0xFF, 0xFF, 0xFF,
    0x00, 0x00, 0xFF, 0xFF, 0xFF, 0xFF, 0xFF, 0x3F, 0x00, 0x00, 0x00, 0x00, 0x00, 0x00, 0x00, 0x00,
    0x00, 0x00, 0xE0, 0xF0, 0xF7, 0xFF, 0xFF, 0xFE, 0x00, 0x00, 0x00, 0x00, 0x08, 0x00, 0x00, 0x00,
    0x00, 0x12, 0x10, 0x00, 0xFF, 0xFF, 0xEF, 0xFF, 0x00, 0x00, 0x00, 0x00, 0x00, 0x00, 0x00, 0x00,
    0x00, 0x00, 0x00, 0x00, 0xFF, 0xFF, 0xFF, 0xFF, 0x00, 0x00, 0x00, 0x00, 0x00, 0x00, 0x00, 0x00,
    0x7C, 0x3E, 0x3F, 0x0F, 0x07, 0xF1, 0x98, 0x96, 0x03, 0x01, 0x00, 0x00, 0x00, 0x00, 0x00, 0x08,
    0xF8, 0xE0, 0x00, 0x00, 0xE0, 0xF8, 0x00, 0x00, 0xFF, 0xFF, 0xFF, 0xFF, 0x1F, 0x02, 0x00, 0x00,
    0x00, 0x00, 0x00, 0x00, 0x01, 0x1F, 0x00, 0x00, 0xFF, 0xFF, 0xFF, 0xFF, 0xFE, 0xA0, 0x00, 0x00,
    0x00, 0x00, 0x03, 0x3F, 0xFF, 0xFF, 0x00, 0x00, 0xFF, 0xFF, 0xFC, 0xC0, 0x00, 0x00, 0x00, 0x00,
    0x00, 0x00, 0xE0, 0xF8, 0xFC, 0xFF, 0x7F, 0x00, 0xFF, 0xFF, 0x1F, 0x07, 0x03, 0x00, 0x00, 0x00,
    0x00, 0x00, 0x00, 0x38, 0xFE, 0xFF, 0xFF, 0x7F, 0xFF, 0xFF, 0xFF, 0xC7, 0x01, 0x00, 0x00, 0x00,
    0x00, 0x00, 0x00, 0x00, 0x00, 0x83, 0xFF, 0xFF, 0xFF, 0xFF, 0xFF, 0xFF, 0xFF, 0x7C, 0x00, 0x00,
    0x00, 0x00, 0x00, 0x07, 0xFF, 0xFF, 0xFF, 0xFF, 0xFF, 0xFF, 0xFF, 0xF8, 0x00, 0x00, 0x00, 0x00,
    0x00, 0x00, 0x00, 0x00, 0xC0, 0xF0, 0xFE, 0xFF, 0xFF, 0xFF, 0xFF, 0xFF, 0x3F, 0x0F, 0x01, 0x00,
    0x00, 0x00, 0x00, 0x00, 0x00, 0x00, 0x00, 0xFC, 0xFF, 0xFF, 0xFF, 0xFF, 0xFF, 0xFF, 0xFF, 0x03,
    0x00, 0x00, 0x00, 0x00, 0x00, 0x00, 0x00, 0x03, 0xFF, 0xFF, 0xFF, 0xFF, 0xFF, 0xFF, 0xFF, 0xFC,
    0x00, 0x00, 0x00, 0x00, 0x01, 0x0F, 0xFF, 0xFF, 0xFF, 0xFF, 0xFF, 0xFF, 0xFE, 0xF0, 0x00, 0x00,
    0x00, 0x00, 0x00, 0x00, 0xE0, 0xFC, 0xFF, 0xFF, 0xFF, 0xFF, 0xFF, 0xFF, 0x1F, 0x03, 0x00, 0x00,
    0x00, 0x00, 0x00, 0x00, 0x01, 0x1F, 0xFF, 0xFF, 0xFF, 0xFF, 0xFF, 0xFF, 0xFE, 0xE0, 0x00, 0x00,
    0x00, 0x00, 0x03, 0x3F, 0xFF, 0xFF, 0xFF, 0xFF, 0xFF, 0xFF, 0xFC, 0xC0, 0x00, 0x00, 0x00, 0x00,
    0x00, 0x00, 0xE0, 0xF8, 0xFF, 0xFF, 0xFF, 0xFF, 0xFF, 0xFF, 0x1F, 0x07, 0x00, 0x00, 0x00, 0x00,
    0x00, 0x00, 0x00, 0x78, 0xFE, 0xFF, 0xFF, 0xFF, 0xFF, 0xFF, 0xFF, 0x87, 0x01, 0x00, 0x00, 0x00,
    0x00, 0x00, 0x00, 0x07, 0xFF, 0xFF, 0xFF, 0xFF, 0xF8, 0xFE, 0xFF, 0xF8, 0x00, 0x00, 0x00, 0x00,
    0x00, 0x00, 0x00, 0x00, 0xC0, 0xF0, 0xF8, 0xFC, 0x18, 0x18, 0xF8, 0xF8, 0x38, 0x08, 0x00, 0x00,
    0x00, 0x00, 0x00, 0x00, 0x00, 0x00, 0x00, 0x04, 0x00, 0x00, 0x00, 0x04, 0x04, 0x04, 0x04, 0x02,
    0x00, 0x00, 0x00, 0x00, 0x00, 0x00, 0x00, 0x03, 0x03, 0x03, 0x03, 0x03, 0x03, 0x03, 0x03, 0x00,
    0x1F, 0x01, 0x00, 0x00, 0x00, 0x00, 0x00, 0x00, 0x00, 0x00, 0x00, 0x00, 0x00, 0x00, 0x00, 0x00,
    0xFE, 0xFF, 0x07, 0x00, 0x00, 0x00, 0x00, 0x00, 0x00, 0x00, 0x00, 0x00, 0x00, 0x00, 0x00, 0x00,
    0xEF, 0xFF, 0xE0, 0x00, 0x01, 0x00, 0x00, 0x00, 0x00, 0x00, 0x00, 0x00, 0x00, 0x00, 0x00, 0x00,
    0xFF, 0x80, 0x00, 0xFF, 0xFF, 0x7F, 0x0D, 0x01, 0x00, 0x00, 0x00, 0x00, 0x00, 0x00, 0x00, 0x00,
    0x3F, 0x1D, 0x3C, 0xF9, 0xFC, 0xFF, 0xDF, 0xFF, 0x00, 0x02, 0x03, 0x06, 0x03, 0x00, 0x00, 0x00,
    0x90, 0xFF, 0x07, 0x80, 0x40, 0xFF, 0xFF, 0xFF, 0x00, 0x00, 0xF8, 0x7F, 0xBF, 0x00, 0x00, 0x00,
    0xF0, 0x7F, 0xB4, 0x1F, 0x03, 0xBF, 0xFF, 0xFF, 0x00, 0x00, 0x40, 0xE0, 0xFC, 0x40, 0x00, 0x00,
    0x00, 0x00, 0x7C, 0x4F, 0xE0, 0x00, 0xC0, 0xF8, 0x00, 0x00, 0x00, 0x00, 0x00, 0x00, 0x00, 0x00,
    0x0F, 0x03, 0x00, 0x00, 0x00, 0x00, 0x00, 0x00, 0x00, 0x00, 0x00, 0x00, 0x00, 0x00, 0x00, 0x00,
    0xFF, 0xFF, 0xFE, 0x7E, 0x00, 0x00, 0x00, 0x00, 0x00, 0x00, 0x00, 0x00, 0x00, 0x00, 0x00, 0x00,
    0xFF, 0xFF, 0x00, 0x00, 0x00, 0x00, 0x00, 0x00, 0x00, 0x00, 0x00, 0x00, 0x00, 0x00, 0x00, 0x00,
    0xFF, 0xFF, 0xFF, 0xFF, 0xFF, 0x07, 0x01, 0x00, 0x00, 0x00, 0x00, 0x00, 0x00, 0x00, 0x00, 0x00,
    0xFC, 0xFC, 0xFC, 0xF8, 0xF8, 0xF8, 0xF8, 0xFC, 0x00, 0x00, 0x00, 0x00, 0x00, 0x00, 0x00, 0x00,
    0x06, 0x06, 0x06, 0x06, 0x06, 0x07, 0x07, 0x07, 0x00, 0x00, 0x00, 0x00, 0x00, 0x00, 0x00, 0x00,
    0x03, 0x01, 0x01, 0x01, 0x00, 0x00, 0x00, 0x00, 0x00, 0x00, 0x00, 0x00, 0x00, 0x00, 0x00, 0x00,
    0xE1, 0x3F, 0x0F, 0x03, 0x01, 0x01, 0x00, 0x00, 0x00, 0x00, 0x00, 0x00, 0x00, 0x00, 0x00, 0x00,
    0xFF, 0xFF, 0xFF, 0xFF, 0xFF, 0xFF, 0xFF, 0x7F, 0x00, 0x00, 0x00, 0x00, 0x00, 0x00, 0x00, 0x00,
    0xFF, 0xBF, 0xBF, 0xBF, 0xFF, 0xFF, 0xFF, 0xFF, 0x00, 0x00, 0x00, 0x00, 0x00, 0x00, 0x00, 0x00,
    0x80, 0xC0, 0xE0, 0xF0, 0xF8, 0xFC, 0xFF, 0xFF, 0x00, 0x00, 0x00, 0x00, 0x00, 0x00, 0x00, 0x00,
    0x00, 0x00, 0x00, 0x00, 0x00, 0x00, 0x00, 0xC0, 0x00, 0x00, 0x00, 0x00, 0x00, 0x00, 0x00, 0x00,
    0x1F, 0x0F, 0x07, 0x00, 0x01, 0x00, 0x00, 0x00, 0x00, 0x00, 0x00, 0x01, 0x00, 0x00, 0x01, 0x03,
    0xFF, 0xFB, 0x55, 0xEA, 0x55, 0xAA, 0x40, 0x00, 0x00, 0x04, 0xAA, 0x15, 0xAA, 0x55, 0xBF, 0xFF,
    0xFF, 0xBE, 0x15, 0x8A, 0x00, 0x02, 0x00, 0x00, 0x00, 0x41, 0xEA, 0x75, 0xFF, 0xFD, 0xFF, 0xFF,
    0xFF, 0xEE, 0x55, 0xAA, 0x04, 0x22, 0x00, 0x00, 0x00, 0x11, 0xAA, 0x55, 0xFB, 0xDD, 0xFF, 0xFF,
    0xFF, 0xFF, 0x55, 0xAE, 0x44, 0x22, 0x00, 0x00, 0x00, 0x00, 0xAA, 0x51, 0xBB, 0xDD, 0xFF, 0xFF,
    0xFF, 0xBB, 0x55, 0xEE, 0x55, 0x2A, 0x00, 0x00, 0x00, 0x44, 0xAA, 0x11, 0xAA, 0xD5, 0xFF, 0xFF,
    0xFF, 0xFE, 0x55, 0xEA, 0x54, 0xAA, 0x10, 0x00, 0x00, 0x01, 0xAA, 0x15, 0xAB, 0x55, 0xEF, 0xFF,
    0xFF, 0xFF, 0x55, 0xBF, 0x55, 0xAA, 0x11, 0x00, 0x00, 0x00, 0xAA, 0x40, 0xAA, 0x55, 0xEE, 0xFF,
    0xFF, 0xFF, 0x55, 0xFA, 0x55, 0xAA, 0x10, 0x00, 0x00, 0x00, 0xAA, 0x05, 0xAA, 0x55, 0xEF, 0xFF,
    0xFF, 0xFF, 0x55, 0xFE, 0x55, 0xBB, 0x55, 0x00, 0x00, 0x00, 0xAA, 0x01, 0xAA, 0x44, 0xAA, 0xFF,
    0xFE, 0xFF, 0x55, 0xAA, 0x55, 0xAA, 0x50, 0x00, 0x00, 0x00, 0xAA, 0x55, 0xAA, 0x55, 0xAE, 0x00,
    0x07, 0x07, 0x01, 0x03, 0x01, 0x02, 0x01, 0x00, 0x00, 0x00, 0x02, 0x00, 0x02, 0x01, 0x02, 0x03,
    0x80, 0x80, 0x40, 0xC0, 0x40, 0x80, 0x00, 0x00, 0x00, 0x00, 0x80, 0x00, 0x80, 0x40, 0xE0, 0xE0,
    0xFF, 0xFF, 0x55, 0xEE, 0x55, 0x3A, 0x50, 0x00, 0x00, 0x00, 0xAA, 0x11, 0xAA, 0x45, 0x2F, 0x7F,
    0x08, 0x00, 0x00, 0x00, 0x00, 0x00, 0x00, 0x00, 0x00, 0x00, 0x00, 0x00, 0x00, 0x00, 0x00, 0x00,
    0x00, 0x00, 0x00, 0x00, 0x00, 0x00, 0x00, 0x00, 0x07, 0x0F, 0x1F, 0x1F, 0x1F, 0x1F, 0x1F, 0x1F,
    0x00, 0x00, 0x00, 0x00, 0x00, 0x00, 0x00, 0x00, 0xFF, 0xFF, 0xFF, 0xFF, 0xFF, 0xFF, 0xFE, 0xFC,
    0x00, 0x00, 0x00, 0x00, 0x05, 0x43, 0x21, 0x04, 0xFF, 0xFF, 0xFC, 0xF8, 0x80, 0x00, 0x00, 0x00,
    0x00, 0x00, 0x00, 0x00, 0x00, 0x00, 0xA0, 0x40, 0xFF, 0xFF, 0x01, 0x00, 0x00, 0x00, 0x00, 0x00,
    0x00, 0x00, 0x00, 0x00, 0x00, 0x00, 0x00, 0x00, 0xFE, 0xFC, 0xFC, 0x04, 0x00, 0x00, 0x00, 0x00,
    0xC0, 0xE0, 0x50, 0x04, 0x28, 0x12, 0x00, 0x00, 0x00, 0x00, 0x00, 0x00, 0x00, 0x00, 0x00, 0x00,
    0x00, 0x00, 0x00, 0x00, 0x00, 0x00, 0x00, 0x00, 0xE0, 0xF0, 0x10, 0x00, 0x00, 0x00, 0x00, 0x00,
    0x00, 0x00, 0x00, 0x00, 0x00, 0x00, 0x00, 0x00, 0x7F, 0x7F, 0x7F, 0x00, 0x00, 0x00, 0x00, 0x00,
    0x00, 0x00, 0x55, 0x15, 0x00, 0x00, 0x00, 0x00, 0xFF, 0xFF, 0xAA, 0x00, 0x00, 0x00, 0x00, 0x00,
    0x00, 0x2A, 0xFF, 0x54, 0x00, 0x00, 0x00, 0x00, 0xFF, 0xD5, 0x00, 0x00, 0x00, 0x00, 0x00, 0x00,
    0x01, 0xF7, 0xAA, 0x00, 0x00, 0x00, 0x00, 0x00, 0xFE, 0x00, 0x00, 0x00, 0x00, 0x00, 0x00, 0x00,
    0x55, 0x55, 0x88, 0x00, 0x00, 0x00, 0x00, 0x00, 0xAA, 0x00, 0x00, 0x00, 0x00, 0x00, 0x00, 0x00,
    0x00, 0x00, 0x00, 0x00, 0x00, 0x00, 0x00, 0x00, 0x1F, 0x1F, 0x1F, 0x3F, 0x3F, 0x3F, 0x3F, 0x3F,
    0x00, 0x00, 0x00, 0x00, 0x00, 0x00, 0x00, 0x01, 0xFF, 0xFF, 0xFF, 0xFF, 0xFF, 0xFF, 0xFF, 0xFE,
    0x00, 0x00, 0x00, 0x00, 0x00, 0x00, 0x00, 0x18, 0xFF, 0xFF, 0xFF, 0xFF, 0xFF, 0xFF, 0xFF, 0xE6,
    0x00, 0x00, 0x00, 0x00, 0x00, 0x00, 0x40, 0x00, 0xFF, 0xFF, 0xFF, 0xFF, 0xFC, 0xF0, 0x80, 0x00,
    0x00, 0x02, 0x00, 0x2B, 0x00, 0x00, 0x00, 0x00, 0xFF, 0xFD, 0xFF, 0xD4, 0x00, 0x00, 0x00, 0x00,
    0x00, 0xA8, 0x50, 0xB0, 0x70, 0x00, 0x00, 0x00, 0xFC, 0x54, 0xA8, 0x40, 0x00, 0x00, 0x00, 0x00,
    0x06, 0x02, 0x00, 0x00, 0x00, 0x00, 0x00, 0x00, 0x00, 0x00, 0x00, 0x00, 0x00, 0x00, 0x00, 0x00,
    0x08, 0x00, 0x80, 0x00, 0x00, 0x00, 0x00, 0x00, 0x00, 0x00, 0x00, 0x00, 0x00, 0x00, 0x00, 0x00,
    0x00, 0x00, 0x00, 0x00, 0x00, 0x00, 0x00, 0x00, 0x00, 0x00, 0x00, 0x00, 0x00, 0x03, 0x03, 0x07,
    0x00, 0x00, 0x00, 0x00, 0x00, 0x00, 0x00, 0x00, 0x00, 0x00, 0x00, 0x00, 0xFE, 0xFE, 0xFC, 0xF8,
    0x00, 0x00, 0x00, 0x00, 0x00, 0x00, 0x00, 0x00, 0x00, 0x00, 0x00, 0x00, 0x01, 0x03, 0x07, 0x07,
    0x00, 0x00, 0x00, 0x00, 0x00, 0x00, 0x00, 0x11, 0x7F, 0x7F, 0xFF, 0xFF, 0xFF, 0xFF, 0xFF, 0xEE,
    0x00, 0x00, 0x00, 0x01, 0x00, 0x05, 0x00, 0x50, 0xFF, 0xFF, 0xFF, 0xFE, 0xFF, 0xFA, 0xFF, 0xA8,
    0x00, 0x55, 0x02, 0x55, 0x0A, 0x57, 0x00, 0x00, 0xFF, 0xAA, 0xFD, 0xAA, 0xF5, 0xA8, 0x00, 0x00,
    0x00, 0x58, 0xA0, 0xC0, 0x80, 0x00, 0x00, 0x00, 0xFC, 0xA0, 0x50, 0x00, 0x00, 0x00, 0x00, 0x00,
    0x00, 0x00, 0x00, 0x00, 0x00, 0x00, 0x00, 0x00, 0x07, 0x07, 0x07, 0x0F, 0x06, 0x04, 0x00, 0x00,
    0x00, 0x00, 0x00, 0x00, 0x00, 0x00, 0x00, 0x00, 0xF0, 0xE0, 0x80, 0x00, 0x00, 0x00, 0x00, 0x00,
    0x00, 0x00, 0x00, 0x00, 0x00, 0x00, 0x00, 0x01, 0x00, 0x00, 0x00, 0x00, 0x03, 0x07, 0x0F, 0x1E,
    0x00, 0x00, 0x00, 0x01, 0x00, 0x45, 0x02, 0x55, 0x1F, 0x1F, 0x7F, 0xFE, 0xFF, 0xBA, 0xFD, 0xAA,
    0x00, 0x55, 0x02, 0x55, 0x2B, 0x56, 0x28, 0x50, 0xFF, 0xAA, 0xFD, 0xAA, 0xD4, 0xA8, 0xD0, 0xA0,
    0x80, 0x40, 0xA0, 0x80, 0x00, 0x00, 0x00, 0x00, 0x70, 0xA0, 0x40, 0x00, 0x00, 0x00, 0x00, 0x00,
    0x00, 0x00, 0x00, 0x01, 0x00, 0x01, 0x00, 0x00, 0x00, 0x00, 0x01, 0x00, 0x07, 0x00, 0x00, 0x00,
    0x00, 0x15, 0x02, 0x55, 0x2B, 0x78, 0x00, 0x00, 0x7F, 0x6A, 0xFD, 0xAA, 0xD4, 0x80, 0x00, 0x00,
    0x0A, 0x57, 0x2E, 0xE0, 0x00, 0x00, 0x00, 0x00, 0xF5, 0xA8, 0xD0, 0x00, 0x00, 0x00, 0x00, 0x00,
    0xA0, 0x80, 0x00, 0x00, 0x00, 0x00, 0x00, 0x00, 0x40, 0x00, 0x00, 0x00, 0x00, 0x00, 0x00, 0x00,
    0xFF, 0xFF, 0xFF, 0xFF, 0xFF, 0xFF, 0xFF, 0xFF, 0x7C, 0x7C, 0x3C, 0x3C, 0x3C, 0x3C, 0x3C, 0x3C,
    0xFF, 0xFF, 0xFF, 0xFF, 0xFF, 0xFF, 0xFF, 0xFF, 0xE0, 0xF8, 0x7C, 0x3C, 0x3C, 0x78, 0xF0, 0x78,
    0xFF, 0xFF, 0xFF, 0xFF, 0xFF, 0xFF, 0xFF, 0xFF, 0x01, 0x01, 0x05, 0x05, 0x0D, 0x0D, 0x0C, 0x18,
    0xFF, 0xFF, 0xFF, 0xFF, 0xFF, 0xFF, 0xFF, 0xFF, 0x80, 0x80, 0xC0, 0xC0, 0xE0, 0xE0, 0xF0, 0xF0,
    0xFF, 0xFF, 0xFF, 0xFF, 0xFF, 0xFF, 0xFF, 0xFF, 0x73, 0x73, 0x63, 0x43, 0x43, 0x03, 0x03, 0x03,
    0xFF, 0xFF, 0xFF, 0xFF, 0xFF, 0xFF, 0xFF, 0xFF, 0xE7, 0xE7, 0xE3, 0xE1, 0xE1, 0xE0, 0xE0, 0xE0,
    0xFF, 0xFF, 0xFF, 0xFF, 0xFF, 0xFF, 0xFF, 0xFF, 0x3F, 0x3F, 0x1F, 0x1F, 0x1F, 0x1F, 0x1F, 0x1F,
    0xFF, 0xFF, 0xFF, 0xFF, 0xFF, 0xFF, 0xFF, 0xFF, 0x80, 0x80, 0x00, 0x00, 0x00, 0x00, 0x00, 0x00,
    0xFF, 0xFF, 0xFF, 0xFF, 0xFF, 0xFF, 0xFF, 0xFF, 0x3E, 0x3E, 0x1E, 0x1E, 0x1E, 0x1E, 0x1E, 0x1E,
    0xFF, 0xFF, 0xFF, 0xFF, 0xFF, 0xFF, 0xFF, 0xFF, 0x7C, 0x7C, 0x1C, 0x0C, 0x00, 0x10, 0x30, 0x70,
    0xFF, 0xFF, 0xFF, 0xFF, 0xFF, 0xFF, 0xFF, 0xFF, 0x3E, 0x3F, 0x1F, 0x1F, 0x0F, 0x07, 0x17, 0x13,
    0xFF, 0xFF, 0xFF, 0xFF, 0xFF, 0xFF, 0xFF, 0xFF, 0x1F, 0x1F, 0x86, 0x86, 0xC6, 0xE6, 0xE6, 0xF2,
    0xFF, 0xFF, 0xFF, 0xFF, 0xFF, 0xFF, 0xFF, 0xFF, 0x7E, 0x7E, 0x3C, 0x3C, 0x3C, 0x3C, 0x3D, 0x3D,
    0xFF, 0xFF, 0xFF, 0xFF, 0xFF, 0xFF, 0xFF, 0xFF, 0x0F, 0x0F, 0x1F, 0x3C, 0x78, 0xF0, 0xE0, 0xC0,
    0xFF, 0xFF, 0xFF, 0xFF, 0xFF, 0xFF, 0xFF, 0xFF, 0x3E, 0x08, 0x08, 0x08, 0x00, 0x00, 0x00, 0x00,
    0xFF, 0xFF, 0xFF, 0xFF, 0xFF, 0xFF, 0xFF, 0xFF, 0xD8, 0xA8, 0x88, 0x88, 0x00, 0x00, 0x00, 0x00,
    0xFF, 0xFF, 0xFF, 0xFF, 0xFF, 0xFF, 0xFF, 0xFF, 0x3C, 0x3C, 0x3C, 0x3C, 0x3C, 0x3C, 0x7C, 0x7C,
    0xFF, 0xFF, 0xFF, 0xFF, 0xFF, 0xFF, 0xFF, 0xFF, 0x3C, 0x3E, 0x3E, 0x3E, 0x3E, 0x7C, 0xF8, 0xE0,
    0xFF, 0xFF, 0xFF, 0xFF, 0xFF, 0xFF, 0xFF, 0xFF, 0x1B, 0x1B, 0x30, 0x30, 0x60, 0x60, 0xF8, 0xF8,
    0xFF, 0xFF, 0xFF, 0xFF, 0xFF, 0xFF, 0xFF, 0xFF, 0xF8, 0xF8, 0x3C, 0x3C, 0x1E, 0x1E, 0x3F, 0x3F,
    0xFF, 0xFF, 0xFF, 0xFF, 0xFF, 0xFF, 0xFF, 0xFF, 0x03, 0x03, 0x03, 0x03, 0x03, 0x03, 0x07, 0x07,
    0xFF, 0xFF, 0xFF, 0xFF, 0xFF, 0xFF, 0xFF, 0xFF, 0xE0, 0xE0, 0xE0, 0xE0, 0xE0, 0xE0, 0xF0, 0xF0,
    0xFF, 0xFF, 0xFF, 0xFF, 0xFF, 0xFF, 0xFF, 0xFF, 0x1F, 0x1F, 0x1F, 0x1F, 0x1F, 0x1F, 0x3F, 0x3F,
    0xFF, 0xFF, 0xFF, 0xFF, 0xFF, 0xFF, 0xFF, 0xFF, 0x00, 0x00, 0x00, 0x03, 0x03, 0x07, 0x3F, 0x3F,
    0xFF, 0xFF, 0xFF, 0xFF, 0xFF, 0xFF, 0xFF, 0xFF, 0x1E, 0x1E, 0x1E, 0x1E, 0x1E, 0x1E, 0x3E, 0x3E,
    0xFF, 0xFF, 0xFF, 0xFF, 0xFF, 0xFF, 0xFF, 0xFF, 0x70, 0x30, 0x10, 0x00, 0x0C, 0x1C, 0x7C, 0x7C,
    0xFF, 0xFF, 0xFF, 0xFF, 0xFF, 0xFF, 0xFF, 0xFF, 0x19, 0x19, 0x18, 0x18, 0x18, 0x18, 0x7E, 0x7E,
    0xFF, 0xFF, 0xFF, 0xFF, 0xFF, 0xFF, 0xFF, 0xFF, 0xFA, 0xF8, 0xFC, 0x7E, 0x7E, 0x3E, 0x3E, 0x1E,
    0xFF, 0xFF, 0xFF, 0xFF, 0xFF, 0xFF, 0xFF, 0xFF, 0x3D, 0x3D, 0x3C, 0x3C, 0x3C, 0x3C, 0x7E, 0x7E,
    0xFF, 0xFF, 0xFF, 0xFF, 0xFF, 0xFF, 0xFF, 0xFF, 0xC0, 0xE0, 0xF0, 0x78, 0x3C, 0x1E, 0x0F, 0x0F,
    0x00, 0x00, 0x00, 0x00, 0x00, 0x00, 0x00, 0x00, 0x00, 0x00, 0x00, 0x00, 0x00, 0x00, 0x00, 0x00,
    0x00, 0x00, 0x00, 0x00, 0x00, 0x00, 0x00, 0x00, 0x00, 0x00, 0x00, 0x00, 0x00, 0x00, 0x00, 0x00,
    0x00, 0x00, 0x00, 0x00, 0x00, 0x00, 0x00, 0x00, 0x00, 0x00, 0x00, 0x00, 0x00, 0x00, 0x00, 0x00,
    0x00, 0x00, 0x00, 0x00, 0x00, 0x00, 0x00, 0x00, 0x00, 0x00, 0x00, 0x00, 0x00, 0x00, 0x00, 0x00,
    0x00, 0x00, 0x00, 0x00, 0x00, 0x00, 0x00, 0x00, 0x00, 0x00, 0x00, 0x00, 0x00, 0x00, 0x00, 0x00,
    0xFF, 0xFF, 0xFF, 0xFF, 0xFF, 0xFF, 0xFF, 0xFF, 0x00, 0x00, 0x00, 0x00, 0x00, 0x00, 0x00, 0x00,
    0xFF, 0xFF, 0xFF, 0xFF, 0xFF, 0xFF, 0xFF, 0xFF, 0xFF, 0xFF, 0xFF, 0xFF, 0xFF, 0xFF, 0xFF, 0xFF,
    0x00, 0x00, 0x00, 0x00, 0x00, 0x00, 0x00, 0x00, 0x00, 0x00, 0x00, 0x08, 0x00, 0x00, 0x00, 0x00,
    0x00, 0x00, 0x00, 0x00, 0x00, 0x00, 0x00, 0x00, 0x00, 0x00, 0x04, 0x10, 0x00, 0x00, 0x00, 0x00,
    0x00, 0x00, 0x00, 0x00, 0x00, 0x00, 0x00, 0x00, 0x00, 0x00, 0x08, 0x20, 0x08, 0x00, 0x00, 0x00,
    0x00, 0x00, 0x00, 0x00, 0x00, 0x00, 0x00, 0x00, 0x00, 0x00, 0x08, 0x42, 0x28, 0x00, 0x00, 0x00,
    0x3F, 0x4F, 0x2F, 0x07, 0x07, 0x1F, 0x0F, 0x0F, 0x00, 0x00, 0x00, 0x00, 0x00, 0x00, 0x00, 0x00,
    0x87, 0x2B, 0x43, 0x2B, 0x13, 0x47, 0x97, 0x0F, 0x00, 0x00, 0x00, 0x00, 0x00, 0x00, 0x00, 0x00,
    0x02, 0x51, 0x05, 0x11, 0x25, 0x01, 0x29, 0x03, 0x00, 0x00, 0x00, 0x00, 0x00, 0x00, 0x00, 0x00,
    0x04, 0x01, 0x08, 0x02, 0x08, 0x01, 0x04, 0x02, 0x00, 0x00, 0x00, 0x00, 0x00, 0x00, 0x00, 0x00,
    0x00, 0x00, 0x00, 0x00, 0x00, 0x00, 0x00, 0x7F, 0x00, 0x00, 0x00, 0x00, 0x00, 0x00, 0x00, 0xFF,
    0x00, 0x00, 0x00, 0x00, 0x00, 0x00, 0x00, 0xFF, 0x00, 0x00, 0x00, 0x00, 0x00, 0x00, 0x00, 0xFF,
    0x00, 0x00, 0x00, 0x00, 0x00, 0x00, 0x00, 0xF0, 0x00, 0x00, 0x00, 0x00, 0x00, 0x00, 0x00, 0xF0,
    0x01, 0x03, 0x07, 0x0F, 0x1F, 0x3F, 0x7F, 0xFF, 0x01, 0x03, 0x07, 0x0F, 0x1F, 0x3F, 0x7F, 0xFF,
    0x80, 0xDF, 0xE0, 0xF7, 0xF0, 0xFB, 0xFC, 0xFE, 0xFF, 0xFF, 0xFF, 0xFF, 0xFF, 0xFF, 0xFF, 0xFF,
    0x00, 0xFF, 0x00, 0xFF, 0x00, 0xFF, 0x00, 0xFF, 0xFF, 0xFF, 0xFF, 0xFF, 0xFF, 0xFF, 0xFF, 0xFF,
    0x00, 0xFC, 0x00, 0xFF, 0x00, 0xFF, 0x00, 0xFF, 0xF8, 0xFC, 0xFE, 0xFF, 0xFF, 0xFF, 0xFF, 0xFF,
    0x00, 0x00, 0x00, 0x00, 0x00, 0xC0, 0x00, 0xF0, 0x00, 0x00, 0x00, 0x00, 0x80, 0xC0, 0xE0, 0xF0,
    0x00, 0xBF, 0xC0, 0xEF, 0xF0, 0xF7, 0xF8, 0xFD, 0xFF, 0xFF, 0xFF, 0xFF, 0xFF, 0xFF, 0xFF, 0xFF,
    0x00, 0x00, 0x00, 0x00, 0x00, 0x00, 0x00, 0x0F, 0x00, 0x00, 0x00, 0x00, 0x00, 0x00, 0x0F, 0x30,
    0x00, 0x00, 0x00, 0x00, 0x00, 0x00, 0x00, 0xE0, 0x00, 0x00, 0x00, 0x00, 0x00, 0x00, 0xE0, 0x18,
    0xFF, 0x7F, 0x7F, 0x78, 0x7C, 0x7F, 0x7F, 0x7C, 0xFF, 0x7F, 0x7F, 0x7F, 0x7B, 0x7B, 0x7B, 0x7B,
    0xFF, 0xFF, 0xFF, 0x1F, 0x00, 0xE0, 0xFF, 0xFF, 0xFF, 0xFF, 0xFF, 0xFF, 0xFF, 0xFF, 0xFF, 0x3F,
    0xFF, 0xFF, 0xFF, 0xFF, 0x0F, 0x00, 0xF0, 0xFF, 0xFF, 0xFF, 0xFF, 0xFF, 0xFF, 0xFF, 0xFF, 0xFF,
    0xFE, 0xFF, 0xFF, 0xFF, 0xFF, 0x3E, 0x7E, 0xFE, 0xFF, 0xFF, 0xFF, 0xFE, 0xFE, 0xFF, 0xBF, 0xBF,
    0x00, 0x7F, 0xBF, 0xFF, 0xFF, 0x00, 0x00, 0x00, 0xFF, 0xFF, 0xFF, 0x00, 0x00, 0xFF, 0xFF, 0xFF,
    0x00, 0xFF, 0xFF, 0xFF, 0xFF, 0x06, 0x06, 0x1F, 0xFF, 0xFF, 0xFF, 0x00, 0x00, 0xF9, 0xF9, 0xE0,
    0x00, 0xFF, 0xFF, 0xFF, 0xFF, 0x10, 0x10, 0xFF, 0xFF, 0xFF, 0xFF, 0x00, 0x00, 0xEF, 0xEF, 0x00,
    0x00, 0xFF, 0xFF, 0xFF, 0xFF, 0x41, 0x41, 0xFF, 0xFF, 0xFF, 0xFF, 0x00, 0x00, 0xBE, 0xBE, 0x00,
    0x00, 0xFF, 0xFF, 0xFF, 0xFF, 0x04, 0x04, 0xFF, 0xFF, 0xFF, 0xFF, 0x00, 0x00, 0xFB, 0xFB, 0x00,
    0x00, 0xFC, 0xFE, 0xFE, 0xFC, 0x10, 0x10, 0xFC, 0xF8, 0xFC, 0xFE, 0x00, 0x02, 0xEC, 0xEC, 0x00,
    0x00, 0x00, 0x0F, 0x20, 0x3E, 0x0F, 0x00, 0x04, 0x00, 0x0F, 0x30, 0x3F, 0x0F, 0x30, 0x3F, 0x3F,
    0x20, 0x1E, 0xE7, 0x00, 0x9C, 0xFC, 0x38, 0x3F, 0x3F, 0xEF, 0x18, 0xFF, 0xE7, 0x07, 0xC7, 0xC0,
    0x00, 0x98, 0xF0, 0x30, 0x30, 0x20, 0x18, 0xF0, 0xF8, 0xE0, 0x08, 0xC8, 0xC8, 0xD8, 0xE0, 0x08,
    0x7C, 0x7C, 0x7C, 0x7C, 0x7C, 0x7C, 0x7C, 0x7C, 0x7B, 0x7B, 0x7B, 0x7B, 0x7B, 0x7B, 0x7B, 0x7B,
    0xFF, 0xFF, 0xE2, 0xE2, 0xE2, 0xFF, 0xE2, 0xE2, 0x00, 0x00, 0x00, 0x00, 0x00, 0x00, 0x00, 0x00,
    0xFF, 0xFF, 0x23, 0x23, 0x23, 0xFF, 0x23, 0x23, 0x07, 0x00, 0x00, 0x00, 0x00, 0x00, 0x00, 0x00,
    0xFE, 0xFE, 0xFE, 0xFE, 0xFE, 0xFE, 0xFE, 0xFF, 0xBF, 0x3F, 0x3F, 0x3F, 0x3F, 0x3F, 0x3F, 0x3E,
    0x00, 0x00, 0x00, 0x07, 0x07, 0x47, 0x47, 0xE4, 0xFF, 0xFF, 0xFF, 0xF8, 0xF8, 0xB8, 0xB8, 0x1B,
    0x38, 0x20, 0x60, 0xFF, 0xBD, 0xBD, 0xBD, 0x00, 0xC7, 0xDF, 0x9F, 0x00, 0x42, 0x42, 0x42, 0xFF,
    0x82, 0x82, 0x82, 0xFF, 0xF0, 0xF0, 0xF0, 0x1F, 0x7D, 0x7D, 0x7D, 0x00, 0x0F, 0x0F, 0x0F, 0xE0,
    0x08, 0x08, 0x08, 0xFF, 0x7D, 0x7D, 0x7D, 0xE0, 0xF7, 0xF7, 0xF7, 0x00, 0x82, 0x82, 0x82, 0x1F,
    0x20, 0x20, 0x20, 0xFF, 0xEF, 0xEF, 0xEF, 0x00, 0xDF, 0xDF, 0xDF, 0x00, 0x10, 0x10, 0x10, 0xFF,
    0x80, 0x00, 0x80, 0x8C, 0x80, 0x80, 0x80, 0x80, 0x7C, 0xFC, 0x7C, 0x70, 0x7C, 0x7C, 0x7C, 0x7C,
    0x04, 0x30, 0x0F, 0x04, 0x04, 0x04, 0x30, 0x0F, 0x3F, 0x0F, 0x30, 0x3F, 0x3F, 0x3F, 0x0F, 0x30,
    0x20, 0x1C, 0xFC, 0x38, 0x3F, 0x24, 0x1C, 0xF8, 0xDF, 0xE7, 0x07, 0xC7, 0xC0, 0xDF, 0xE7, 0x07,
    0x30, 0x30, 0x20, 0x18, 0xF0, 0x30, 0x30, 0x30, 0xC8, 0xC8, 0xD8, 0xE0, 0x08, 0xC8, 0xC8, 0xC8,
    0x7C, 0x7C, 0x7C, 0x7C, 0x7C, 0x74, 0x6C, 0x3C, 0x7B, 0x7B, 0x7B, 0x7B, 0x7B, 0x7B, 0x7B, 0x7B,
    0xE2, 0xFF, 0xFF, 0xFF, 0xFF, 0xFF, 0xFF, 0xFF, 0x00, 0x00, 0x00, 0x00, 0x00, 0x00, 0x00, 0x00,
    0x23, 0xFF, 0xFF, 0xFF, 0xFF, 0xFF, 0xFF, 0xFF, 0x00, 0x00, 0x00, 0x00, 0x00, 0x00, 0x00, 0x00,
    0xFE, 0xFE, 0xFE, 0xFE, 0xFE, 0xFE, 0xFE, 0xFF, 0x3F, 0x3F, 0x3F, 0x3F, 0x3F, 0x3F, 0x3F, 0x3E,
    0x07, 0x07, 0x07, 0x3F, 0x41, 0x41, 0x41, 0xFF, 0xF8, 0xF8, 0xF8, 0xC0, 0xBE, 0xBE, 0xBE, 0x00,
    0xBD, 0xBD, 0xBD, 0xFF, 0x04, 0x04, 0x04, 0xFF, 0x42, 0x42, 0x42, 0x00, 0xFB, 0xFB, 0xFB, 0x00,
    0xF2, 0xF2, 0xF2, 0xFF, 0x10, 0x10, 0x10, 0xFF, 0x0D, 0x0D, 0x0D, 0x00, 0xEF, 0xEF, 0xEF, 0x00,
    0x3D, 0x3D, 0x3D, 0xFF, 0x40, 0x40, 0x41, 0xFF, 0xC2, 0xC2, 0xC2, 0x00, 0xBF, 0xBF, 0xBE, 0x00,
    0xEF, 0xEF, 0xEF, 0xFF, 0x40, 0xC0, 0x80, 0x80, 0x10, 0x10, 0x10, 0x00, 0xBF, 0x3F, 0x7F, 0x7F,
    0x80, 0x80, 0x80, 0x80, 0x00, 0x00, 0x00, 0x00, 0x7C, 0x7C, 0x7C, 0x7C, 0xFC, 0xFC, 0xFC, 0xFC,
    0x04, 0x04, 0x10, 0x0F, 0x00, 0x00, 0x00, 0x00, 0x3F, 0x3F, 0x2F, 0x00, 0x00, 0x00, 0x00, 0x00,
    0x3F, 0x38, 0x30, 0xE0, 0x00, 0x00, 0x00, 0x00, 0xC0, 0xC0, 0xC8, 0x00, 0x00, 0x00, 0x00, 0x00,
    0xE0, 0x00, 0x00, 0x00, 0x00, 0x00, 0x00, 0x00, 0x00, 0x00, 0x00, 0x00, 0x00, 0x00, 0x00, 0x00,
    0x54, 0x7C, 0x0C, 0x00, 0x00, 0x00, 0x00, 0x00, 0x7B, 0x7B, 0x7B, 0x00, 0x00, 0x00, 0x00, 0x00,
    0xFF, 0xFF, 0xFF, 0x00, 0x00, 0x00, 0x00, 0x00, 0x00, 0x00, 0x00, 0x00, 0x00, 0x00, 0x00, 0x00,
    0xFF, 0xFF, 0xFF, 0x7F, 0x00, 0x00, 0x00, 0x00, 0x00, 0x00, 0x00, 0x00, 0x00, 0x00, 0x00, 0x00,
    0xFE, 0xFE, 0xFE, 0xF4, 0x7E, 0x6E, 0x5E, 0x03, 0x3D, 0x3F, 0x3F, 0x3F, 0x2F, 0x3D, 0x25, 0x04,
    0x68, 0x28, 0x28, 0x1F, 0x07, 0x01, 0x01, 0xFF, 0x97, 0xD7, 0xD7, 0xE0, 0xF8, 0xFE, 0xFE, 0x00,
    0x20, 0x20, 0x20, 0xFF, 0x04, 0x04, 0x04, 0xFF, 0xDF, 0xDF, 0xDF, 0x00, 0xFB, 0xFB, 0xFB, 0x00,
    0x82, 0x82, 0x82, 0xFF, 0x10, 0x10, 0x10, 0xFF, 0x7D, 0x7D, 0x7D, 0x00, 0xEF, 0xEF, 0xEF, 0x00,
    0x0C, 0x08, 0x08, 0xFE, 0x40, 0x40, 0x40, 0xFF, 0xF3, 0xF7, 0xF7, 0x01, 0xBF, 0xBF, 0xBF, 0x00,
    0x00, 0x00, 0x00, 0x00, 0x01, 0x07, 0x04, 0xFF, 0xFF, 0xFF, 0xFF, 0xFF, 0xFE, 0xF8, 0xFB, 0x00,
    0x00, 0x00, 0x0C, 0x7C, 0x90, 0x10, 0x12, 0xFF, 0xFC, 0xFC, 0xF0, 0x80, 0x6C, 0xEC, 0xEC, 0x00,
    0x00, 0x00, 0x00, 0x00, 0x00, 0x00, 0x00, 0x00, 0x08, 0x08, 0x2A, 0x5D, 0x2A, 0x00, 0x00, 0x00,
    0x00, 0x00, 0x00, 0x00, 0x00, 0x00, 0x00, 0x00, 0x00, 0x65, 0x55, 0x67, 0x55, 0x55, 0x00, 0x00,
    0x00, 0x00, 0x00, 0x00, 0x00, 0x00, 0x00, 0x00, 0x00, 0x10, 0x14, 0x18, 0x00, 0x00, 0x00, 0x00,
    0x00, 0x00, 0x00, 0x00, 0x00, 0x00, 0x00, 0x00, 0x01, 0x01, 0x20, 0x32, 0x10, 0x00, 0x00, 0x00,
    0x00, 0x00, 0x00, 0x00, 0x00, 0x00, 0x00, 0x00, 0x80, 0x84, 0x00, 0xC4, 0x83, 0x00, 0x00, 0x00,
    0x00, 0x00, 0x00, 0x00, 0x00, 0x00, 0x00, 0x00, 0x10, 0x09, 0x0E, 0x08, 0x0C, 0x00, 0x00, 0x00,
    0x00, 0x00, 0x00, 0x00, 0x00, 0x41, 0xC0, 0xFA, 0x00, 0x00, 0x00, 0x00, 0x00, 0x38, 0x7F, 0x07,
    0x00, 0x00, 0x00, 0x00, 0x00, 0xA8, 0x7A, 0xFD, 0x00, 0x00, 0x00, 0x00, 0x0F, 0x5F, 0xC7, 0xE2,
    0x00, 0x00, 0x00, 0x00, 0x06, 0x06, 0x4E, 0xBE, 0x00, 0x00, 0x00, 0x00, 0xF9, 0xFD, 0xF5, 0x41,
    0x00, 0x00, 0x00, 0x00, 0x00, 0x00, 0x00, 0x02, 0x00, 0x00, 0x00, 0x00, 0x80, 0xF0, 0xFE, 0xFD,
    0x00, 0x00, 0x00, 0x00, 0x00, 0x00, 0x3C, 0x3E, 0x00, 0x00, 0x00, 0x00, 0x00, 0x3E, 0x02, 0x00,
    0x00, 0x00, 0x00, 0x00, 0x00, 0x20, 0x40, 0xDF, 0x00, 0x00, 0x00, 0x00, 0x1F, 0x1F, 0x3F, 0x7F,
    0x00, 0x00, 0x00, 0x00, 0x00, 0x00, 0x00, 0xFD, 0x00, 0x00, 0x00, 0x00, 0xFF, 0xFF, 0xFF, 0xFF,
    0x00, 0x01, 0x01, 0x01, 0x01, 0x38, 0x7D, 0x1F, 0x00, 0x00, 0x00, 0x00, 0xE0, 0xC4, 0x82, 0xE0,
    0xFF, 0x80, 0xBE, 0x80, 0xBD, 0x80, 0x73, 0xFF, 0x00, 0x7F, 0x41, 0x7F, 0x42, 0x7F, 0x8C, 0x00,
    0xC1, 0xF8, 0xB8, 0xF0, 0xF0, 0xF0, 0x83, 0xFF, 0x3F, 0x87, 0x47, 0x0F, 0x0F, 0x0F, 0x7F, 0x00,
    0xF8, 0x3F, 0x3F, 0x1F, 0x1F, 0x1F, 0x0F, 0xE0, 0xFF, 0xC0, 0xC0, 0xE0, 0xE0, 0xE0, 0xF0, 0xFF,
    0x3E, 0xC6, 0xEB, 0xFD, 0xFD, 0xFD, 0xF8, 0x42, 0xD1, 0x39, 0x14, 0x02, 0x02, 0x02, 0x07, 0xBF,
    0x30, 0x48, 0x54, 0xB2, 0x83, 0xFF, 0xCE, 0xF8, 0x80, 0xB0, 0xAA, 0x7D, 0x7E, 0x00, 0x30, 0x07,
    0x00, 0x00, 0x00, 0x32, 0x9F, 0xFF, 0x00, 0x00, 0x00, 0x00, 0x7F, 0xFD, 0x60, 0x00, 0x00, 0x00,
    0x00, 0x00, 0x00, 0x32, 0xFF, 0x01, 0x00, 0x00, 0x00, 0x00, 0x01, 0xFD, 0x00, 0x00, 0x00, 0x00,
    0x00, 0x00, 0x81, 0xFF, 0xFF, 0xFF, 0x00, 0x00, 0x00, 0x00, 0x7E, 0x7E, 0x00, 0x00, 0x00, 0x00,
    0x00, 0x00, 0x00, 0x1F, 0xFF, 0x9F, 0x00, 0x00, 0x00, 0x00, 0x9F, 0xEF, 0x00, 0x00, 0x00, 0x00,
    0x00, 0x00, 0x04, 0xF5, 0xF5, 0xF5, 0x00, 0x00, 0x00, 0x00, 0xFB, 0xFB, 0x0A, 0x0A, 0x00, 0x00,
    0x00, 0x00, 0x00, 0xC0, 0xC0, 0xC0, 0x00, 0x00, 0x00, 0x00, 0xC0, 0x80, 0x00, 0x00, 0x00, 0x00,
    0x10, 0x1F, 0x90, 0x7F, 0xC0, 0x7F, 0x8A, 0x80, 0xEF, 0xE0, 0x6F, 0x00, 0x3F, 0x00, 0x7F, 0x7F,
    0x00, 0xFF, 0x01, 0xFE, 0x01, 0xFF, 0xFF, 0x00, 0xFF, 0x01, 0xFF, 0x01, 0xFF, 0x00, 0xFF, 0xFF,
    0xDB, 0x80, 0xB0, 0x8C, 0xFF, 0xFF, 0xFF, 0x40, 0xF4, 0x7F, 0x4F, 0x73, 0x7F, 0x00, 0xBF, 0xBF,
    0xFF, 0xFF, 0xC1, 0xFF, 0xF0, 0xFF, 0xFF, 0x00, 0x00, 0x40, 0x7E, 0x00, 0x1F, 0x00, 0xFF, 0xFF,
    0xFF, 0xFF, 0x3E, 0xE2, 0x63, 0xFF, 0xFF, 0x08, 0x00, 0x00, 0xC3, 0x1D, 0xDC, 0x00, 0xF7, 0xF7,
    0xFF, 0xFF, 0x7E, 0x44, 0xC7, 0xFF, 0xFF, 0x00, 0x00, 0x00, 0xC1, 0xBB, 0x38, 0x00, 0xFF, 0xFF,
    0xFF, 0xFF, 0x59, 0x08, 0x04, 0xFF, 0xFF, 0x01, 0x00, 0x00, 0xFF, 0xF7, 0xFB, 0x00, 0xFE, 0xFE,
    0xF0, 0xFF, 0xBF, 0x10, 0x0F, 0xFF, 0xFF, 0x00, 0x0F, 0x00, 0xE0, 0xFF, 0xFF, 0x00, 0xFF, 0xFF,
    0x00, 0x00, 0xC7, 0x07, 0xFF, 0xFF, 0xFF, 0x04, 0xF0, 0xFF, 0x3E, 0xF9, 0xFF, 0x00, 0xFB, 0xFB,
    0x00, 0x40, 0xF0, 0xFE, 0xFF, 0xFE, 0xFF, 0x00, 0x00, 0x80, 0x00, 0x80, 0xFE, 0x01, 0xFF, 0xFF,
    0x00, 0x00, 0x00, 0x00, 0x00, 0x80, 0x40, 0xC0, 0x00, 0x00, 0x00, 0x00, 0x00, 0x00, 0x80, 0x80,
    0x80, 0x80, 0xF8, 0x88, 0x88, 0x49, 0x3C, 0x0F, 0x7F, 0x7F, 0x07, 0x77, 0x77, 0x36, 0x03, 0x00,
    0x00, 0x00, 0x0F, 0x08, 0x08, 0x89, 0x3F, 0xFD, 0xFF, 0xFF, 0xF0, 0xF7, 0xF7, 0x76, 0xC0, 0x02,
    0x40, 0x40, 0xFE, 0x42, 0x42, 0xF2, 0xFF, 0xFF, 0xBF, 0xBF, 0x01, 0xBD, 0xBD, 0x0D, 0x00, 0x00,
    0x00, 0x00, 0x01, 0x01, 0x01, 0x31, 0x87, 0xFF, 0xFF, 0xFF, 0xFE, 0xFE, 0xFE, 0xCE, 0x78, 0x00,
    0x08, 0x08, 0xFF, 0x08, 0x08, 0x3E, 0xFF, 0xFF, 0xF7, 0xF7, 0x00, 0xF7, 0xF7, 0xC1, 0x00, 0x00,
    0x00, 0x00, 0xC0, 0x40, 0x40, 0x46, 0xF0, 0xFF, 0xFF, 0xFF, 0x3F, 0xBF, 0xBF, 0xB9, 0x0F, 0x00,
    0x01, 0x01, 0x3F, 0x21, 0x21, 0x27, 0xFF, 0xFF, 0xFE, 0xFE, 0xC0, 0xDE, 0xDE, 0xD8, 0x00, 0x00,
    0x00, 0x00, 0xF0, 0x10, 0x10, 0x93, 0xF8, 0xFF, 0xFF, 0xFF, 0x0F, 0xEF, 0xEF, 0x6C, 0x07, 0x00,
    0x04, 0x04, 0x7C, 0x44, 0x44, 0x4F, 0x7F, 0xF7, 0xFB, 0xFB, 0x83, 0xBB, 0xBB, 0xB0, 0x80, 0x08,
    0x00, 0x01, 0x07, 0x1E, 0xFC, 0xF0, 0xB8, 0x38, 0xFF, 0xFE, 0xF8, 0xE0, 0x00, 0x08, 0x50, 0xC0,
    0xC0, 0xC0, 0x00, 0x00, 0x00, 0x00, 0x00, 0x00, 0x40, 0x00, 0x00, 0x00, 0x00, 0x00, 0x00, 0x00,
    0x05, 0x02, 0x01, 0x00, 0x00, 0x00, 0x00, 0x00, 0x02, 0x01, 0x00, 0x00, 0x00, 0x00, 0x00, 0x00,
    0xB9, 0x42, 0xBE, 0xFA, 0x6E, 0x3F, 0x0F, 0x01, 0x46, 0xBD, 0xC1, 0x41, 0x31, 0x08, 0x05, 0x02,
    0x0F, 0x66, 0xF6, 0xF2, 0x76, 0x0F, 0xFF, 0x24, 0xF0, 0x99, 0x29, 0x09, 0x89, 0xF0, 0x24, 0xDB,
    0x0F, 0x66, 0xF6, 0xF2, 0x76, 0x0F, 0xFF, 0x92, 0xF0, 0x99, 0x29, 0x09, 0x89, 0xF0, 0x92, 0x6D,
    0x0F, 0x66, 0xF6, 0xF4, 0x76, 0x0F, 0xFF, 0x49, 0xF0, 0x99, 0x29, 0x09, 0x89, 0xF0, 0x49, 0xB6,
    0x0F, 0x66, 0xF6, 0xF4, 0x76, 0x0F, 0xFF, 0x24, 0xF0, 0x99, 0x29, 0x09, 0x89, 0xF0, 0x24, 0xDB,
    0x0F, 0x66, 0xF6, 0xF4, 0x76, 0x0F, 0xFF, 0x92, 0xF0, 0x99, 0x29, 0x09, 0x89, 0xF0, 0x92, 0x6D,
    0x18, 0xC9, 0xEB, 0xEF, 0x6D, 0x1B, 0xFC, 0x30, 0xE7, 0x30, 0x50, 0x10, 0x93, 0xE6, 0x28, 0xC0,
    0x60, 0xF0, 0xE0, 0xC0, 0x80, 0x00, 0x00, 0x00, 0xB0, 0x00, 0x40, 0x80, 0x00, 0x00, 0x00, 0x00,
    0xFF, 0xFF, 0xFF, 0xFF, 0xFF, 0xFF, 0xFF, 0xFF, 0x00, 0x7C, 0xC6, 0xCE, 0xDE, 0xF6, 0xE6, 0x7C,
    0xFF, 0xFF, 0xFF, 0xFF, 0xFF, 0xFF, 0xFF, 0xFF, 0x00, 0x30, 0x70, 0x30, 0x30, 0x30, 0x30, 0x78,
    0xFF, 0xFF, 0xFF, 0xFF, 0xFF, 0xFF, 0xFF, 0xFF, 0x00, 0xF8, 0x0C, 0x0C, 0x38, 0x60, 0xC0, 0xFC,
    0xFF, 0xFF, 0xFF, 0xFF, 0xFF, 0xFF, 0xFF, 0xFF, 0x00, 0xF8, 0x0C, 0x0C, 0x38, 0x0C, 0x0C, 0xF8,
    0xFF, 0xFF, 0xFF, 0xFF, 0xFF, 0xFF, 0xFF, 0xFF, 0x00, 0x1C, 0x3C, 0x6C, 0xCC, 0xFE, 0x0C, 0x0C,
    0xFF, 0xFF, 0xFF, 0xFF, 0xFF, 0xFF, 0xFF, 0xFF, 0x00, 0xFC, 0xC0, 0xF8, 0x0C, 0x0C, 0x0C, 0xF8,
    0xFF, 0xFF, 0xFF, 0xFF, 0xFF, 0xFF, 0xFF, 0xFF, 0x00, 0x3C, 0x60, 0xC0, 0xF8, 0xCC, 0xCC, 0x78,
    0xFF, 0xFF, 0xFF, 0xFF, 0xFF, 0xFF, 0xFF, 0xFF, 0x00, 0xFC, 0x0C, 0x18, 0x30, 0x60, 0xC0, 0xC0,
    0xFF, 0xFF, 0xFF, 0xFF, 0xFF, 0xFF, 0xFF, 0xFF, 0x00, 0x78, 0xCC, 0xCC, 0x78, 0xCC, 0xCC, 0x78,
    0xFF, 0xFF, 0xFF, 0xFF, 0xFF, 0xFF, 0xFF, 0xFF, 0x00, 0x78, 0xCC, 0xCC, 0x7C, 0x0C, 0x0C, 0x78,
    0xFF, 0xFF, 0xFF, 0xFF, 0xFF, 0xFF, 0xFF, 0xFF, 0x00, 0x30, 0x78, 0xCC, 0xCC, 0xFC, 0xCC, 0xCC,
    0xFF, 0xFF, 0xFF, 0xFF, 0xFF, 0xFF, 0xFF, 0xFF, 0x00, 0xF8, 0xCC, 0xCC, 0xF8, 0xCC, 0xCC, 0xF8,
    0xFF, 0xFF, 0xFF, 0xFF, 0xFF, 0xFF, 0xFF, 0xFF, 0x00, 0x7C, 0xC0, 0xC0, 0xC0, 0xC0, 0xC0, 0x7C,
    0xFF, 0xFF, 0xFF, 0xFF, 0xFF, 0xFF, 0xFF, 0xFF, 0x00, 0xF8, 0xCC, 0xCC, 0xCC, 0xCC, 0xCC, 0xF8,
    0xFF, 0xFF, 0xFF, 0xFF, 0xFF, 0xFF, 0xFF, 0xFF, 0x00, 0xFC, 0xC0, 0xC0, 0xF8, 0xC0, 0xC0, 0xFC,
    0xFF, 0xFF, 0xFF, 0xFF, 0xFF, 0xFF, 0xFF, 0xFF, 0x00, 0xFC, 0xC0, 0xC0, 0xF8, 0xC0, 0xC0, 0xC0,
    0xFF, 0xFF, 0xFF, 0xFF, 0xFF, 0xFF, 0xFF, 0xFF, 0x00, 0x7C, 0xC0, 0xC0, 0xC0, 0xDC, 0xCC, 0x7C,
    0xFF, 0xFF, 0xFF, 0xFF, 0xFF, 0xFF, 0xFF, 0xFF, 0x00, 0xCC, 0xCC, 0xCC, 0xFC, 0xCC, 0xCC, 0xCC,
    0xFF, 0xFF, 0xFF, 0xFF, 0xFF, 0xFF, 0xFF, 0xFF, 0x00, 0x78, 0x30, 0x30, 0x30, 0x30, 0x30, 0x78,
    0xFF, 0xFF, 0xFF, 0xFF, 0xFF, 0xFF, 0xFF, 0xFF, 0x00, 0x1E, 0x0C, 0x0C, 0x0C, 0x0C, 0x0C, 0xF8,
    0xFF, 0xFF, 0xFF, 0xFF, 0xFF, 0xFF, 0xFF, 0xFF, 0x00, 0xC6, 0xCC, 0xD8, 0xF0, 0xD8, 0xCC, 0xC6,
    0xFF, 0xFF, 0xFF, 0xFF, 0xFF, 0xFF, 0xFF, 0xFF, 0x00, 0xC0, 0xC0, 0xC0, 0xC0, 0xC0, 0xC0, 0xFC,
    0xFF, 0xFF, 0xFF, 0xFF, 0xFF, 0xFF, 0xFF, 0xFF, 0x00, 0xC6, 0xEE, 0xFE, 0xD6, 0xC6, 0xC6, 0xC6,
    0xFF, 0xFF, 0xFF, 0xFF, 0xFF, 0xFF, 0xFF, 0xFF, 0x00, 0xC6, 0xE6, 0xF6, 0xDE, 0xCE, 0xC6, 0xC6,
    0xFF, 0xFF, 0xFF, 0xFF, 0xFF, 0xFF, 0xFF, 0xFF, 0x00, 0x78, 0xCC, 0xCC, 0xCC, 0xCC, 0xCC, 0x78,
    0xFF, 0xFF, 0xFF, 0xFF, 0xFF, 0xFF, 0xFF, 0xFF, 0x00, 0xF8, 0xCC, 0xCC, 0xF8, 0xC0, 0xC0, 0xC0,
    0xFF, 0xFF, 0xFF, 0xFF, 0xFF, 0xFF, 0xFF, 0xFF, 0x00, 0x78, 0xCC, 0xCC, 0xCC, 0xCC, 0xD8, 0x6C,
    0xFF, 0xFF, 0xFF, 0xFF, 0xFF, 0xFF, 0xFF, 0xFF, 0x00, 0xF8, 0xCC, 0xCC, 0xF8, 0xF0, 0xD8, 0xCC,
    0xFF, 0xFF, 0xFF, 0xFF, 0xFF, 0xFF, 0xFF, 0xFF, 0x00, 0x7C, 0xC0, 0xC0, 0x78, 0x0C, 0x0C, 0xF8,
    0xFF, 0xFF, 0xFF, 0xFF, 0xFF, 0xFF, 0xFF, 0xFF, 0x00, 0xFC, 0x30, 0x30, 0x30, 0x30, 0x30, 0x30,
    0xFF, 0xFF, 0xFF, 0xFF, 0xFF, 0xFF, 0xFF, 0xFF, 0x00, 0xCC, 0xCC, 0xCC, 0xCC, 0xCC, 0xCC, 0x7C,
    0xFF, 0xFF, 0xFF, 0xFF, 0xFF, 0xFF, 0xFF, 0xFF, 0x00, 0xCC, 0xCC, 0xCC, 0xCC, 0xCC, 0x78, 0x30,
    0xFF, 0xFF, 0xFF, 0xFF, 0xFF, 0xFF, 0xFF, 0xFF, 0x00, 0xC6, 0xC6, 0xC6, 0xD6, 0xFE, 0xEE, 0xC6,
    0xFF, 0xFF, 0xFF, 0xFF, 0xFF, 0xFF, 0xFF, 0xFF, 0x00, 0xC6, 0xC6, 0x6C, 0x38, 0x6C, 0xC6, 0xC6,
    0xFF, 0xFF, 0xFF, 0xFF, 0xFF, 0xFF, 0xFF, 0xFF, 0x00, 0xCC, 0xCC, 0xCC, 0x7C, 0x0C, 0x0C, 0xF8,
    0xFF, 0xFF, 0xFF, 0xFF, 0xFF, 0xFF, 0xFF, 0xFF, 0x00, 0xFE, 0x0C, 0x18, 0x30, 0x60, 0xC0, 0xFE,
    0xFF, 0xFF, 0xFF, 0xFF, 0xFF, 0xFF, 0xFF, 0xFF, 0x00, 0x00, 0x00, 0x00, 0x00, 0x30, 0x30, 0x10,
    0xFF, 0xFF, 0xFF, 0xFF, 0xFF, 0xFF, 0xFF, 0xFF, 0x00, 0x00, 0x00, 0x00, 0x00, 0x00, 0x30, 0x30,
    0xFF, 0xFF, 0xFF, 0xFF, 0xFF, 0xFF, 0xFF, 0xFF, 0x00, 0x00, 0x00, 0x18, 0x18, 0x00, 0x00, 0x00,
    0xFF, 0xFF, 0xFF, 0xFF, 0xFF, 0xFF, 0xFF, 0xFF, 0x00, 0x00, 0x00, 0x3C, 0x00, 0x00, 0x00, 0x00,
    0x00, 0x00, 0x00, 0x00, 0x00, 0x00, 0x00, 0x00, 0x00, 0x00, 0x00, 0x00, 0x7F, 0x00, 0x00, 0x00,
    0x10, 0x10, 0x54, 0x44, 0x7C, 0x7C, 0x00, 0x00, 0x10, 0x10, 0x54, 0x44, 0x7C, 0x7C, 0x00, 0x00,
    0x04, 0x68, 0xD0, 0xC8, 0x78, 0x30, 0x00, 0x00, 0x04, 0x68, 0xD0, 0xC8, 0x78, 0x30, 0x00, 0x00,
    0x00, 0xF0, 0xC0, 0xDC, 0xC0, 0xF0, 0x00, 0x00, 0x00, 0xF0, 0xC0, 0xDC, 0xC0, 0xF0, 0x00, 0x00,
    0xF7, 0x87, 0x17, 0xF0, 0xE7, 0xDB, 0xBD, 0x7E, 0x08, 0x78, 0xE8, 0x0F, 0x18, 0x24, 0x42, 0x81,
    0xFF, 0xFF, 0xFF, 0x0F, 0xF7, 0xBB, 0xDD, 0xFE, 0x00, 0x00, 0x00, 0xF0, 0x08, 0x44, 0x22, 0x01,
    0x00, 0x7E, 0x7E, 0x42, 0x5A, 0x5A, 0x5A, 0x18, 0xFF, 0x81, 0x81, 0xBD, 0xA5, 0xA5, 0xA5, 0xE7,
    0x00, 0xFE, 0xFE, 0xFE, 0xFE, 0xFE, 0xFE, 0x00, 0xFF, 0x01, 0x01, 0x01, 0x01, 0x01, 0x01, 0xFF,
    0xFF, 0xFF, 0xFF, 0xFE, 0xFE, 0xC6, 0x38, 0x44, 0x00, 0x00, 0x00, 0x01, 0x01, 0x39, 0xC7, 0xBB,
    0xFF, 0xC7, 0x39, 0xFE, 0x38, 0xC6, 0xFE, 0xFE, 0x00, 0x38, 0xC6, 0x01, 0xC7, 0x39, 0x01, 0x01,
    0x7C, 0x7C, 0x7C, 0x7C, 0x7C, 0xBB, 0xC7, 0xFF, 0x83, 0x83, 0x83, 0x83, 0x83, 0x44, 0x38, 0x00,
    0xFE, 0xFE, 0xFE, 0xFE, 0xFE, 0x39, 0xC7, 0xFF, 0x01, 0x01, 0x01, 0x01, 0x01, 0xC6, 0x38, 0x00,
    0xFE, 0xFC, 0xFD, 0xF5, 0xC0, 0xEB, 0xF1, 0xFB, 0x01, 0x03, 0x02, 0x0A, 0x3F, 0x14, 0x0E, 0x04,
    0xFF, 0x7F, 0x7F, 0x5F, 0x07, 0xAF, 0x1F, 0xBF, 0x00, 0x80, 0x80, 0xA0, 0xF8, 0x50, 0xE0, 0x40,
    0xF5, 0xF6, 0xF5, 0xF3, 0xED, 0xEE, 0xED, 0xCB, 0x0A, 0x09, 0x0A, 0x0C, 0x12, 0x11, 0x12, 0x34,
    0x5F, 0xDF, 0x5F, 0x9F, 0x6F, 0xEF, 0x6F, 0xA7, 0xA0, 0x20, 0xA0, 0x60, 0x90, 0x10, 0x90, 0x58,
    0xFF, 0xFF, 0xFE, 0xF8, 0xFF, 0xFF, 0xFF, 0xC7, 0x00, 0x00, 0x01, 0x07, 0x00, 0x00, 0x10, 0x38,
    0xFF, 0xFF, 0x3F, 0x0F, 0xFF, 0xFF, 0xFF, 0xFF, 0x00, 0x80, 0xC0, 0xF0, 0x00, 0x00, 0x00, 0x00,
    0x01, 0xFF, 0xFF, 0xFF, 0xF1, 0xC0, 0xFF, 0xFF, 0xFE, 0x00, 0x00, 0x04, 0x0E, 0x3F, 0x00, 0x00,
    0xFF, 0xFF, 0xE3, 0x80, 0xFF, 0x7F, 0xFF, 0xFF, 0x00, 0x08, 0x1C, 0x7F, 0x00, 0x80, 0x00, 0x00,
    0xFC, 0xFC, 0xFE, 0xFE, 0xFF, 0xCF, 0xC2, 0xC1, 0x03, 0x03, 0x01, 0x01, 0x00, 0x30, 0x3D, 0x3E,
    0x1F, 0x1F, 0x3F, 0x3F, 0x7F, 0x79, 0xA1, 0xC1, 0xE0, 0xE0, 0xC0, 0xC0, 0x80, 0x86, 0x5E, 0x3E,
    0xC2, 0xCF, 0xFF, 0xFE, 0xFE, 0xFC, 0xFC, 0xFF, 0x3D, 0x30, 0x00, 0x01, 0x01, 0x03, 0x03, 0x00,
    0xA1, 0x79, 0x7F, 0x3F, 0x3F, 0x1F, 0x1F, 0xFF, 0x5E, 0x86, 0x80, 0xC0, 0xC0, 0xE0, 0xE0, 0x00,
    0xFF, 0xC1, 0xDD, 0xDD, 0xD5, 0xC1, 0xF7, 0xF7, 0x00, 0x3E, 0x22, 0x22, 0x2A, 0x3E, 0x08, 0x08,
    0xFF, 0xF7, 0xB6, 0xD5, 0xE3, 0xE3, 0xD5, 0xBE, 0x00, 0x08, 0x49, 0x2A, 0x1C, 0x1C, 0x2A, 0x41,
    0x00, 0x00, 0x00, 0x00, 0x00, 0x00, 0x00, 0x00, 0x00, 0x00, 0x00, 0x00, 0x00, 0x01, 0x03, 0x07,
    0x00, 0x00, 0x00, 0x00, 0x00, 0x00, 0x00, 0x00, 0x07, 0x1F, 0x3F, 0x7F, 0xFF, 0xFF, 0xFF, 0xFF,
    0x00, 0x00, 0x00, 0x00, 0x00, 0x00, 0x00, 0x00, 0xFF, 0xFF, 0xFF, 0xFF, 0xFF, 0xFF, 0xFF, 0xFF,
    0x00, 0x00, 0x00, 0x00, 0x00, 0x00, 0x00, 0x00, 0xF0, 0xFC, 0xFE, 0xFF, 0xFF, 0xFF, 0xFF, 0xFF,
    0x00, 0x00, 0x00, 0x00, 0x00, 0x00, 0x00, 0x00, 0x00, 0x00, 0x00, 0x00, 0x80, 0xC0, 0xE0, 0xF0,
    0x00, 0x00, 0x00, 0x00, 0x00, 0x00, 0x00, 0x07, 0x00, 0x00, 0x00, 0x00, 0x00, 0x01, 0x03, 0x07,
    0x00, 0x00, 0x00, 0x00, 0x00, 0x00, 0x00, 0xFF, 0x0F, 0x1F, 0x3F, 0x7F, 0xFF, 0xFF, 0xFF, 0xFF,
    0x00, 0x00, 0x00, 0x00, 0x00, 0x00, 0x00, 0xFF, 0xFF, 0xFF, 0xFF, 0xFF, 0xFF, 0xFF, 0xFF, 0xFF,
    0x00, 0x00, 0x00, 0x00, 0x00, 0x00, 0x00, 0xFC, 0xFF, 0xFF, 0xFF, 0xFF, 0xFF, 0xFF, 0xFF, 0xFF,
    0x00, 0x00, 0x03, 0x07, 0x0C, 0x08, 0x10, 0x10, 0xEF, 0xDF, 0xBF, 0xBF, 0x7F, 0x7F, 0x7E, 0x7C,
    0x00, 0xFF, 0xFF, 0x00, 0x00, 0x00, 0x00, 0x00, 0xFF, 0xFF, 0xFF, 0xFF, 0xFF, 0x00, 0x00, 0x00,
    0x00, 0x80, 0xE0, 0x70, 0x18, 0x08, 0x04, 0x04, 0xF8, 0xFC, 0xFE, 0xFE, 0xFF, 0x7F, 0x3F, 0x1F,
    0x00, 0x00, 0x00, 0x00, 0x00, 0x00, 0x00, 0x00, 0x0F, 0x0F, 0x0F, 0x0F, 0x0F, 0x0F, 0x0F, 0x0F,
    0x00, 0x00, 0x00, 0x00, 0x00, 0x00, 0x00, 0x00, 0x7C, 0x7C, 0x7C, 0x7C, 0x7C, 0x7C, 0x7C, 0x7C,
    0x00, 0x00, 0x03, 0x07, 0x0C, 0x08, 0x10, 0x10, 0x07, 0x1F, 0x3F, 0x3F, 0x7F, 0x7F, 0x7E, 0x7C,
    0x04, 0xF7, 0xF7, 0x00, 0x00, 0x00, 0x00, 0x00, 0xF7, 0xF7, 0xF7, 0xF7, 0xF7, 0x00, 0x00, 0x00,
    0x00, 0x00, 0x00, 0x00, 0x00, 0x00, 0x00, 0x00, 0x1F, 0x1F, 0x1F, 0x1F, 0x1F, 0x1F, 0x1F, 0x1F,
    0x00, 0x24, 0x35, 0x3D, 0x2D, 0x25, 0x00, 0x00, 0xFF, 0xFF, 0xFF, 0xFF, 0xFF, 0xFF, 0xFF, 0xFF,
    0x00, 0xC9, 0x29, 0xEF, 0x26, 0x26, 0x00, 0x00, 0xFF, 0xFF, 0xFF, 0xFF, 0xFF, 0xFF, 0xFF, 0xFF,
    0x00, 0x3B, 0x41, 0x31, 0x09, 0x71, 0x00, 0x00, 0xFF, 0xFF, 0xFF, 0xFF, 0xFF, 0xFF, 0xFF, 0xFF,
    0x00, 0x99, 0x25, 0x3D, 0x25, 0x25, 0x00, 0x00, 0xFF, 0xFF, 0xFF, 0xFF, 0xFF, 0xFF, 0xFF, 0xFF,
    0x00, 0xC0, 0x20, 0xE0, 0x40, 0x20, 0x00, 0x00, 0xFF, 0xFF, 0xFF, 0xFF, 0xFF, 0xFF, 0xFF, 0xFF,
    0x00, 0x00, 0x00, 0x00, 0x00, 0x00, 0x00, 0x0F, 0x0F, 0x0F, 0x0F, 0x0F, 0x0F, 0x0F, 0x00, 0x0F,
    0x00, 0x00, 0x00, 0x00, 0x00, 0x00, 0x00, 0xFF, 0xFF, 0xFF, 0xFF, 0xFF, 0xFF, 0xFF, 0x00, 0xFF,
    0x00, 0x00, 0x00, 0x25, 0x25, 0x25, 0x25, 0x19, 0xFF, 0xFF, 0xFF, 0xFF, 0xFF, 0xFF, 0xFF, 0xFF,
    0x00, 0x00, 0x00, 0xE0, 0x20, 0xE0, 0x00, 0x00, 0xFF, 0xFF, 0xFF, 0xFF, 0xFF, 0xFF, 0xFF, 0xFF,
    0x00, 0x00, 0x00, 0x43, 0x41, 0x41, 0x41, 0x7B, 0xFF, 0xFF, 0xFF, 0xFF, 0xFF, 0xFF, 0xFF, 0xFF,
    0x00, 0x00, 0x00, 0xA5, 0x35, 0x3D, 0x2D, 0xA5, 0xFF, 0xFF, 0xFF, 0xFF, 0xFF, 0xFF, 0xFF, 0xFF,
    0x00, 0x00, 0x00, 0x20, 0x40, 0x80, 0x40, 0x20, 0xFF, 0xFF, 0xFF, 0xFF, 0xFF, 0xFF, 0xFF, 0xFF,
    0x00, 0x00, 0x7F, 0x7F, 0x7F, 0x7F, 0x00, 0x00, 0xFF, 0xFF, 0xFE, 0xFE, 0xFE, 0x80, 0xFF, 0xFF,
    0x00, 0x00, 0x00, 0x01, 0x01, 0x01, 0x01, 0x01, 0x0F, 0x0F, 0x0F, 0x0F, 0x0F, 0x0F, 0x0F, 0x0F,
    0x00, 0x00, 0x00, 0xC6, 0x29, 0x29, 0x29, 0xC6, 0xFF, 0xFF, 0xFF, 0xFF, 0xFF, 0xFF, 0xFF, 0xFF,
    0x00, 0x00, 0x00, 0x4A, 0x4B, 0x7B, 0x7A, 0x4A, 0xFF, 0xFF, 0xFF, 0xFF, 0xFF, 0xFF, 0xFF, 0xFF,
    0x00, 0x00, 0x00, 0x50, 0x50, 0xD0, 0xD0, 0x5E, 0xFF, 0xFF, 0xFF, 0xFF, 0xFF, 0xFF, 0xFF, 0xFF,
    0x00, 0x00, 0x00, 0x63, 0x94, 0x97, 0x94, 0x64, 0xFF, 0xFF, 0xFF, 0xFF, 0xFF, 0xFF, 0xFF, 0xFF,
    0x00, 0x00, 0x00, 0x38, 0xA4, 0xA4, 0xA4, 0xB8, 0xFF, 0xFF, 0xFF, 0xFF, 0xFF, 0xFF, 0xFF, 0xFF,
    0x00, 0x00, 0x00, 0x71, 0x4A, 0x4B, 0x4A, 0x72, 0xFF, 0xFF, 0xFF, 0xFF, 0xFF, 0xFF, 0xFF, 0xFF,
    0x00, 0x00, 0x00, 0x9C, 0x49, 0xC9, 0x49, 0x49, 0xFF, 0xFF, 0xFF, 0xFF, 0xFF, 0xFF, 0xFF, 0xFF,
    0x00, 0x00, 0x00, 0xC0, 0x20, 0xE0, 0x20, 0x20, 0xFF, 0xFF, 0xFF, 0xFF, 0xFF, 0xFF, 0xFF, 0xFF,
    0x00, 0x00, 0x00, 0x00, 0x00, 0x00, 0x00, 0x00, 0x00, 0x00, 0x00, 0x00, 0x00, 0x00, 0xF7, 0x00,
    0x00, 0x00, 0x00, 0x00, 0x00, 0x00, 0x00, 0x00, 0x00, 0x00, 0x00, 0x00, 0x00, 0x00, 0xFF, 0x00,
    0x00, 0x00, 0x00, 0x04, 0x03, 0x00, 0x00, 0x00, 0x7E, 0x7F, 0x7F, 0x3F, 0x3F, 0x1F, 0x07, 0x00,
    0x00, 0x00, 0x00, 0x04, 0xF7, 0x04, 0x00, 0x00, 0xF7, 0x00, 0xF7, 0xF7, 0xF7, 0xF7, 0xF7, 0x00,
    0x00, 0x00, 0x00, 0x00, 0xFF, 0x00, 0x00, 0x00, 0xFF, 0x00, 0xFF, 0xFF, 0xFF, 0xFF, 0xFF, 0x00,
    0x00, 0x00, 0x00, 0x10, 0xE0, 0x00, 0x00, 0x00, 0xBF, 0x7F, 0xFF, 0xFE, 0xFE, 0xFC, 0xF0, 0x00,
    0x00, 0x00, 0x00, 0x00, 0x00, 0x00, 0x00, 0x00, 0x7E, 0x3F, 0x3F, 0x1F, 0x07, 0x00, 0x00, 0x00,
    0x00, 0x00, 0x00, 0x00, 0x00, 0x00, 0x00, 0x00, 0x00, 0x00, 0xFF, 0xFF, 0xFF, 0x00, 0x00, 0x00,
    0x00, 0x00, 0x00, 0x00, 0x00, 0x00, 0x00, 0x00, 0x3F, 0x7E, 0xFE, 0xFC, 0xF0, 0x00, 0x00, 0x00,
    0x00, 0x00, 0x00, 0x00, 0x00, 0x00, 0x00, 0x00, 0x00, 0x00, 0x00, 0x00, 0x00, 0x00, 0x00, 0x00,
    0x00, 0x00, 0x00, 0x00, 0x00, 0x00, 0x00, 0x00, 0x00, 0x00, 0x00, 0x00, 0x00, 0x00, 0x00, 0x00,
    0x00, 0x00, 0x00, 0x00, 0x00, 0x00, 0x00, 0x00, 0x00, 0x00, 0x00, 0x00, 0x00, 0x00, 0x00, 0x00,
    0x00, 0x00, 0x00, 0x00, 0x00, 0x00, 0x00, 0x00, 0x00, 0x00, 0x00, 0x00, 0x00, 0x00, 0x00, 0x00,
    0x00, 0x00, 0x00, 0x00, 0x00, 0x00, 0x00, 0x00, 0x00, 0x00, 0x00, 0x00, 0x00, 0x00, 0x00, 0x00,
    0x00, 0x00, 0x00, 0x00, 0x00, 0x00, 0x00, 0x00, 0x00, 0x00, 0x00, 0x00, 0x00, 0x00, 0x00, 0x00,
    0x00, 0x00, 0x00, 0x00, 0x00, 0x00, 0x00, 0x00, 0x00, 0x00, 0x00, 0x00, 0x00, 0x00, 0x00, 0x00,
    0x00, 0x00, 0x00, 0x00, 0x00, 0x00, 0x00, 0x00, 0x00, 0x00, 0x00, 0x00, 0x00, 0x00, 0x00, 0x00,
    0x00, 0x00, 0x00, 0x00, 0x00, 0x00, 0x00, 0x00, 0x00, 0x00, 0x00, 0x00, 0x00, 0x00, 0x00, 0x00,
    0x00, 0x00, 0x00, 0x00, 0x00, 0x00, 0x00, 0x00, 0x00, 0x00, 0x00, 0x00, 0x00, 0x00, 0x00, 0x00,
    0x00, 0x00, 0x00, 0x00, 0x00, 0x00, 0x00, 0x00, 0x00, 0x00, 0x00, 0x00, 0x00, 0x00, 0x00, 0x00,
    0x00, 0x00, 0x00, 0x00, 0x00, 0x00, 0x00, 0x00, 0x00, 0x00, 0x00, 0x00, 0x00, 0x00, 0x00, 0x00,
    0x00, 0x00, 0x00, 0x00, 0x00, 0x00, 0x00, 0x00, 0x00, 0x00, 0x00, 0x00, 0x00, 0x00, 0x00, 0x00,
    0x00, 0x00, 0x00, 0x00, 0x00, 0x00, 0x00, 0x00, 0x00, 0x00, 0x00, 0x00, 0x00, 0x00, 0x00, 0x00,
    0x00, 0x00, 0x00, 0x00, 0x00, 0x00, 0x00, 0x00, 0x00, 0x00, 0x00, 0x00, 0x00, 0x00, 0x00, 0x00,
}
-- 数据已全部加载到 _G.WowFC_ROM_DATA。
-- 游戏内直接通过 _G.WowFC_ROM_DATA[filename] 取用（见 WowFC.lua:ReadROMFile）。
